0,0,1.9485182672965675,0.0194163646824131,0.0,1.0,1.0,1.0,0.0,0.0
1,0,1.9705954822971536,7.060453232714592,0.0,1.0,0.0,0.0,0.0,1.0
2,0,4.96848771523886,10.938173220027286,0.0,0.0,0.0,0.0,1.0,0.0
3,0,2.930575616588753,12.0,1.0,0.0,0.0,1.0,0.0,1.0
4,0,4.007139253776479,11.99870796391964,0.0,0.0,0.0,0.0,1.0,1.0
5,0,11.0332821415902,0.9916047713992048,0.0,1.0,0.0,0.0,1.0,0.0
6,0,2.98088554060826,0.0326555848021033,0.0,1.0,0.0,0.0,1.0,0.0
7,0,6.954150917504391,10.987942501140155,1.0,0.0,1.0,0.0,1.0,0.0
8,0,0.9527884656100708,5.031757242355666,1.0,0.0,0.0,0.0,0.0,1.0
9,0,2.06228469726841,0.9882037505009824,0.0,0.0,1.0,1.0,1.0,1.0
10,0,10.041907347280056,1.0385864090527952,1.0,0.0,0.0,0.0,0.0,1.0
11,0,0.0480883986139454,10.031152328046437,1.0,0.0,0.0,0.0,0.0,1.0
12,0,3.05077267312387,10.965295118503088,0.0,0.0,0.0,0.0,0.0,1.0
13,0,4.951413248180435,0.0,1.0,1.0,1.0,0.0,0.0,1.0
14,0,6.03844217325294,8.052133835595068,0.0,0.0,0.0,0.0,0.0,1.0
0,5,1.9076583468092847,0.0328796940383749,0.0,1.0,1.0,1.0,0.0,0.0
1,5,1.9475384980297772,7.106868895659113,0.0,1.0,0.0,0.0,0.0,1.0
2,5,4.933283654584339,10.876382833259536,0.0,0.0,0.0,0.0,1.0,0.0
3,5,2.870446338814706,12.0,1.0,0.0,0.0,1.0,0.0,1.0
4,5,4.008366476458378,11.998440938965915,0.0,0.0,0.0,0.0,1.0,1.0
5,5,11.067827149778791,0.9834854640656314,0.0,1.0,0.0,0.0,1.0,0.0
6,5,2.9569140225273025,0.0721620520891992,0.0,1.0,0.0,0.0,1.0,0.0
7,5,6.91652275083407,10.977103789335937,1.0,0.0,1.0,0.0,1.0,0.0
8,5,0.9212995362628816,5.0533877198808765,1.0,0.0,0.0,0.0,0.0,1.0
9,5,2.1266515031116917,0.9753366640900356,0.0,0.0,1.0,1.0,1.0,1.0
10,5,10.095510848887905,1.0871254912331234,1.0,0.0,0.0,0.0,0.0,1.0
11,5,0.0908129103441459,10.060379950715252,1.0,0.0,0.0,0.0,0.0,1.0
12,5,3.1193603584037053,10.92059225878606,0.0,0.0,0.0,0.0,0.0,1.0
13,5,4.903575477002312,0.0,1.0,1.0,1.0,0.0,0.0,1.0
14,5,6.098191268383657,8.13342745768876,0.0,0.0,0.0,0.0,0.0,1.0
0,10,1.866811628684068,0.0469880722833775,0.0,1.0,1.0,1.0,0.0,0.0
1,10,1.9128932353270511,7.176673703681822,0.0,1.0,0.0,0.0,0.0,1.0
2,10,4.901073005640181,10.822846256729804,0.0,0.0,0.0,0.0,1.0,0.0
3,10,2.8117325995819304,12.0,1.0,0.0,0.0,1.0,0.0,1.0
4,10,4.018110901700895,11.99643149621737,0.0,0.0,0.0,0.0,1.0,1.0
5,10,11.091599472588744,0.977511020321375,0.0,1.0,0.0,0.0,1.0,0.0
6,10,2.9271295670396307,0.1201117773736191,0.0,1.0,0.0,0.0,1.0,0.0
7,10,6.889764745664993,10.969350610825112,1.0,0.0,1.0,0.0,1.0,0.0
8,10,0.900870419280149,5.067779258324911,1.0,0.0,0.0,0.0,0.0,1.0
9,10,2.1845909078930115,0.96187789741675,0.0,0.0,1.0,1.0,1.0,1.0
10,10,10.139893154170402,1.1292936854579878,1.0,0.0,0.0,0.0,0.0,1.0
11,10,0.1255482095612813,10.084675705724422,1.0,0.0,0.0,0.0,0.0,1.0
12,10,3.1961549325715937,10.872541494932968,0.0,0.0,0.0,0.0,0.0,1.0
13,10,4.839498958262734,0.0,1.0,1.0,1.0,0.0,0.0,1.0
14,10,6.161222194199372,8.218452267553793,0.0,0.0,0.0,0.0,0.0,1.0
0,15,1.8324075116040937,0.0586160909755941,0.0,1.0,1.0,1.0,0.0,0.0
1,15,1.8819911751795555,7.237256964849048,0.0,1.0,0.0,0.0,0.0,1.0
2,15,4.867043712022761,10.765590224072495,0.0,0.0,0.0,0.0,1.0,0.0
3,15,2.772425789323864,12.0,1.0,0.0,0.0,1.0,0.0,1.0
4,15,4.037071285845963,11.992838233458508,0.0,0.0,0.0,0.0,1.0,1.0
5,15,11.123371646468565,0.9700582257321134,0.0,1.0,0.0,0.0,1.0,0.0
6,15,2.888594267161888,0.1800398808918998,0.0,1.0,0.0,0.0,1.0,0.0
7,15,6.844995138999299,10.956470303520591,1.0,0.0,1.0,0.0,1.0,0.0
8,15,0.8893135685824599,5.075788870307337,1.0,0.0,0.0,0.0,0.0,1.0
9,15,2.2526150680913224,0.945146111138248,0.0,0.0,1.0,1.0,1.0,1.0
10,15,10.199529782858871,1.1846106278962838,1.0,0.0,0.0,0.0,0.0,1.0
11,15,0.1578485845787819,10.106023437176678,1.0,0.0,0.0,0.0,0.0,1.0
12,15,3.2812760686424958,10.81679652860085,0.0,0.0,0.0,0.0,0.0,1.0
13,15,4.771279676868045,0.0,1.0,1.0,1.0,0.0,0.0,1.0
14,15,6.238403075907473,8.324767680693581,0.0,0.0,0.0,0.0,0.0,1.0
0,20,1.8050467947926336,0.0679873130855623,0.0,1.0,1.0,1.0,0.0,0.0
1,20,1.8600487448415004,7.277509189786829,0.0,1.0,0.0,0.0,0.0,1.0
2,20,4.842257315986351,10.721794537799267,0.0,0.0,0.0,0.0,1.0,0.0
3,20,2.7337269540482563,12.0,1.0,0.0,0.0,1.0,0.0,1.0
4,20,4.036849981660647,11.992877965611498,0.0,0.0,0.0,0.0,1.0,1.0
5,20,11.17195643080924,0.960452031303702,0.0,1.0,0.0,0.0,1.0,0.0
6,20,2.844284288640279,0.248205106461679,0.0,1.0,0.0,0.0,1.0,0.0
7,20,6.784336581709705,10.941424352435096,1.0,0.0,1.0,0.0,1.0,0.0
8,20,0.8728349549685905,5.086746828844852,1.0,0.0,0.0,0.0,0.0,1.0
9,20,2.3296845242669657,0.9258387015430408,0.0,0.0,1.0,1.0,1.0,1.0
10,20,10.262880783849708,1.240540833311607,1.0,0.0,0.0,0.0,0.0,1.0
11,20,0.1793016004793988,10.119917133536037,1.0,0.0,0.0,0.0,0.0,1.0
12,20,3.368503562212488,10.758463460419952,0.0,0.0,0.0,0.0,0.0,1.0
13,20,4.69696025208772,0.0,1.0,1.0,1.0,0.0,0.0,1.0
14,20,6.3018676059493215,8.415459670199148,0.0,0.0,0.0,0.0,0.0,1.0
0,25,1.7633904220261327,0.084498840735727,0.0,1.0,1.0,1.0,0.0,0.0
1,25,1.8413277814358648,7.312851768319524,0.0,1.0,0.0,0.0,0.0,1.0
2,25,4.817570901722502,10.680526937794513,0.0,0.0,0.0,0.0,1.0,0.0
3,25,2.7024675397413773,12.0,1.0,0.0,0.0,1.0,0.0,1.0
4,25,4.026825098761713,11.994693830320095,0.0,0.0,0.0,0.0,1.0,1.0
5,25,11.22792995169948,0.9482418585710438,0.0,1.0,0.0,0.0,1.0,0.0
6,25,2.786557919455767,0.3330973171512417,0.0,1.0,0.0,0.0,1.0,0.0
7,25,6.726430901289557,10.92720455112478,1.0,0.0,1.0,0.0,1.0,0.0
8,25,0.864763009161038,5.091972312750628,1.0,0.0,0.0,0.0,0.0,1.0
9,25,2.3852317892529507,0.9105373588104928,0.0,0.0,1.0,1.0,1.0,1.0
10,25,10.341973279073237,1.3093121128549126,1.0,0.0,0.0,0.0,0.0,1.0
11,25,0.1952577331102153,10.129960662303,1.0,0.0,0.0,0.0,0.0,1.0
12,25,3.449685937036014,10.706625814025028,0.0,0.0,0.0,0.0,0.0,1.0
13,25,4.626946023049817,0.0,1.0,1.0,1.0,0.0,0.0,1.0
14,25,6.353910229556504,8.486705448499542,0.0,0.0,0.0,0.0,0.0,1.0
0,30,1.7833670920502598,0.1345207794485432,0.0,1.0,1.0,1.0,0.0,0.0
1,30,1.823281620220804,7.345431894657561,0.0,1.0,0.0,0.0,0.0,1.0
2,30,4.792840097741241,10.63689841621208,0.0,0.0,0.0,0.0,1.0,0.0
3,30,2.6860160763354477,12.0,1.0,0.0,0.0,1.0,0.0,1.0
4,30,4.010642784374689,11.99741546057197,0.0,0.0,0.0,0.0,1.0,1.0
5,30,11.279961849846396,0.939443718998453,0.0,1.0,0.0,0.0,1.0,0.0
6,30,2.721635816677948,0.4257052497111969,0.0,1.0,0.0,0.0,1.0,0.0
7,30,6.646247759600701,10.906981918665638,1.0,0.0,1.0,0.0,1.0,0.0
8,30,0.8360189829744578,5.110300157336364,1.0,0.0,0.0,0.0,0.0,1.0
9,30,2.4556338495856505,0.888140797743118,0.0,0.0,1.0,1.0,1.0,1.0
10,30,10.41192828259107,1.3726094044712,1.0,0.0,0.0,0.0,0.0,1.0
11,30,0.2495407221213766,10.164807688377088,1.0,0.0,0.0,0.0,0.0,1.0
12,30,3.521864165720153,10.659944817301298,0.0,0.0,0.0,0.0,0.0,1.0
13,30,4.54318148129112,0.0,1.0,1.0,1.0,0.0,0.0,1.0
14,30,6.400786291064656,8.549796594671516,0.0,0.0,0.0,0.0,0.0,1.0
0,35,1.803422449193952,0.1828827622915703,0.0,1.0,1.0,1.0,0.0,0.0
1,35,1.8025701095883448,7.3827475487031,0.0,1.0,0.0,0.0,0.0,1.0
2,35,4.764320869227849,10.586714124898595,0.0,0.0,0.0,0.0,1.0,0.0
3,35,2.657077095428264,12.0,1.0,0.0,0.0,1.0,0.0,1.0
4,35,4.0074031336796825,11.998035250319807,0.0,0.0,0.0,0.0,1.0,1.0
5,35,11.3042779497212,0.9349957027112962,0.0,1.0,0.0,0.0,1.0,0.0
6,35,2.665453852239009,0.5070553974647722,0.0,1.0,0.0,0.0,1.0,0.0
7,35,6.552220006617047,10.881671514329293,1.0,0.0,1.0,0.0,1.0,0.0
8,35,0.7899015240572493,5.140497078734772,1.0,0.0,0.0,0.0,0.0,1.0
9,35,2.4847528537835584,0.8780063088736398,0.0,0.0,1.0,1.0,1.0,1.0
10,35,10.48637513194163,1.4411930534910764,1.0,0.0,0.0,0.0,0.0,1.0
11,35,0.308881316426666,10.200908702859806,1.0,0.0,0.0,0.0,0.0,1.0
12,35,3.583424182778338,10.621889464722935,0.0,0.0,0.0,0.0,0.0,1.0
13,35,4.43356215456757,0.0,1.0,1.0,1.0,0.0,0.0,1.0
14,35,6.4372082674554045,8.598209758117203,0.0,0.0,0.0,0.0,0.0,1.0
0,40,1.825064753545989,0.2353277487579807,0.0,1.0,1.0,1.0,0.0,0.0
1,40,1.7770431547492394,7.429484204740264,0.0,1.0,0.0,0.0,0.0,1.0
2,40,4.725845809495788,10.524957704847806,0.0,0.0,0.0,0.0,1.0,0.0
3,40,2.6253336379202725,12.0,1.0,0.0,0.0,1.0,0.0,1.0
4,40,4.004337869881597,11.998644068484754,0.0,0.0,0.0,0.0,1.0,1.0
5,40,11.329779196692265,0.929813349783966,0.0,1.0,0.0,0.0,1.0,0.0
6,40,2.6138491224307447,0.5855601765948205,0.0,1.0,0.0,0.0,1.0,0.0
7,40,6.467622255519247,10.859488076763808,1.0,0.0,1.0,0.0,1.0,0.0
8,40,0.725366463446061,5.182723805071328,1.0,0.0,0.0,0.0,0.0,1.0
9,40,2.507549834487941,0.870122604893472,0.0,0.0,1.0,1.0,1.0,1.0
10,40,10.578090317863198,1.5247897739529317,1.0,0.0,0.0,0.0,0.0,1.0
11,40,0.3820955540735694,10.247169759936185,1.0,0.0,0.0,0.0,0.0,1.0
12,40,3.649416388551959,10.582016004970138,0.0,0.0,0.0,0.0,0.0,1.0
13,40,4.3204388136661205,0.0,1.0,1.0,1.0,0.0,0.0,1.0
14,40,6.462439709057954,8.630260420128213,0.0,0.0,0.0,0.0,0.0,1.0
0,45,1.83521730194998,0.2604307265161667,0.0,1.0,1.0,1.0,0.0,0.0
1,45,1.7601455991658563,7.459861064394913,0.0,1.0,0.0,0.0,0.0,1.0
2,45,4.694507314331132,10.47548114418722,0.0,0.0,0.0,0.0,1.0,0.0
3,45,2.602076788691238,12.0,1.0,0.0,0.0,1.0,0.0,1.0
4,45,3.998235878100474,11.999891809330762,0.0,0.0,0.0,0.0,1.0,1.0
5,45,11.373977262676751,0.920411530837429,0.0,1.0,0.0,0.0,1.0,0.0
6,45,2.570313584119889,0.6554592995448404,0.0,1.0,0.0,0.0,1.0,0.0
7,45,6.418858501466862,10.847702742470124,1.0,0.0,1.0,0.0,1.0,0.0
8,45,0.6537130877244348,5.228885050627967,1.0,0.0,0.0,0.0,0.0,1.0
9,45,2.5093230833983995,0.8694763353321037,0.0,0.0,1.0,1.0,1.0,1.0
10,45,10.67200945078873,1.6114837373355062,1.0,0.0,0.0,0.0,0.0,1.0
11,45,0.477063508172049,10.30668995650755,1.0,0.0,0.0,0.0,0.0,1.0
12,45,3.710365769908398,10.54468025578502,0.0,0.0,0.0,0.0,0.0,1.0
13,45,4.232571283012479,0.0,1.0,1.0,1.0,0.0,0.0,1.0
14,45,6.4643481452508205,8.632609674001799,0.0,0.0,0.0,0.0,0.0,1.0
0,50,1.851931081941037,0.3010792596000983,0.0,1.0,1.0,1.0,0.0,0.0
1,50,1.7356897222328402,7.502118070744773,0.0,1.0,0.0,0.0,0.0,1.0
2,50,4.667815653032198,10.432421085394406,0.0,0.0,0.0,0.0,1.0,0.0
3,50,2.569771986985669,12.0,1.0,0.0,0.0,1.0,0.0,1.0
4,50,4.01137922018292,11.997316735196533,0.0,0.0,0.0,0.0,1.0,1.0
5,50,11.443230045104212,0.906535945270552,0.0,1.0,0.0,0.0,1.0,0.0
6,50,2.5329445798727224,0.7139329605634465,0.0,1.0,0.0,0.0,1.0,0.0
7,50,6.383215938211436,10.840010465287977,1.0,0.0,1.0,0.0,1.0,0.0
8,50,0.5829840504643007,5.275039487101351,1.0,0.0,0.0,0.0,0.0,1.0
9,50,2.499932968789805,0.873161923149171,0.0,0.0,1.0,1.0,1.0,1.0
10,50,10.767458411807334,1.7009485951929593,1.0,0.0,0.0,0.0,0.0,1.0
11,50,0.5660110888786251,10.361349952893262,1.0,0.0,0.0,0.0,0.0,1.0
12,50,3.673588700508451,10.479550749073626,0.0,0.0,0.0,0.0,0.0,1.0
13,50,4.163815953102178,0.0,1.0,1.0,1.0,0.0,0.0,1.0
14,50,6.46774601695196,8.636729980118497,0.0,0.0,0.0,0.0,0.0,1.0
0,55,1.8685884833569448,0.3402451122138833,0.0,1.0,1.0,1.0,0.0,0.0
1,55,1.701110270098778,7.560716774207786,0.0,1.0,0.0,0.0,0.0,1.0
2,55,4.63279606329748,10.375879376406298,0.0,0.0,0.0,0.0,1.0,0.0
3,55,2.5445153821150286,12.0,1.0,0.0,0.0,1.0,0.0,1.0
4,55,4.026188754067871,11.99464107130435,0.0,0.0,0.0,0.0,1.0,1.0
5,55,11.506377929734189,0.8936290464857057,0.0,1.0,0.0,0.0,1.0,0.0
6,55,2.5084168586401714,0.7499108468802622,0.0,1.0,0.0,0.0,1.0,0.0
7,55,6.355567239653756,10.8351012200198,1.0,0.0,1.0,0.0,1.0,0.0
8,55,0.4969359600268819,5.32976258624498,1.0,0.0,0.0,0.0,0.0,1.0
9,55,2.490395551801206,0.8770531327821981,0.0,0.0,1.0,1.0,1.0,1.0
10,55,10.852406470387738,1.7788613440955994,1.0,0.0,0.0,0.0,0.0,1.0
11,55,0.6723480977502022,10.425339582593566,1.0,0.0,0.0,0.0,0.0,1.0
12,55,3.638180467724678,10.41574012511898,0.0,0.0,0.0,0.0,0.0,1.0
13,55,4.100326322065747,0.0,1.0,1.0,1.0,0.0,0.0,1.0
14,55,6.470804313992823,8.640215759706445,0.0,0.0,0.0,0.0,0.0,1.0
0,60,1.899623622138,0.4100420620963507,0.0,1.0,1.0,1.0,0.0,0.0
1,60,1.6557167908744144,7.637347633720941,0.0,1.0,0.0,0.0,0.0,1.0
2,60,4.605855735731919,10.330938166284811,0.0,0.0,0.0,0.0,1.0,0.0
3,60,2.5213109229075417,12.0,1.0,0.0,0.0,1.0,0.0,1.0
4,60,4.034064984574605,11.993171965962905,0.0,0.0,0.0,0.0,1.0,1.0
5,60,11.568886156883655,0.8799934420328175,0.0,1.0,0.0,0.0,1.0,0.0
6,60,2.4786305540293165,0.7939990248774511,0.0,1.0,0.0,0.0,1.0,0.0
7,60,6.320631152581855,10.828777676266489,1.0,0.0,1.0,0.0,1.0,0.0
8,60,0.5471092378246527,5.416278912619799,1.0,0.0,0.0,0.0,0.0,1.0
9,60,2.4843113708936677,0.8793685361003637,0.0,0.0,1.0,1.0,1.0,1.0
10,60,10.946598071589396,1.8686849045909648,1.0,0.0,0.0,0.0,0.0,1.0
11,60,0.7905918861828413,10.497787703502029,1.0,0.0,0.0,0.0,0.0,1.0
12,60,3.600694882221658,10.3519200525776,0.0,0.0,0.0,0.0,0.0,1.0
13,60,4.039589888898568,0.0,1.0,1.0,1.0,0.0,0.0,1.0
14,60,6.467747739828221,8.636813393582413,0.0,0.0,0.0,0.0,0.0,1.0
0,65,1.9416638649251352,0.4952011807881897,0.0,1.0,1.0,1.0,0.0,0.0
1,65,1.6027179671035163,7.730222596024133,0.0,1.0,0.0,0.0,0.0,1.0
2,65,4.578352461157804,10.284003480150432,0.0,0.0,0.0,0.0,1.0,0.0
3,65,2.498787312326462,12.0,1.0,0.0,0.0,1.0,0.0,1.0
4,65,4.045742403080906,11.991184943814,0.0,0.0,0.0,0.0,1.0,1.0
5,65,11.60492300977525,0.8718965276464952,0.0,1.0,0.0,0.0,1.0,0.0
6,65,2.448558584298933,0.8368807005922095,0.0,1.0,0.0,0.0,1.0,0.0
7,65,6.292204325141982,10.824463451064366,1.0,0.0,1.0,0.0,1.0,0.0
8,65,0.6024270711732562,5.510524339547317,1.0,0.0,0.0,0.0,0.0,1.0
9,65,2.47041132248066,0.8848307571812025,0.0,0.0,1.0,1.0,1.0,1.0
10,65,11.04045922124107,1.956381612299925,1.0,0.0,0.0,0.0,0.0,1.0
11,65,0.903002364535783,10.566958077769446,1.0,0.0,0.0,0.0,0.0,1.0
12,65,3.560537183464116,10.2827983971518,0.0,0.0,0.0,0.0,0.0,1.0
13,65,3.956414587416275,0.0,1.0,1.0,1.0,0.0,0.0,1.0
14,65,6.462720326074978,8.631057780198669,0.0,0.0,0.0,0.0,0.0,1.0
0,70,1.984320419773706,0.5819144974369385,0.0,1.0,1.0,1.0,0.0,0.0
1,70,1.5528157544450034,7.816657614833572,0.0,1.0,0.0,0.0,0.0,1.0
2,70,4.557034091366105,10.249315859777216,0.0,0.0,0.0,0.0,1.0,0.0
3,70,2.471884275917644,12.0,1.0,0.0,0.0,1.0,0.0,1.0
4,70,4.045602948119037,11.991207167231952,0.0,0.0,0.0,0.0,1.0,1.0
5,70,11.634809387992563,0.8639804150963509,0.0,1.0,0.0,0.0,1.0,0.0
6,70,2.425840440999216,0.8694643952175285,0.0,1.0,0.0,0.0,1.0,0.0
7,70,6.281753459269514,10.822863431826988,1.0,0.0,1.0,0.0,1.0,0.0
8,70,0.6559327010380283,5.610397454415627,1.0,0.0,0.0,0.0,0.0,1.0
9,70,2.4726193017894653,0.8839467399249182,0.0,0.0,1.0,1.0,1.0,1.0
10,70,11.155506412003191,2.0669320621664173,1.0,0.0,0.0,0.0,0.0,1.0
11,70,1.0088556667810122,10.634815158884276,1.0,0.0,0.0,0.0,0.0,1.0
12,70,3.516350362858934,10.209374632396706,0.0,0.0,0.0,0.0,0.0,1.0
13,70,3.856824722987131,0.0,1.0,1.0,1.0,0.0,0.0,1.0
14,70,6.463336897118959,8.631798328986008,0.0,0.0,0.0,0.0,0.0,1.0
0,75,2.022337985367447,0.6558139529353177,0.0,1.0,1.0,1.0,0.0,0.0
1,75,1.5052217686595348,7.899709743138637,0.0,1.0,0.0,0.0,0.0,1.0
2,75,4.52502084433368,10.197572947174589,0.0,0.0,0.0,0.0,1.0,0.0
3,75,2.4323691319272727,12.0,1.0,0.0,0.0,1.0,0.0,1.0
4,75,4.060463910043366,11.989232136992756,0.0,0.0,0.0,0.0,1.0,1.0
5,75,11.683938872589858,0.8520656618445915,0.0,1.0,0.0,0.0,1.0,0.0
6,75,2.419858449358051,0.8781126977866112,0.0,1.0,0.0,0.0,1.0,0.0
7,75,6.267728489352275,10.82027276775642,1.0,0.0,1.0,0.0,1.0,0.0
8,75,0.7097595485196403,5.708653031863556,1.0,0.0,0.0,0.0,0.0,1.0
9,75,2.478696876971977,0.8814770558268832,0.0,0.0,1.0,1.0,1.0,1.0
10,75,11.260134296411527,2.1725779965576946,1.0,0.0,0.0,0.0,0.0,1.0
11,75,1.1272307394972625,10.713518563978248,1.0,0.0,0.0,0.0,0.0,1.0
12,75,3.484236218129045,10.155510989180318,0.0,0.0,0.0,0.0,0.0,1.0
13,75,3.736229961959837,0.0,1.0,1.0,1.0,0.0,0.0,1.0
14,75,6.461616665051682,8.629752594813166,0.0,0.0,0.0,0.0,0.0,1.0
0,80,2.065361632300837,0.7370803044068213,0.0,1.0,1.0,1.0,0.0,0.0
1,80,1.4535758521279003,7.9872920116931665,0.0,1.0,0.0,0.0,0.0,1.0
2,80,4.493668514517296,10.144755733317057,0.0,0.0,0.0,0.0,1.0,0.0
3,80,2.403928198443265,12.0,1.0,0.0,0.0,1.0,0.0,1.0
4,80,4.069880495542484,11.987894341708454,0.0,0.0,0.0,0.0,1.0,1.0
5,80,11.72539697670483,0.8425197706873385,0.0,1.0,0.0,0.0,1.0,0.0
6,80,2.425635254402498,0.8692292447662011,0.0,1.0,0.0,0.0,1.0,0.0
7,80,6.252550426397686,10.817773333548686,1.0,0.0,1.0,0.0,1.0,0.0
8,80,0.7700081740802618,5.820429098332378,1.0,0.0,0.0,0.0,0.0,1.0
9,80,2.5289569583289597,0.8603151368985583,0.0,0.0,1.0,1.0,1.0,1.0
10,80,11.349623356540434,2.2625118763743672,1.0,0.0,0.0,0.0,0.0,1.0
11,80,1.2514440195286938,10.797167318490787,1.0,0.0,0.0,0.0,0.0,1.0
12,80,3.4384627125525498,10.073760472806034,0.0,0.0,0.0,0.0,0.0,1.0
13,80,3.607156731326582,0.0,1.0,1.0,1.0,0.0,0.0,1.0
14,80,6.468929166172507,8.638027840436559,0.0,0.0,0.0,0.0,0.0,1.0
0,85,2.098203958110834,0.7981175733353985,0.0,1.0,1.0,1.0,0.0,0.0
1,85,1.397193090481191,8.078390363121459,0.0,1.0,0.0,0.0,0.0,1.0
2,85,4.469374342218996,10.104200698386224,0.0,0.0,0.0,0.0,1.0,0.0
3,85,2.361080935128383,12.0,1.0,0.0,0.0,1.0,0.0,1.0
4,85,4.063113592855049,11.988944818253652,0.0,0.0,0.0,0.0,1.0,1.0
5,85,11.7832569765324,0.8291794017317188,0.0,1.0,0.0,0.0,1.0,0.0
6,85,2.440394515166434,0.8457306707944003,0.0,1.0,0.0,0.0,1.0,0.0
7,85,6.239862220162991,10.815501118629456,1.0,0.0,1.0,0.0,1.0,0.0
8,85,0.8282563762668863,5.92758090781869,1.0,0.0,0.0,0.0,0.0,1.0
9,85,2.559863434543526,0.8469530547895215,0.0,0.0,1.0,1.0,1.0,1.0
10,85,11.417339138041228,2.333714117251381,1.0,0.0,0.0,0.0,0.0,1.0
11,85,1.3730559670200848,10.877352573693267,1.0,0.0,0.0,0.0,0.0,1.0
12,85,3.389702969201329,9.9901188674065,0.0,0.0,0.0,0.0,0.0,1.0
13,85,3.506125928141034,0.0,1.0,1.0,1.0,0.0,0.0,1.0
14,85,6.47440587204438,8.643627959991909,0.0,0.0,0.0,0.0,0.0,1.0
0,90,2.1254825592154742,0.8515699089540889,0.0,1.0,1.0,1.0,0.0,0.0
1,90,1.3447324972674748,8.163281911123049,0.0,1.0,0.0,0.0,0.0,1.0
2,90,4.436571951089337,10.051796359973324,0.0,0.0,0.0,0.0,1.0,0.0
3,90,2.32804321725767,12.0,1.0,0.0,0.0,1.0,0.0,1.0
4,90,4.05961366927874,11.989465962932751,0.0,0.0,0.0,0.0,1.0,1.0
5,90,11.838422609914003,0.8146264858508072,0.0,1.0,0.0,0.0,1.0,0.0
6,90,2.459025295627588,0.8158441577514084,0.0,1.0,0.0,0.0,1.0,0.0
7,90,6.23013426803362,10.81360256522543,1.0,0.0,1.0,0.0,1.0,0.0
8,90,0.8850076175170533,6.043364381735587,1.0,0.0,0.0,0.0,0.0,1.0
9,90,2.5928834775627188,0.8314619180073356,0.0,0.0,1.0,1.0,1.0,1.0
10,90,11.484426816605644,2.4036143972903106,1.0,0.0,0.0,0.0,0.0,1.0
11,90,1.4927336296894038,10.958558045241732,1.0,0.0,0.0,0.0,0.0,1.0
12,90,3.348949381282842,9.922991026346171,0.0,0.0,0.0,0.0,0.0,1.0
13,90,3.406251699868577,0.0,1.0,1.0,1.0,0.0,0.0,1.0
14,90,6.48752962674252,8.6565839419924,0.0,0.0,0.0,0.0,0.0,1.0
0,95,2.1409048361455856,0.8797024680872589,0.0,1.0,1.0,1.0,0.0,0.0
1,95,1.304790342283523,8.226742709703355,0.0,1.0,0.0,0.0,0.0,1.0
2,95,4.399947031995583,9.991531479881578,0.0,0.0,0.0,0.0,1.0,0.0
3,95,2.275851166282656,12.0,1.0,0.0,0.0,1.0,0.0,1.0
4,95,4.062144556035957,11.989157313249365,0.0,0.0,0.0,0.0,1.0,1.0
5,95,11.90449140631348,0.7977688813876509,0.0,1.0,0.0,0.0,1.0,0.0
6,95,2.467691636932912,0.8020025792198616,0.0,1.0,0.0,0.0,1.0,0.0
7,95,6.202603900698972,10.808533226536936,1.0,0.0,1.0,0.0,1.0,0.0
8,95,0.9455465885969064,6.171533018275595,1.0,0.0,0.0,0.0,0.0,1.0
9,95,2.613923762204984,0.8214959892787096,0.0,0.0,1.0,1.0,1.0,1.0
10,95,11.549751828648263,2.47474014634131,1.0,0.0,0.0,0.0,0.0,1.0
11,95,1.623782550309735,11.055032908636116,1.0,0.0,0.0,0.0,0.0,1.0
12,95,3.310146486066901,9.85623377419198,0.0,0.0,0.0,0.0,0.0,1.0
13,95,3.317508012968679,0.0,1.0,1.0,1.0,0.0,0.0,1.0
14,95,6.50698770756462,8.674921093079158,0.0,0.0,0.0,0.0,0.0,1.0
0,100,2.1466295394667974,0.8899211527252924,0.0,1.0,1.0,1.0,0.0,0.0
1,100,1.2657777927439735,8.286858087194231,0.0,1.0,0.0,0.0,0.0,1.0
2,100,4.374528691880854,9.949409045350563,0.0,0.0,0.0,0.0,1.0,0.0
3,100,2.23427330483906,12.0,1.0,0.0,0.0,1.0,0.0,1.0
4,100,4.064374977835724,11.988887119832164,0.0,0.0,0.0,0.0,1.0,1.0
5,100,11.961053276797678,0.7819664759602063,0.0,1.0,0.0,0.0,1.0,0.0
6,100,2.4866518931940007,0.7701497283871064,0.0,1.0,0.0,0.0,1.0,0.0
7,100,6.193821189581332,10.806958770923355,1.0,0.0,1.0,0.0,1.0,0.0
8,100,0.9953583993640128,6.28004098474166,1.0,0.0,0.0,0.0,0.0,1.0
9,100,2.609627661138979,0.823637258793979,0.0,0.0,1.0,1.0,1.0,1.0
10,100,11.606607281561052,2.540363423126099,1.0,0.0,0.0,0.0,0.0,1.0
11,100,1.524916871811206,11.189192232863752,1.0,0.0,0.0,0.0,0.0,1.0
12,100,3.284393127483193,9.811276693784835,0.0,0.0,0.0,0.0,0.0,1.0
13,100,3.247964258507989,0.0,1.0,1.0,1.0,0.0,0.0,1.0
14,100,6.5386364748451165,8.706271485904988,0.0,0.0,0.0,0.0,0.0,1.0
0,105,2.1380546117344807,0.8738478943886494,0.0,1.0,1.0,1.0,0.0,0.0
1,105,1.2273014019747384,8.347154174221064,0.0,1.0,0.0,0.0,0.0,1.0
2,105,4.356062781763904,9.919767958479063,0.0,0.0,0.0,0.0,1.0,0.0
3,105,2.194850986698349,12.0,1.0,0.0,0.0,1.0,0.0,1.0
4,105,4.075780472856088,11.987608137874917,0.0,0.0,0.0,0.0,1.0,1.0
5,105,12.0,0.7666175215746223,0.0,1.0,0.0,0.0,1.0,0.0
6,105,2.5070922151800983,0.7333502090896371,0.0,1.0,0.0,0.0,1.0,0.0
7,105,6.189332411144277,10.806129881809262,1.0,0.0,1.0,0.0,1.0,0.0
8,105,1.0364015447611965,6.374820384710206,1.0,0.0,0.0,0.0,0.0,1.0
9,105,2.604760056812455,0.8261845238172462,0.0,0.0,1.0,1.0,1.0,1.0
10,105,11.676579763057594,2.624442316390103,1.0,0.0,0.0,0.0,0.0,1.0
11,105,1.427582460187624,11.319694992620152,1.0,0.0,0.0,0.0,0.0,1.0
12,105,3.2755318815704486,9.794729481526906,0.0,0.0,0.0,0.0,0.0,1.0
13,105,3.1480682255559875,0.0,1.0,1.0,1.0,0.0,0.0,1.0
14,105,6.5789535579039775,8.74509561823363,0.0,0.0,0.0,0.0,0.0,1.0
0,110,2.126113867489608,0.8529376766799572,0.0,1.0,1.0,1.0,0.0,0.0
1,110,1.187073361013353,8.410844965595775,0.0,1.0,0.0,0.0,0.0,1.0
2,110,4.344721824001826,9.901831632086193,0.0,0.0,0.0,0.0,1.0,0.0
3,110,2.175956637819477,12.0,1.0,0.0,0.0,1.0,0.0,1.0
4,110,4.084441774839966,11.986830220124403,0.0,0.0,0.0,0.0,1.0,1.0
5,110,12.0,0.7488020024468056,0.0,1.0,0.0,0.0,1.0,0.0
6,110,2.524373775044559,0.700748682116934,0.0,1.0,0.0,0.0,1.0,0.0
7,110,6.182309208675919,10.804951346434033,1.0,0.0,1.0,0.0,1.0,0.0
8,110,1.0844357903432622,6.480468068848978,1.0,0.0,0.0,0.0,0.0,1.0
9,110,2.6136300483901267,0.8215557162100091,0.0,0.0,1.0,1.0,1.0,1.0
10,110,11.745377436172658,2.708672858415913,1.0,0.0,0.0,0.0,0.0,1.0
11,110,1.342094754462428,11.441674638336048,1.0,0.0,0.0,0.0,0.0,1.0
12,110,3.2648449982339844,9.774039631460193,0.0,0.0,0.0,0.0,0.0,1.0
13,110,3.0384058120635773,0.0,1.0,1.0,1.0,0.0,0.0,1.0
14,110,6.600170610339018,8.765472495439633,0.0,0.0,0.0,0.0,0.0,1.0
0,115,2.109490602089331,0.8213294621765306,0.0,1.0,1.0,1.0,0.0,0.0
1,115,1.1343840867480175,8.493163718165887,0.0,1.0,0.0,0.0,0.0,1.0
2,115,4.323748255102254,9.867130168205136,0.0,0.0,0.0,0.0,1.0,0.0
3,115,2.1601460740620757,12.0,1.0,0.0,0.0,1.0,0.0,1.0
4,115,4.073929420334008,11.987714830354442,0.0,0.0,0.0,0.0,1.0,1.0
5,115,12.0,0.729797323945614,0.0,1.0,0.0,0.0,1.0,0.0
6,115,2.5479285760940344,0.6582011985987324,0.0,1.0,0.0,0.0,1.0,0.0
7,115,6.173742729810765,10.803681486121466,1.0,0.0,1.0,0.0,1.0,0.0
8,115,1.1290825405048597,6.57881198267709,1.0,0.0,0.0,0.0,0.0,1.0
9,115,2.6343708400717887,0.8102898091333891,0.0,0.0,1.0,1.0,1.0,1.0
10,115,11.80649445229462,2.783066422626655,1.0,0.0,0.0,0.0,0.0,1.0
11,115,1.2606769068261618,11.553441272325225,1.0,0.0,0.0,0.0,0.0,1.0
12,115,3.261771754065079,9.76761954529286,0.0,0.0,0.0,0.0,0.0,1.0
13,115,2.940226794319885,0.0,1.0,1.0,1.0,0.0,0.0,1.0
14,115,6.604205750225892,8.769607991377665,0.0,0.0,0.0,0.0,0.0,1.0
0,120,2.0824160647244607,0.7726126370142101,0.0,1.0,1.0,1.0,0.0,0.0
1,120,1.0850846180176517,8.570434382734279,0.0,1.0,0.0,0.0,0.0,1.0
2,120,4.29979005592634,9.82859199901271,0.0,0.0,0.0,0.0,1.0,0.0
3,120,2.139818245913219,12.0,1.0,0.0,0.0,1.0,0.0,1.0
4,120,4.053047234939308,11.989797355663637,0.0,0.0,0.0,0.0,1.0,1.0
5,120,12.0,0.7100561217962423,0.0,1.0,0.0,0.0,1.0,0.0
6,120,2.57684826283475,0.6058231367823227,0.0,1.0,0.0,0.0,1.0,0.0
7,120,6.153523987114013,10.80101284009975,1.0,0.0,1.0,0.0,1.0,0.0
8,120,1.173268933099721,6.674547499838666,1.0,0.0,0.0,0.0,0.0,1.0
9,120,2.654877395415673,0.7985925293419704,0.0,0.0,1.0,1.0,1.0,1.0
10,120,11.870265660381389,2.8622106274115,1.0,0.0,0.0,0.0,0.0,1.0
11,120,1.183310463262197,11.65680362635522,1.0,0.0,0.0,0.0,0.0,1.0
12,120,3.2569499397243256,9.757944594987752,0.0,0.0,0.0,0.0,0.0,1.0
13,120,2.844681579987264,0.0,1.0,1.0,1.0,0.0,0.0,1.0
14,120,6.603014472163087,8.768380715714413,0.0,0.0,0.0,0.0,0.0,1.0
0,125,2.052641921933608,0.7189131417993828,0.0,1.0,1.0,1.0,0.0,0.0
1,125,1.0376881693262745,8.645028513098785,0.0,1.0,0.0,0.0,0.0,1.0
2,125,4.273238803938521,9.783693572805127,0.0,0.0,0.0,0.0,1.0,0.0
3,125,2.1069020133412204,12.0,1.0,0.0,0.0,1.0,0.0,1.0
4,125,4.02853268923558,11.99217326379378,0.0,0.0,0.0,0.0,1.0,1.0
5,125,12.0,0.695268010558897,0.0,1.0,0.0,0.0,1.0,0.0
6,125,2.611443333389822,0.5412174465735003,0.0,1.0,0.0,0.0,1.0,0.0
7,125,6.139360195037218,10.798929239778426,1.0,0.0,1.0,0.0,1.0,0.0
8,125,1.2250942990177904,6.788522579683396,1.0,0.0,0.0,0.0,0.0,1.0
9,125,2.6695797189133383,0.7902400023020606,0.0,0.0,1.0,1.0,1.0,1.0
10,125,11.926775546106946,2.9293682833408297,1.0,0.0,0.0,0.0,0.0,1.0
11,125,1.1023958614001368,11.767406804901633,1.0,0.0,0.0,0.0,0.0,1.0
12,125,3.2475904741323123,9.739512580310931,0.0,0.0,0.0,0.0,0.0,1.0
13,125,2.7597572254569496,0.0,1.0,1.0,1.0,0.0,0.0,1.0
14,125,6.597254246070418,8.762421818997298,0.0,0.0,0.0,0.0,0.0,1.0
0,130,2.016282532564926,0.6513376676877745,0.0,1.0,1.0,1.0,0.0,0.0
1,130,0.9925808600870843,8.716223226072149,0.0,1.0,0.0,0.0,0.0,1.0
2,130,4.241046359077226,9.730858451822884,0.0,0.0,0.0,0.0,1.0,0.0
3,130,2.064714553071068,12.0,1.0,0.0,0.0,1.0,0.0,1.0
4,130,4.0080119624814206,11.994099777208223,0.0,0.0,0.0,0.0,1.0,1.0
5,130,12.0,0.6815539925043026,0.0,1.0,0.0,0.0,1.0,0.0
6,130,2.6486346381758423,0.4704732675850403,0.0,1.0,0.0,0.0,1.0,0.0
7,130,6.106816748073898,10.79419704020101,1.0,0.0,1.0,0.0,1.0,0.0
8,130,1.2738324601868405,6.896102726069866,1.0,0.0,0.0,0.0,0.0,1.0
9,130,2.67047978351186,0.7897325023271051,0.0,0.0,1.0,1.0,1.0,1.0
10,130,11.98009851091254,2.9967728552914346,1.0,0.0,0.0,0.0,0.0,1.0
11,130,1.0119272381719873,11.888277774665593,1.0,0.0,0.0,0.0,0.0,1.0
12,130,3.252288823554965,9.74840606852501,0.0,0.0,0.0,0.0,0.0,1.0
13,130,2.6725463987445317,0.0,1.0,1.0,1.0,0.0,0.0,1.0
14,130,6.597563378613346,8.762724095875404,0.0,0.0,0.0,0.0,0.0,1.0
0,135,1.9867670313747796,0.5950583473083384,0.0,1.0,1.0,1.0,0.0,0.0
1,135,0.9464118654955768,8.790669864021995,0.0,1.0,0.0,0.0,0.0,1.0
2,135,4.217062532133183,9.691059944141642,0.0,0.0,0.0,0.0,1.0,0.0
3,135,2.017790378332361,12.0,1.0,0.0,0.0,1.0,0.0,1.0
4,135,4.001999704295848,11.994550268772972,0.0,0.0,0.0,0.0,1.0,1.0
5,135,12.0,0.6699598958858578,0.0,1.0,0.0,0.0,1.0,0.0
6,135,2.596133634866039,0.4427098829383029,0.0,1.0,0.0,0.0,1.0,0.0
7,135,6.085237286744055,10.79055963557275,1.0,0.0,1.0,0.0,1.0,0.0
8,135,1.3174549123265162,6.998755741200504,1.0,0.0,0.0,0.0,0.0,1.0
9,135,2.6658927092529097,0.792308089697626,0.0,0.0,1.0,1.0,1.0,1.0
10,135,12.0,3.0620816069226207,1.0,0.0,0.0,0.0,0.0,1.0
11,135,0.904337702771834,12.0,1.0,0.0,0.0,0.0,0.0,1.0
12,135,3.2590568868007908,9.7612816724464,0.0,0.0,0.0,0.0,0.0,1.0
13,135,2.576025696209258,0.0,1.0,1.0,1.0,0.0,0.0,1.0
14,135,6.595555151209013,8.760788540097366,0.0,0.0,0.0,0.0,0.0,1.0
0,140,1.9600477932656408,0.5454713288946503,0.0,1.0,1.0,1.0,0.0,0.0
1,140,0.9017952819022724,8.86049039142912,0.0,1.0,0.0,0.0,0.0,1.0
2,140,4.19277047581995,9.650095508699003,0.0,0.0,0.0,0.0,1.0,0.0
3,140,1.9746901272989856,12.0,1.0,0.0,0.0,1.0,0.0,1.0
4,140,4.025158226460777,11.993136729571754,0.0,0.0,0.0,0.0,1.0,1.0
5,140,12.0,0.6598178848237475,0.0,1.0,0.0,0.0,1.0,0.0
6,140,2.530399498944251,0.4101283688172912,0.0,1.0,0.0,0.0,1.0,0.0
7,140,6.065405961559986,10.787786956082552,1.0,0.0,1.0,0.0,1.0,0.0
8,140,1.356172401852192,7.092947134934133,1.0,0.0,0.0,0.0,0.0,1.0
9,140,2.6792879637916656,0.7843823855614919,0.0,0.0,1.0,1.0,1.0,1.0
10,140,12.0,3.134155989180464,1.0,0.0,0.0,0.0,0.0,1.0
11,140,0.8033895911353014,12.0,1.0,0.0,0.0,0.0,0.0,1.0
12,140,3.252924364686967,9.74988590771188,0.0,0.0,0.0,0.0,0.0,1.0
13,140,2.467200908840429,0.0,1.0,1.0,1.0,0.0,0.0,1.0
14,140,6.597318978732047,8.762463471053916,0.0,0.0,0.0,0.0,0.0,1.0
0,145,1.9176763724099208,0.4645012749148454,0.0,1.0,1.0,1.0,0.0,0.0
1,145,0.8516770847591341,8.94529592428128,0.0,1.0,0.0,0.0,0.0,1.0
2,145,4.170628859158606,9.6116691272245,0.0,0.0,0.0,0.0,1.0,0.0
3,145,1.937282930282683,12.0,1.0,0.0,0.0,1.0,0.0,1.0
4,145,4.047180529796557,11.99095421108195,0.0,0.0,0.0,0.0,1.0,1.0
5,145,12.0,0.6475272684112048,0.0,1.0,0.0,0.0,1.0,0.0
6,145,2.4678367852653023,0.3784611847974861,0.0,1.0,0.0,0.0,1.0,0.0
7,145,6.058460335434607,10.786962983792051,1.0,0.0,1.0,0.0,1.0,0.0
8,145,1.38584483336685,7.161255239747518,1.0,0.0,0.0,0.0,0.0,1.0
9,145,2.6945948339851507,0.7750683688217598,0.0,0.0,1.0,1.0,1.0,1.0
10,145,12.0,3.2031645476406587,1.0,0.0,0.0,0.0,0.0,1.0
11,145,0.6839429209144267,12.0,1.0,0.0,0.0,0.0,0.0,1.0
12,145,3.2576247105442744,9.758393028941184,0.0,0.0,0.0,0.0,0.0,1.0
13,145,2.3458327428924783,0.0,1.0,1.0,1.0,0.0,0.0,1.0
14,145,6.595904022062105,8.761129313887821,0.0,0.0,0.0,0.0,0.0,1.0
0,150,1.9987748649173176,0.4188608794453405,0.0,1.0,1.0,1.0,0.0,0.0
1,150,0.9392808743103228,8.997560534356326,0.0,1.0,0.0,0.0,0.0,1.0
2,150,4.150073853420935,9.57421173452888,0.0,0.0,0.0,0.0,1.0,0.0
3,150,1.9096804890461765,12.0,1.0,0.0,0.0,1.0,0.0,1.0
4,150,4.067689546227568,11.988426329137557,0.0,0.0,0.0,0.0,1.0,1.0
5,150,12.0,0.639548699318664,0.0,1.0,0.0,0.0,1.0,0.0
6,150,2.3930637692827115,0.3418152012306789,0.0,1.0,0.0,0.0,1.0,0.0
7,150,6.053029547129996,10.786053579850169,1.0,0.0,1.0,0.0,1.0,0.0
8,150,1.4174408483892746,7.239902266977947,1.0,0.0,0.0,0.0,0.0,1.0
9,150,2.703518281888216,0.7698795490370564,0.0,0.0,1.0,1.0,1.0,1.0
10,150,12.0,3.282096701973186,1.0,0.0,0.0,0.0,0.0,1.0
11,150,0.5671745005664812,12.0,1.0,0.0,0.0,0.0,0.0,1.0
12,150,3.268281495841788,9.7771635422698,0.0,0.0,0.0,0.0,0.0,1.0
13,150,2.3801345197587804,0.0,1.0,1.0,1.0,0.0,0.0,1.0
14,150,6.609966517057735,8.774114307378351,0.0,0.0,0.0,0.0,0.0,1.0
0,155,2.0804381334062447,0.3739365140925099,0.0,1.0,1.0,1.0,0.0,0.0
1,155,1.0139783141124603,9.042899068066529,0.0,1.0,0.0,0.0,0.0,1.0
2,155,4.129582580898334,9.537355691340428,0.0,0.0,0.0,0.0,1.0,0.0
3,155,1.866360587360182,12.0,1.0,0.0,0.0,1.0,0.0,1.0
4,155,4.094261266722668,11.985162922999825,0.0,0.0,0.0,0.0,1.0,1.0
5,155,12.0,0.6359740958620196,0.0,1.0,0.0,0.0,1.0,0.0
6,155,2.312866367292528,0.2978121114541093,0.0,1.0,0.0,0.0,1.0,0.0
7,155,6.046688885589959,10.784988358911868,1.0,0.0,1.0,0.0,1.0,0.0
8,155,1.4459543623650208,7.312890219779113,1.0,0.0,0.0,0.0,0.0,1.0
9,155,2.710294392928179,0.7659799911923264,0.0,0.0,1.0,1.0,1.0,1.0
10,155,12.0,3.370206982311124,1.0,0.0,0.0,0.0,0.0,1.0
11,155,0.4483642137467212,12.0,1.0,0.0,0.0,0.0,0.0,1.0
12,155,3.271133344127942,9.782289826373043,0.0,0.0,0.0,0.0,0.0,1.0
13,155,2.410033438374769,0.0,1.0,1.0,1.0,0.0,0.0,1.0
14,155,6.632540033772639,8.795677592185713,0.0,0.0,0.0,0.0,0.0,1.0
0,160,2.1717404382034293,0.3209644284209761,0.0,1.0,1.0,1.0,0.0,0.0
1,160,1.108741357680493,9.10038742306722,0.0,1.0,0.0,0.0,0.0,1.0
2,160,4.101054537335742,9.487205708037584,0.0,0.0,0.0,0.0,1.0,0.0
3,160,1.834470202900668,12.0,1.0,0.0,0.0,1.0,0.0,1.0
4,160,4.131991128140894,11.979435904161118,0.0,0.0,0.0,0.0,1.0,1.0
5,160,12.0,0.6308414581743905,0.0,1.0,0.0,0.0,1.0,0.0
6,160,2.210333889812787,0.2416492864604422,0.0,1.0,0.0,0.0,1.0,0.0
7,160,6.033243180320294,10.78288762980731,1.0,0.0,1.0,0.0,1.0,0.0
8,160,1.4779979989585903,7.389147054886553,1.0,0.0,0.0,0.0,0.0,1.0
9,160,2.718353930550295,0.7611943606765432,0.0,0.0,1.0,1.0,1.0,1.0
10,160,12.0,3.457163932643353,1.0,0.0,0.0,0.0,0.0,1.0
11,160,0.3313785319263754,12.0,1.0,0.0,0.0,0.0,0.0,1.0
12,160,3.2750429337924705,9.789645294640414,0.0,0.0,0.0,0.0,0.0,1.0
13,160,2.438291730802086,0.0,1.0,1.0,1.0,0.0,0.0,1.0
14,160,6.65844816550706,8.820073212900427,0.0,0.0,0.0,0.0,0.0,1.0
0,165,2.2806291304645474,0.2586852626846596,0.0,1.0,1.0,1.0,0.0,0.0
1,165,1.2225328472891908,9.170706469450684,0.0,1.0,0.0,0.0,0.0,1.0
2,165,4.082065759928571,9.453565333320771,0.0,0.0,0.0,0.0,1.0,0.0
3,165,1.802976141581352,12.0,1.0,0.0,0.0,1.0,0.0,1.0
4,165,4.135716162589495,12.0,0.0,0.0,0.0,0.0,1.0,1.0
5,165,12.0,0.6258979983824201,0.0,1.0,0.0,0.0,1.0,0.0
6,165,2.094144043872452,0.1799430625453446,0.0,1.0,0.0,0.0,1.0,0.0
7,165,6.030666874479637,10.782505190537565,1.0,0.0,1.0,0.0,1.0,0.0
8,165,1.509353186020499,7.464334529627163,1.0,0.0,0.0,0.0,0.0,1.0
9,165,2.712101928904929,0.7648319427058072,0.0,0.0,1.0,1.0,1.0,1.0
10,165,12.0,3.5454167091287445,1.0,0.0,0.0,0.0,0.0,1.0
11,165,0.1980263133868832,12.0,1.0,0.0,0.0,0.0,0.0,1.0
12,165,3.272036863646034,9.783901770831704,0.0,0.0,0.0,0.0,0.0,1.0
13,165,2.467161281971168,0.0,1.0,1.0,1.0,0.0,0.0,1.0
14,165,6.690448800127835,8.851793894095056,0.0,0.0,0.0,0.0,0.0,1.0
0,170,2.3891333229211997,0.1950487878569661,0.0,1.0,1.0,1.0,0.0,0.0
1,170,1.3370646652413412,9.2442825506503,0.0,1.0,0.0,0.0,0.0,1.0
2,170,4.064740384544243,9.425179416105648,0.0,0.0,0.0,0.0,1.0,0.0
3,170,1.7887319854197663,12.0,1.0,0.0,0.0,1.0,0.0,1.0
4,170,4.136354592962412,12.0,0.0,0.0,0.0,0.0,1.0,1.0
5,170,12.0,0.6201025396419065,0.0,1.0,0.0,0.0,1.0,0.0
6,170,1.95438310973732,0.1082196638628424,0.0,1.0,0.0,0.0,1.0,0.0
7,170,6.039356915140842,10.783771260092989,1.0,0.0,1.0,0.0,1.0,0.0
8,170,1.5439228938699858,7.5460111790584765,1.0,0.0,0.0,0.0,0.0,1.0
9,170,2.694358827740726,0.7749701859714765,0.0,0.0,1.0,1.0,1.0,1.0
10,170,12.0,3.6285165584290073,1.0,0.0,0.0,0.0,0.0,1.0
11,170,0.0646258218343378,12.0,1.0,0.0,0.0,0.0,0.0,1.0
12,170,3.273508112639166,9.786592997221856,0.0,0.0,0.0,0.0,0.0,1.0
13,170,2.4921057716167287,0.0,1.0,1.0,1.0,0.0,0.0,1.0
14,170,6.704276993674585,8.865606915959408,0.0,0.0,0.0,0.0,0.0,1.0
0,175,2.500826113432588,0.1285367771240927,0.0,1.0,1.0,1.0,0.0,0.0
1,175,1.4665420854206732,9.326922321811685,0.0,1.0,0.0,0.0,0.0,1.0
2,175,4.0439449809289565,9.39196699459631,0.0,0.0,0.0,0.0,1.0,0.0
3,175,1.7694211886521731,12.0,1.0,0.0,0.0,1.0,0.0,1.0
4,175,4.132780127406562,11.981730302677438,0.0,0.0,0.0,0.0,1.0,1.0
5,175,12.0,0.6055116972853172,0.0,1.0,0.0,0.0,1.0,0.0
6,175,1.820978926490651,0.0401951927556901,0.0,1.0,0.0,0.0,1.0,0.0
7,175,6.049689561845497,10.785141189201472,1.0,0.0,1.0,0.0,1.0,0.0
8,175,1.576300620710133,7.620871366037507,1.0,0.0,0.0,0.0,0.0,1.0
9,175,2.6902084642931143,0.7773271572135172,0.0,0.0,1.0,1.0,1.0,1.0
10,175,12.0,3.7162299238370657,1.0,0.0,0.0,0.0,0.0,1.0
11,175,0.0,12.0,1.0,0.0,0.0,0.0,0.0,1.0
12,175,3.269955065805737,9.779716863586986,0.0,0.0,0.0,0.0,0.0,1.0
13,175,2.517085431227471,0.0,1.0,1.0,1.0,0.0,0.0,1.0
14,175,6.730367914380495,8.891430883432106,0.0,0.0,0.0,0.0,0.0,1.0
0,180,2.603555920435076,0.0674452940388758,0.0,1.0,1.0,1.0,0.0,0.0
1,180,1.5764399387832408,9.40014250018486,0.0,1.0,0.0,0.0,0.0,1.0
2,180,4.09574300538308,9.358037473067382,0.0,0.0,0.0,0.0,1.0,0.0
3,180,1.777343452977968,12.0,1.0,0.0,0.0,1.0,0.0,1.0
4,180,4.128721255331612,11.959878586614488,0.0,0.0,0.0,0.0,1.0,1.0
5,180,12.0,0.5966298391629087,0.0,1.0,0.0,0.0,1.0,0.0
6,180,1.67104475928769,0.0,0.0,1.0,0.0,0.0,1.0,0.0
7,180,6.067064527984679,10.787573464774953,1.0,0.0,1.0,0.0,1.0,0.0
8,180,1.6203491969106567,7.721363500323273,1.0,0.0,0.0,0.0,0.0,1.0
9,180,2.6637825366882018,0.7928382619632078,0.0,0.0,1.0,1.0,1.0,1.0
10,180,12.0,3.80403454805692,1.0,0.0,0.0,0.0,0.0,1.0
11,180,0.0,12.0,1.0,0.0,0.0,0.0,0.0,1.0
12,180,3.270410790705961,9.780667805073431,0.0,0.0,0.0,0.0,0.0,1.0
13,180,2.5442465347617937,0.0,1.0,1.0,1.0,0.0,0.0,1.0
14,180,6.749278544578605,8.908852500355712,0.0,0.0,0.0,0.0,0.0,1.0
0,185,2.6945674170683724,0.0141401748632758,0.0,1.0,1.0,1.0,0.0,0.0
1,185,1.6859100346500109,9.468149506526371,0.0,1.0,0.0,0.0,0.0,1.0
2,185,4.138847379152335,9.330367852703343,0.0,0.0,0.0,0.0,1.0,0.0
3,185,1.7852469880647968,12.0,1.0,0.0,0.0,1.0,0.0,1.0
4,185,4.122658699049861,11.92060116033212,0.0,0.0,0.0,0.0,1.0,1.0
5,185,12.0,0.5883986298223504,0.0,1.0,0.0,0.0,1.0,0.0
6,185,1.5293543445078333,0.0,0.0,1.0,0.0,0.0,1.0,0.0
7,185,6.081047624991243,10.789306559748402,1.0,0.0,1.0,0.0,1.0,0.0
8,185,1.6658769577208044,7.828269166336345,1.0,0.0,0.0,0.0,0.0,1.0
9,185,2.614969011688607,0.819245381484578,0.0,0.0,1.0,1.0,1.0,1.0
10,185,12.0,3.8955996100219936,1.0,0.0,0.0,0.0,0.0,1.0
11,185,0.0,12.0,1.0,0.0,0.0,0.0,0.0,1.0
12,185,3.2766207165941355,9.794236932611538,0.0,0.0,0.0,0.0,0.0,1.0
13,185,2.5724252889021204,0.0,1.0,1.0,1.0,0.0,0.0,1.0
14,185,6.780565563837268,8.93825805134789,0.0,0.0,0.0,0.0,0.0,1.0
0,190,2.800742130218456,0.0,0.0,1.0,1.0,1.0,0.0,0.0
1,190,1.807706015428399,9.54163469438105,0.0,1.0,0.0,0.0,0.0,1.0
2,190,4.198385358220529,9.292686518501318,0.0,0.0,0.0,0.0,1.0,0.0
3,190,1.7915910338274834,12.0,1.0,0.0,0.0,1.0,0.0,1.0
4,190,4.113582515041713,11.86157168766536,0.0,0.0,0.0,0.0,1.0,1.0
5,190,12.0,0.5782506743403338,0.0,1.0,0.0,0.0,1.0,0.0
6,190,1.390410565072865,0.0,0.0,1.0,0.0,0.0,1.0,0.0
7,190,6.111039312374076,10.793568881706571,1.0,0.0,1.0,0.0,1.0,0.0
8,190,1.7131383313478117,7.9409089656221346,1.0,0.0,0.0,0.0,0.0,1.0
9,190,2.5683891195794337,0.8452174358879594,0.0,0.0,1.0,1.0,1.0,1.0
10,190,12.0,3.9760429162694986,1.0,0.0,0.0,0.0,0.0,1.0
11,190,0.0,12.0,1.0,0.0,0.0,0.0,0.0,1.0
12,190,3.2849683854372933,9.81248683907721,0.0,0.0,0.0,0.0,0.0,1.0
13,190,2.6027012432834806,0.0,1.0,1.0,1.0,0.0,0.0,1.0
14,190,6.818148741473211,8.975640486287704,0.0,0.0,0.0,0.0,0.0,1.0
0,195,2.8795462799445883,0.1356684344442082,0.0,1.0,1.0,1.0,0.0,0.0
1,195,1.9409330850817708,9.626143299765763,0.0,1.0,0.0,0.0,0.0,1.0
2,195,4.25369255652743,9.256489230918204,0.0,0.0,0.0,0.0,1.0,0.0
3,195,1.801461897417963,12.0,1.0,0.0,0.0,1.0,0.0,1.0
4,195,4.109110449676994,11.833050756133192,0.0,0.0,0.0,0.0,1.0,1.0
5,195,12.0,0.5691222228126864,0.0,1.0,0.0,0.0,1.0,0.0
6,195,1.2491488113182454,0.0,0.0,1.0,0.0,0.0,1.0,0.0
7,195,6.1399015117512565,10.79758922934948,1.0,0.0,1.0,0.0,1.0,0.0
8,195,1.761159350766762,8.060273567755235,1.0,0.0,0.0,0.0,0.0,1.0
9,195,2.5206552135431988,0.8703258144658568,0.0,0.0,1.0,1.0,1.0,1.0
10,195,12.0,4.073153040138736,1.0,0.0,0.0,0.0,0.0,1.0
11,195,0.0,12.0,1.0,0.0,0.0,0.0,0.0,1.0
12,195,3.297740595801779,9.839879671746775,0.0,0.0,0.0,0.0,0.0,1.0
13,195,2.63239589967582,0.0,1.0,1.0,1.0,0.0,0.0,1.0
14,195,6.861565827170657,9.018178165084665,0.0,0.0,0.0,0.0,0.0,1.0
0,200,2.9572847782479244,0.2734616079573165,0.0,1.0,1.0,1.0,0.0,0.0
1,200,2.098117618807413,9.727928363053095,0.0,1.0,0.0,0.0,0.0,1.0
2,200,4.294490612703735,9.229782720521182,0.0,0.0,0.0,0.0,1.0,0.0
3,200,1.814248463268635,12.0,1.0,0.0,0.0,1.0,0.0,1.0
4,200,4.105750252377066,11.812952302122232,0.0,0.0,0.0,0.0,1.0,1.0
5,200,12.0,0.5574513109740441,0.0,1.0,0.0,0.0,1.0,0.0
6,200,1.098036946647052,0.0,0.0,1.0,0.0,0.0,1.0,0.0
7,200,6.17050619565353,10.80137636116281,1.0,0.0,1.0,0.0,1.0,0.0
8,200,1.812663950990289,8.187749279106946,1.0,0.0,0.0,0.0,0.0,1.0
9,200,2.4914246441922265,0.8855112525345068,0.0,0.0,1.0,1.0,1.0,1.0
10,200,12.0,4.172809712089522,1.0,0.0,0.0,0.0,0.0,1.0
11,200,0.0,12.0,1.0,0.0,0.0,0.0,0.0,1.0
12,200,3.313728453764719,9.874677262734558,0.0,0.0,0.0,0.0,0.0,1.0
13,200,2.6670241750416994,0.0,1.0,1.0,1.0,0.0,0.0,1.0
14,200,6.902950143047601,9.06006446694968,0.0,0.0,0.0,0.0,0.0,1.0
0,205,3.033304498659126,0.4106810738597384,0.0,1.0,1.0,1.0,0.0,0.0
1,205,2.2613769971701982,9.836405329495827,0.0,1.0,0.0,0.0,0.0,1.0
2,205,4.332606716198381,9.20483610029577,0.0,0.0,0.0,0.0,1.0,0.0
3,205,1.837180524915453,12.0,1.0,0.0,0.0,1.0,0.0,1.0
4,205,4.105541817325319,11.811738665883416,0.0,0.0,0.0,0.0,1.0,1.0
5,205,12.0,0.544823678835787,0.0,1.0,0.0,0.0,1.0,0.0
6,205,0.94493831592709,0.0,0.0,1.0,0.0,0.0,1.0,0.0
7,205,6.202860839836695,10.805150906954683,1.0,0.0,1.0,0.0,1.0,0.0
8,205,1.875207759577971,8.335828250871419,1.0,0.0,0.0,0.0,0.0,1.0
9,205,2.464020300354006,0.8992858688363722,0.0,0.0,1.0,1.0,1.0,1.0
10,205,12.0,4.251318318314546,1.0,0.0,0.0,0.0,0.0,1.0
11,205,0.0,12.0,1.0,0.0,0.0,0.0,0.0,1.0
12,205,3.3304127566605928,9.91011634876959,0.0,0.0,0.0,0.0,0.0,1.0
13,205,2.7004867518448306,0.0,1.0,1.0,1.0,0.0,0.0,1.0
14,205,6.953523682470656,9.112614584546048,0.0,0.0,0.0,0.0,0.0,1.0
0,210,3.1090893967960223,0.5407296518209488,0.0,1.0,1.0,1.0,0.0,0.0
1,210,2.4164344616939157,9.938654822593367,0.0,1.0,0.0,0.0,0.0,1.0
2,210,4.395166567275828,9.165430849951004,0.0,0.0,0.0,0.0,1.0,0.0
3,210,1.862573206423392,12.0,1.0,0.0,0.0,1.0,0.0,1.0
4,210,4.108502132466964,11.829321245488014,0.0,0.0,0.0,0.0,1.0,1.0
5,210,12.0,0.5345499996324266,0.0,1.0,0.0,0.0,1.0,0.0
6,210,0.7844312795147812,0.0,0.0,1.0,0.0,0.0,1.0,0.0
7,210,6.239882751798255,10.810199467146337,1.0,0.0,1.0,0.0,1.0,0.0
8,210,1.935260060254797,8.472284890996141,1.0,0.0,0.0,0.0,0.0,1.0
9,210,2.4215312076826314,0.9207568791756948,0.0,0.0,1.0,1.0,1.0,1.0
10,210,12.0,4.321051624542303,1.0,0.0,0.0,0.0,0.0,1.0
11,210,0.0,12.0,1.0,0.0,0.0,0.0,0.0,1.0
12,210,3.35207648951635,9.953498647379648,0.0,0.0,0.0,0.0,0.0,1.0
13,210,2.7325131738369817,0.0,1.0,1.0,1.0,0.0,0.0,1.0
14,210,7.00094164823483,9.157899825938683,0.0,0.0,0.0,0.0,0.0,1.0
0,215,3.180418759183394,0.6659901586490209,0.0,1.0,1.0,1.0,0.0,0.0
1,215,2.568960188823222,10.035722367754424,0.0,1.0,0.0,0.0,0.0,1.0
2,215,4.461847665436964,9.12507975858047,0.0,0.0,0.0,0.0,1.0,0.0
3,215,1.8913749480020168,12.0,1.0,0.0,0.0,1.0,0.0,1.0
4,215,4.10924719247926,11.833725576774995,0.0,0.0,0.0,0.0,1.0,1.0
5,215,12.0,0.5276672266653921,0.0,1.0,0.0,0.0,1.0,0.0
6,215,0.643057548863498,0.0,0.0,1.0,0.0,0.0,1.0,0.0
7,215,6.267426044064239,10.81392095371502,1.0,0.0,1.0,0.0,1.0,0.0
8,215,1.9930940538335704,8.603339370702455,1.0,0.0,0.0,0.0,0.0,1.0
9,215,2.355191693659665,0.956793769843385,0.0,0.0,1.0,1.0,1.0,1.0
10,215,12.0,4.377045466833812,1.0,0.0,0.0,0.0,0.0,1.0
11,215,0.0,12.0,1.0,0.0,0.0,0.0,0.0,1.0
12,215,3.368023474212108,9.985355284105738,0.0,0.0,0.0,0.0,0.0,1.0
13,215,2.7665382330006745,0.0,1.0,1.0,1.0,0.0,0.0,1.0
14,215,7.058566573953276,9.211392163928233,0.0,0.0,0.0,0.0,0.0,1.0
0,220,3.2479788743277296,0.7773161294189798,0.0,1.0,1.0,1.0,0.0,0.0
1,220,2.7349103831874686,10.13553609820026,0.0,1.0,0.0,0.0,0.0,1.0
2,220,4.534712902175032,9.083917938181225,0.0,0.0,0.0,0.0,1.0,0.0
3,220,1.9199139853973533,12.0,1.0,0.0,0.0,1.0,0.0,1.0
4,220,4.113090386007637,11.856695352802864,0.0,0.0,0.0,0.0,1.0,1.0
5,220,12.0,0.5252317861909439,0.0,1.0,0.0,0.0,1.0,0.0
6,220,0.4904870766184199,0.0,0.0,1.0,0.0,0.0,1.0,0.0
7,220,6.294958207721872,10.817916118898092,1.0,0.0,1.0,0.0,1.0,0.0
8,220,2.054981631317137,8.732832946380823,1.0,0.0,0.0,0.0,0.0,1.0
9,220,2.2831602854153386,0.9946924379512204,0.0,0.0,1.0,1.0,1.0,1.0
10,220,12.0,4.43243160270962,1.0,0.0,0.0,0.0,0.0,1.0
11,220,0.0,12.0,1.0,0.0,0.0,0.0,0.0,1.0
12,220,3.3822460473834344,10.013260584439266,0.0,0.0,0.0,0.0,0.0,1.0
13,220,2.8048551980363605,0.0,1.0,1.0,1.0,0.0,0.0,1.0
14,220,7.11387915880875,9.263656626777305,0.0,0.0,0.0,0.0,0.0,1.0
0,225,3.3082144814503787,0.8820477806169711,0.0,1.0,1.0,1.0,0.0,0.0
1,225,2.893711617155349,10.227341977236984,0.0,1.0,0.0,0.0,0.0,1.0
2,225,4.590372190125037,9.050234926942736,0.0,0.0,0.0,0.0,1.0,0.0
3,225,1.9512243037303023,12.0,1.0,0.0,0.0,1.0,0.0,1.0
4,225,4.118980178881923,11.889050754299111,0.0,0.0,0.0,0.0,1.0,1.0
5,225,11.989906664055736,0.5283920222429104,0.0,1.0,0.0,0.0,1.0,0.0
6,225,0.3528350839372126,0.0,0.0,1.0,0.0,0.0,1.0,0.0
7,225,6.337264007818694,10.824373917907096,1.0,0.0,1.0,0.0,1.0,0.0
8,225,2.123098411186397,8.872024248626557,1.0,0.0,0.0,0.0,0.0,1.0
9,225,2.188130749439673,1.0436151593607823,0.0,0.0,1.0,1.0,1.0,1.0
10,225,12.0,4.485817289846904,1.0,0.0,0.0,0.0,0.0,1.0
11,225,0.0,12.0,1.0,0.0,0.0,0.0,0.0,1.0
12,225,3.4019697525705457,10.050782036884996,0.0,0.0,0.0,0.0,0.0,1.0
13,225,2.8567076960759974,0.0,1.0,1.0,1.0,0.0,0.0,1.0
14,225,7.17012600712864,9.313367970494763,0.0,0.0,0.0,0.0,0.0,1.0
0,230,3.3692674640513363,0.9849028383634594,0.0,1.0,1.0,1.0,0.0,0.0
1,230,3.055528254166484,10.316377892740109,0.0,1.0,0.0,0.0,0.0,1.0
2,230,4.633872920118275,9.024438717467406,0.0,0.0,0.0,0.0,1.0,0.0
3,230,1.9876529720695528,12.0,1.0,0.0,0.0,1.0,0.0,1.0
4,230,4.132407870870152,11.96260415002603,0.0,0.0,0.0,0.0,1.0,1.0
5,230,11.969324210291282,0.5354977488827869,0.0,1.0,0.0,0.0,1.0,0.0
6,230,0.2016028008364302,0.0,0.0,1.0,0.0,0.0,1.0,0.0
7,230,6.39569512532324,10.834470206350847,1.0,0.0,1.0,0.0,1.0,0.0
8,230,2.188181323047172,8.998548850484152,1.0,0.0,0.0,0.0,0.0,1.0
9,230,2.09494541069204,1.0951990909624594,0.0,0.0,1.0,1.0,1.0,1.0
10,230,12.0,4.547697606559134,1.0,0.0,0.0,0.0,0.0,1.0
11,230,0.0,12.0,1.0,0.0,0.0,0.0,0.0,1.0
12,230,3.4213645316525603,10.09109278203614,0.0,0.0,0.0,0.0,0.0,1.0
13,230,2.907783199631955,0.0,1.0,1.0,1.0,0.0,0.0,1.0
14,230,7.21299191929887,9.351671036856423,0.0,0.0,0.0,0.0,0.0,1.0
0,235,3.428764007809328,1.0837723908115968,0.0,1.0,1.0,1.0,0.0,0.0
1,235,3.213536213495025,10.40655821811187,0.0,1.0,0.0,0.0,0.0,1.0
2,235,4.687853554919704,8.992854773222403,0.0,0.0,0.0,0.0,1.0,0.0
3,235,2.024294526192188,12.0,1.0,0.0,0.0,1.0,0.0,1.0
4,235,4.14231167968708,12.0,0.0,0.0,0.0,0.0,1.0,1.0
5,235,11.929292996284657,0.5497704379504964,0.0,1.0,0.0,0.0,1.0,0.0
6,235,0.051739330874567,0.0,0.0,1.0,0.0,0.0,1.0,0.0
7,235,6.4589789336960886,10.846551717581194,1.0,0.0,1.0,0.0,1.0,0.0
8,235,2.262153903833092,9.13472875609591,1.0,0.0,0.0,0.0,0.0,1.0
9,235,2.001713032277205,1.1488622435244218,0.0,0.0,1.0,1.0,1.0,1.0
10,235,12.0,4.605192434860651,1.0,0.0,0.0,0.0,0.0,1.0
11,235,0.0,12.0,1.0,0.0,0.0,0.0,0.0,1.0
12,235,3.443178350077231,10.135156319480409,0.0,0.0,0.0,0.0,0.0,1.0
13,235,2.9603504111762806,0.0,1.0,1.0,1.0,0.0,0.0,1.0
14,235,7.261620348217407,9.39512706398046,0.0,0.0,0.0,0.0,0.0,1.0
0,240,3.4898640261343186,1.1927815750043782,0.0,1.0,1.0,1.0,0.0,0.0
1,240,3.3842687833602145,10.504072807702393,0.0,1.0,0.0,0.0,0.0,1.0
2,240,4.733241386812563,8.966771585058373,0.0,0.0,0.0,0.0,1.0,0.0
3,240,2.0576621560351938,12.0,1.0,0.0,0.0,1.0,0.0,1.0
4,240,4.152706124539519,12.0,0.0,0.0,0.0,0.0,1.0,1.0
5,240,11.88028733848515,0.5671149278126935,0.0,1.0,0.0,0.0,1.0,0.0
6,240,0.0,0.0,0.0,1.0,0.0,0.0,1.0,0.0
7,240,6.531880577950485,10.85939013823173,1.0,0.0,1.0,0.0,1.0,0.0
8,240,2.3414984784474475,9.275767953894029,1.0,0.0,0.0,0.0,0.0,1.0
9,240,1.9005609886796144,1.2043646555214815,0.0,0.0,1.0,1.0,1.0,1.0
10,240,12.0,4.674462023961655,1.0,0.0,0.0,0.0,0.0,1.0
11,240,0.0,12.0,1.0,0.0,0.0,0.0,0.0,1.0
12,240,3.4587475801339287,10.16740122017524,0.0,0.0,0.0,0.0,0.0,1.0
13,240,3.006355781710544,0.0,1.0,1.0,1.0,0.0,0.0,1.0
14,240,7.321270125610076,9.447073150094006,0.0,0.0,0.0,0.0,0.0,1.0
0,245,3.5504514533257208,1.3001415442555622,0.0,1.0,1.0,1.0,0.0,0.0
1,245,3.547614496561245,10.598147024058418,0.0,1.0,0.0,0.0,0.0,1.0
2,245,4.7721717162913135,8.94498288796677,0.0,0.0,0.0,0.0,1.0,0.0
3,245,2.092852585943428,12.0,1.0,0.0,0.0,1.0,0.0,1.0
4,245,4.166035903425445,12.0,0.0,0.0,0.0,0.0,1.0,1.0
5,245,11.819578958197672,0.5890556002997008,0.0,1.0,0.0,0.0,1.0,0.0
6,245,0.0,0.0,0.0,1.0,0.0,0.0,1.0,0.0
7,245,6.607815844885475,10.8735974652454,1.0,0.0,1.0,0.0,1.0,0.0
8,245,2.4140750796732573,9.4044040924416,1.0,0.0,0.0,0.0,0.0,1.0
9,245,1.7934455641464375,1.260594092481487,0.0,0.0,1.0,1.0,1.0,1.0
10,245,12.0,4.771395972962819,1.0,0.0,0.0,0.0,0.0,1.0
11,245,0.0,12.0,1.0,0.0,0.0,0.0,0.0,1.0
12,245,3.473601681365351,10.19774076641346,0.0,0.0,0.0,0.0,0.0,1.0
13,245,3.050656717545865,0.0,1.0,1.0,1.0,0.0,0.0,1.0
14,245,7.380152322983132,9.496969557846873,0.0,0.0,0.0,0.0,0.0,1.0
0,250,3.608856090248113,1.4085330926749593,0.0,1.0,1.0,1.0,0.0,0.0
1,250,3.714750158186168,10.698756968017689,0.0,1.0,0.0,0.0,0.0,1.0
2,250,4.813794376908245,8.923295324064553,0.0,0.0,0.0,0.0,1.0,0.0
3,250,2.1283140069859283,12.0,1.0,0.0,0.0,1.0,0.0,1.0
4,250,4.176953279341495,12.0,0.0,0.0,0.0,0.0,1.0,1.0
5,250,11.757053260591224,0.6104437309699431,0.0,1.0,0.0,0.0,1.0,0.0
6,250,0.0,0.1494294928789042,0.0,1.0,0.0,0.0,1.0,0.0
7,250,6.701395632214799,10.892142220135812,1.0,0.0,1.0,0.0,1.0,0.0
8,250,2.489555793272719,9.537940597997336,1.0,0.0,0.0,0.0,0.0,1.0
9,250,1.6647908471439896,1.327481921415011,0.0,0.0,1.0,1.0,1.0,1.0
10,250,12.0,4.881326918677761,1.0,0.0,0.0,0.0,0.0,1.0
11,250,0.0,12.0,1.0,0.0,0.0,0.0,0.0,1.0
12,250,3.4880732425887437,10.227424644440829,0.0,0.0,0.0,0.0,0.0,1.0
13,250,3.092531680511026,0.0,1.0,1.0,1.0,0.0,0.0,1.0
14,250,7.448167786923244,9.557232024039804,0.0,0.0,0.0,0.0,0.0,1.0
0,255,3.664106331688455,1.5233059443571717,0.0,1.0,1.0,1.0,0.0,0.0
1,255,3.884605996200594,10.797447859186942,0.0,1.0,0.0,0.0,0.0,1.0
2,255,4.849450102218287,8.904714128377027,0.0,0.0,0.0,0.0,1.0,0.0
3,255,2.1633373269777425,12.0,1.0,0.0,0.0,1.0,0.0,1.0
4,255,4.184901755418492,12.0,0.0,0.0,0.0,0.0,1.0,1.0
5,255,11.702511129581447,0.62994642845119,0.0,1.0,0.0,0.0,1.0,0.0
6,255,0.0,0.2904139712201312,0.0,1.0,0.0,0.0,1.0,0.0
7,255,6.781142997592649,10.90931027510994,1.0,0.0,1.0,0.0,1.0,0.0
8,255,2.5710718121933542,9.685805060728844,1.0,0.0,0.0,0.0,0.0,1.0
9,255,1.5359621498756004,1.3970809705186913,0.0,0.0,1.0,1.0,1.0,1.0
10,255,12.0,4.995659946608929,1.0,0.0,0.0,0.0,0.0,1.0
11,255,0.0,12.0,1.0,0.0,0.0,0.0,0.0,1.0
12,255,3.505199954826096,10.264642500841877,0.0,0.0,0.0,0.0,0.0,1.0
13,255,3.1366260195664344,0.0,1.0,1.0,1.0,0.0,0.0,1.0
14,255,7.500962143217207,9.604487669888243,0.0,0.0,0.0,0.0,0.0,1.0
0,260,3.708175929480893,1.620284157227242,0.0,1.0,1.0,1.0,0.0,0.0
1,260,4.053396180314012,10.887558531743284,0.0,1.0,0.0,0.0,0.0,1.0
2,260,4.889525554967327,8.883433827494194,0.0,0.0,0.0,0.0,1.0,0.0
3,260,2.190146400518309,12.0,1.0,0.0,0.0,1.0,0.0,1.0
4,260,4.194025797243142,12.0,0.0,0.0,0.0,0.0,1.0,1.0
5,260,11.62361635133009,0.6596534791540404,0.0,1.0,0.0,0.0,1.0,0.0
6,260,0.0,0.4253356188154465,0.0,1.0,0.0,0.0,1.0,0.0
7,260,6.850274622370191,10.926642235677566,1.0,0.0,1.0,0.0,1.0,0.0
8,260,2.661615240458189,9.85491272363166,1.0,0.0,0.0,0.0,0.0,1.0
9,260,1.4090726046950568,1.4640329973392538,0.0,0.0,1.0,1.0,1.0,1.0
10,260,12.0,5.131301527654236,1.0,0.0,0.0,0.0,0.0,1.0
11,260,0.0,12.0,1.0,0.0,0.0,0.0,0.0,1.0
12,260,3.5138061770911944,10.282697221190654,0.0,0.0,0.0,0.0,0.0,1.0
13,260,3.1791699226554884,0.0,1.0,1.0,1.0,0.0,0.0,1.0
14,260,7.576462591356863,9.670143822002393,0.0,0.0,0.0,0.0,0.0,1.0
0,265,3.7489028457455142,1.707502126471706,0.0,1.0,1.0,1.0,0.0,0.0
1,265,4.253656716655846,10.989427259995852,0.0,1.0,0.0,0.0,0.0,1.0
2,265,4.929324686357165,8.861128610473308,0.0,0.0,0.0,0.0,1.0,0.0
3,265,2.210513269752579,12.0,1.0,0.0,0.0,1.0,0.0,1.0
4,265,4.200517070706963,12.0,0.0,0.0,0.0,0.0,1.0,1.0
5,265,11.54254758558682,0.6898429470805493,0.0,1.0,0.0,0.0,1.0,0.0
6,265,0.0,0.5475717448545713,0.0,1.0,0.0,0.0,1.0,0.0
7,265,6.90331312222128,10.941351816627185,1.0,0.0,1.0,0.0,1.0,0.0
8,265,2.7608435915635035,10.025566726083436,1.0,0.0,0.0,0.0,0.0,1.0
9,265,1.2944329342543008,1.5286448309019265,0.0,0.0,1.0,1.0,1.0,1.0
10,265,12.0,5.288020588608551,1.0,0.0,0.0,0.0,0.0,1.0
11,265,0.0,12.0,1.0,0.0,0.0,0.0,0.0,1.0
12,265,3.5188633807518785,10.29199623300657,0.0,0.0,0.0,0.0,0.0,1.0
13,265,3.216392705278818,0.0,1.0,1.0,1.0,0.0,0.0,1.0
14,265,7.657139227648362,9.74014258295418,0.0,0.0,0.0,0.0,0.0,1.0
0,270,3.795185841571685,1.8092807714836343,0.0,1.0,1.0,1.0,0.0,0.0
1,270,4.457995591522992,11.093690881944694,0.0,1.0,0.0,0.0,0.0,1.0
2,270,4.975872336692393,8.83506006512047,0.0,0.0,0.0,0.0,1.0,0.0
3,270,2.230060287014465,12.0,1.0,0.0,0.0,1.0,0.0,1.0
4,270,4.204637919403622,12.0,0.0,0.0,0.0,0.0,1.0,1.0
5,270,11.46439684988112,0.7202952261661071,0.0,1.0,0.0,0.0,1.0,0.0
6,270,0.0,0.670125525039784,0.0,1.0,0.0,0.0,1.0,0.0
7,270,6.974904556919522,10.95992170033426,1.0,0.0,1.0,0.0,1.0,0.0
8,270,2.844000965919144,10.17781486819906,1.0,0.0,0.0,0.0,0.0,1.0
9,270,1.185725464143871,1.5910599783797148,0.0,0.0,1.0,1.0,1.0,1.0
10,270,12.0,5.439369564601564,1.0,0.0,0.0,0.0,0.0,1.0
11,270,0.0,12.0,1.0,0.0,0.0,0.0,0.0,1.0
12,270,3.5088124399491054,10.274597138301,0.0,0.0,0.0,0.0,0.0,1.0
13,270,3.2551048561714246,0.0,1.0,1.0,1.0,0.0,0.0,1.0
14,270,7.738548297894827,9.809986872775786,0.0,0.0,0.0,0.0,0.0,1.0
0,275,3.844274818348109,1.907984867717736,0.0,1.0,1.0,1.0,0.0,0.0
1,275,4.671352005712167,11.201032202901402,0.0,1.0,0.0,0.0,0.0,1.0
2,275,4.991981389632572,8.8257009829305,0.0,0.0,0.0,0.0,1.0,0.0
3,275,2.251773908992544,12.0,1.0,0.0,0.0,1.0,0.0,1.0
4,275,4.208898277280007,12.0,0.0,0.0,0.0,0.0,1.0,1.0
5,275,11.40073915152511,0.7466558229578821,0.0,1.0,0.0,0.0,1.0,0.0
6,275,0.0,0.7909102286215595,0.0,1.0,0.0,0.0,1.0,0.0
7,275,7.04066056764522,10.977410850948733,1.0,0.0,1.0,0.0,1.0,0.0
8,275,2.9351736978068868,10.345630574372336,1.0,0.0,0.0,0.0,0.0,1.0
9,275,1.0535444093639648,1.669845686066039,0.0,0.0,1.0,1.0,1.0,1.0
10,275,12.0,5.5754936809671705,1.0,0.0,0.0,0.0,0.0,1.0
11,275,0.0,12.0,1.0,0.0,0.0,0.0,0.0,1.0
12,275,3.4898373011696897,10.242758124625436,0.0,0.0,0.0,0.0,0.0,1.0
13,275,3.291928880186771,0.0,1.0,1.0,1.0,0.0,0.0,1.0
14,275,7.815423635988415,9.878636765009873,0.0,0.0,0.0,0.0,0.0,1.0
0,280,3.89496117755877,2.0112419430714623,0.0,1.0,1.0,1.0,0.0,0.0
1,280,4.883813274309135,11.318725069343945,0.0,1.0,0.0,0.0,0.0,1.0
2,280,4.988957305380423,8.827337052922415,0.0,0.0,0.0,0.0,1.0,0.0
3,280,2.2789876267185183,12.0,1.0,0.0,0.0,1.0,0.0,1.0
4,280,4.212367238555467,12.0,0.0,0.0,0.0,0.0,1.0,1.0
5,280,11.351410806604637,0.7681937530627614,0.0,1.0,0.0,0.0,1.0,0.0
6,280,0.0,0.9018499648947989,0.0,1.0,0.0,0.0,1.0,0.0
7,280,7.082679215559532,10.988063371450954,1.0,0.0,1.0,0.0,1.0,0.0
8,280,3.017639559566831,10.496572222874692,1.0,0.0,0.0,0.0,0.0,1.0
9,280,0.9192227239559142,1.754880757444457,0.0,0.0,1.0,1.0,1.0,1.0
10,280,12.0,5.712455036853423,1.0,0.0,0.0,0.0,0.0,1.0
11,280,0.0,12.0,1.0,0.0,0.0,0.0,0.0,1.0
12,280,3.4681655818700245,10.208108604169396,0.0,0.0,0.0,0.0,0.0,1.0
13,280,3.325905373615219,0.0,1.0,1.0,1.0,0.0,0.0,1.0
14,280,7.911837588724052,9.95956925717682,0.0,0.0,0.0,0.0,0.0,1.0
0,285,3.943113749174663,2.110464971534441,0.0,1.0,1.0,1.0,0.0,0.0
1,285,5.08230311502032,11.428952320410684,0.0,1.0,0.0,0.0,0.0,1.0
2,285,5.01413740930442,8.814042940164663,0.0,0.0,0.0,0.0,1.0,0.0
3,285,2.3051905470773963,12.0,1.0,0.0,0.0,1.0,0.0,1.0
4,285,4.214058468021796,12.0,0.0,0.0,0.0,0.0,1.0,1.0
5,285,11.28760000307929,0.7953538475989645,0.0,1.0,0.0,0.0,1.0,0.0
6,285,0.0,0.9805266921760548,0.0,1.0,0.0,0.0,1.0,0.0
7,285,7.111540082488893,10.9951709386086,1.0,0.0,1.0,0.0,1.0,0.0
8,285,3.110155798932113,10.660942097131077,1.0,0.0,0.0,0.0,0.0,1.0
9,285,0.7789177656902099,1.8428741310011825,0.0,0.0,1.0,1.0,1.0,1.0
10,285,12.0,5.837294369991965,1.0,0.0,0.0,0.0,0.0,1.0
11,285,0.0,12.0,1.0,0.0,0.0,0.0,0.0,1.0
12,285,3.436521723789659,10.157749825824482,0.0,0.0,0.0,0.0,0.0,1.0
13,285,3.368736559571082,0.0,1.0,1.0,1.0,0.0,0.0,1.0
14,285,8.019738784986878,10.044839731018978,0.0,0.0,0.0,0.0,0.0,1.0
0,290,4.052426453480683,2.0592314120283244,0.0,1.0,1.0,1.0,0.0,0.0
1,290,5.272556834613626,11.536739330547318,0.0,1.0,0.0,0.0,0.0,1.0
2,290,5.029422758673586,8.842132813060926,0.0,0.0,0.0,0.0,1.0,0.0
3,290,2.3315383107733005,12.0,1.0,0.0,0.0,1.0,0.0,1.0
4,290,4.217532481490902,12.0,0.0,0.0,0.0,0.0,1.0,1.0
5,290,11.309503041702982,0.8439622474329318,0.0,1.0,0.0,0.0,1.0,0.0
6,290,0.0,1.0594852509943515,0.0,1.0,0.0,0.0,1.0,0.0
7,290,7.148209940234216,11.003490056853677,1.0,0.0,1.0,0.0,1.0,0.0
8,290,3.1945823110971965,10.807671362352718,1.0,0.0,0.0,0.0,0.0,1.0
9,290,0.6369681537614316,1.9247470152971435,0.0,0.0,1.0,1.0,1.0,1.0
10,290,12.0,5.9603787634030665,1.0,0.0,0.0,0.0,0.0,1.0
11,290,0.0,12.0,1.0,0.0,0.0,0.0,0.0,1.0
12,290,3.4055966451332966,10.108999334645562,0.0,0.0,0.0,0.0,0.0,1.0
13,290,3.412188489596178,0.0,1.0,1.0,1.0,0.0,0.0,1.0
14,290,8.114719888779067,10.12576685745901,0.0,0.0,0.0,0.0,0.0,1.0
0,295,4.145473540944369,2.0141681352410337,0.0,1.0,1.0,1.0,0.0,0.0
1,295,5.454896503638543,11.640677643933724,0.0,1.0,0.0,0.0,0.0,1.0
2,295,5.052466515360911,8.88165246843379,0.0,0.0,0.0,0.0,1.0,0.0
3,295,2.357195452666171,12.0,1.0,0.0,0.0,1.0,0.0,1.0
4,295,4.22160621660718,12.0,0.0,0.0,0.0,0.0,1.0,1.0
5,295,11.331319886237214,0.8901709461353827,0.0,1.0,0.0,0.0,1.0,0.0
6,295,0.0,1.1085496900089469,0.0,1.0,0.0,0.0,1.0,0.0
7,295,7.206444770726984,11.019095241537569,1.0,0.0,1.0,0.0,1.0,0.0
8,295,3.2822720625963853,10.958589534390924,1.0,0.0,0.0,0.0,0.0,1.0
9,295,0.4850966287864069,2.0109719742266456,0.0,0.0,1.0,1.0,1.0,1.0
10,295,12.0,6.0758762096549,1.0,0.0,0.0,0.0,0.0,1.0
11,295,0.0,12.0,1.0,0.0,0.0,0.0,0.0,1.0
12,295,3.362586319709551,10.04047584332809,0.0,0.0,0.0,0.0,0.0,1.0
13,295,3.45614594157546,0.0,1.0,1.0,1.0,0.0,0.0,1.0
14,295,8.216342046250626,10.209115534939444,0.0,0.0,0.0,0.0,0.0,1.0
