id, time,pub0,pub1,pub2,sub
0,0,-1.0,-1.0,-1.0,1.0
1,0,-1.0,4.0,-1.0,7.0
2,0,5.0,5.0,5.0,8.0
3,0,1.0,-1.0,-1.0,1.0
4,0,-1.0,-1.0,4.0,4.0
5,0,-1.0,-1.0,8.0,-1.0
6,0,6.0,6.0,6.0,6.0
7,0,-1.0,-1.0,-1.0,7.0
8,0,-1.0,-1.0,5.0,-1.0
9,0,-1.0,2.0,-1.0,2.0
10,0,-1.0,6.0,-1.0,6.0
11,0,1.0,-1.0,0.0,0.0
12,0,0.0,-1.0,0.0,-1.0
13,0,6.0,-1.0,6.0,-1.0
14,0,-1.0,-1.0,6.0,6.0
15,0,-1.0,2.0,-1.0,2.0
16,0,-1.0,6.0,-1.0,-1.0
17,0,7.0,7.0,-1.0,7.0
18,0,-1.0,4.0,-1.0,2.0
19,0,-1.0,0.0,0.0,-1.0
20,0,7.0,-1.0,7.0,8.0
21,0,6.0,-1.0,-1.0,6.0
22,0,3.0,-1.0,-1.0,3.0
23,0,1.0,1.0,-1.0,-1.0
24,0,-1.0,-1.0,0.0,0.0
25,0,1.0,-1.0,-1.0,1.0
26,0,7.0,-1.0,-1.0,-1.0
27,0,-1.0,5.0,5.0,5.0
28,0,-1.0,-1.0,-1.0,6.0
29,0,8.0,8.0,-1.0,8.0
0,5,-1.0,-1.0,-1.0,1.0
1,5,-1.0,4.0,-1.0,7.0
2,5,5.0,5.0,8.0,8.0
3,5,1.0,-1.0,-1.0,1.0
4,5,-1.0,-1.0,4.0,4.0
5,5,-1.0,-1.0,8.0,-1.0
6,5,6.0,6.0,6.0,6.0
7,5,-1.0,-1.0,-1.0,7.0
8,5,-1.0,-1.0,5.0,-1.0
9,5,-1.0,2.0,-1.0,2.0
10,5,-1.0,6.0,-1.0,6.0
11,5,1.0,-1.0,0.0,0.0
12,5,0.0,-1.0,0.0,-1.0
13,5,6.0,-1.0,6.0,-1.0
14,5,-1.0,-1.0,6.0,6.0
15,5,-1.0,2.0,-1.0,2.0
16,5,-1.0,6.0,-1.0,-1.0
17,5,7.0,7.0,-1.0,7.0
18,5,-1.0,4.0,-1.0,2.0
19,5,-1.0,0.0,0.0,-1.0
20,5,7.0,-1.0,7.0,8.0
21,5,6.0,-1.0,-1.0,6.0
22,5,3.0,-1.0,-1.0,3.0
23,5,1.0,1.0,-1.0,-1.0
24,5,-1.0,-1.0,0.0,0.0
25,5,1.0,-1.0,-1.0,1.0
26,5,7.0,-1.0,-1.0,-1.0
27,5,-1.0,5.0,5.0,5.0
28,5,-1.0,-1.0,-1.0,6.0
29,5,8.0,8.0,-1.0,8.0
0,10,-1.0,-1.0,-1.0,1.0
1,10,-1.0,4.0,-1.0,7.0
2,10,5.0,5.0,8.0,8.0
3,10,1.0,-1.0,-1.0,1.0
4,10,-1.0,-1.0,4.0,4.0
5,10,-1.0,-1.0,8.0,-1.0
6,10,6.0,6.0,6.0,6.0
7,10,-1.0,-1.0,-1.0,7.0
8,10,-1.0,-1.0,5.0,-1.0
9,10,-1.0,2.0,-1.0,2.0
10,10,-1.0,6.0,-1.0,6.0
11,10,1.0,-1.0,0.0,0.0
12,10,0.0,-1.0,0.0,-1.0
13,10,6.0,-1.0,6.0,-1.0
14,10,-1.0,-1.0,6.0,6.0
15,10,-1.0,2.0,-1.0,2.0
16,10,-1.0,6.0,-1.0,-1.0
17,10,7.0,7.0,-1.0,7.0
18,10,-1.0,4.0,-1.0,2.0
19,10,-1.0,0.0,0.0,-1.0
20,10,7.0,-1.0,7.0,8.0
21,10,6.0,-1.0,-1.0,6.0
22,10,3.0,-1.0,-1.0,3.0
23,10,1.0,1.0,-1.0,-1.0
24,10,-1.0,-1.0,0.0,0.0
25,10,1.0,-1.0,-1.0,1.0
26,10,7.0,-1.0,-1.0,-1.0
27,10,-1.0,5.0,5.0,5.0
28,10,-1.0,-1.0,-1.0,6.0
29,10,8.0,8.0,-1.0,8.0
0,15,-1.0,-1.0,-1.0,1.0
1,15,-1.0,4.0,-1.0,7.0
2,15,5.0,5.0,8.0,8.0
3,15,1.0,-1.0,-1.0,1.0
4,15,-1.0,-1.0,4.0,4.0
5,15,-1.0,-1.0,8.0,-1.0
6,15,6.0,6.0,6.0,6.0
7,15,-1.0,-1.0,-1.0,7.0
8,15,-1.0,-1.0,5.0,-1.0
9,15,-1.0,2.0,-1.0,2.0
10,15,-1.0,6.0,-1.0,6.0
11,15,1.0,-1.0,0.0,0.0
12,15,0.0,-1.0,0.0,-1.0
13,15,6.0,-1.0,6.0,-1.0
14,15,-1.0,-1.0,6.0,6.0
15,15,-1.0,2.0,-1.0,2.0
16,15,-1.0,3.0,-1.0,-1.0
17,15,7.0,7.0,-1.0,7.0
18,15,-1.0,4.0,-1.0,2.0
19,15,-1.0,0.0,0.0,-1.0
20,15,7.0,-1.0,7.0,8.0
21,15,6.0,-1.0,-1.0,6.0
22,15,3.0,-1.0,-1.0,3.0
23,15,1.0,1.0,-1.0,-1.0
24,15,-1.0,-1.0,0.0,0.0
25,15,1.0,-1.0,-1.0,1.0
26,15,7.0,-1.0,-1.0,-1.0
27,15,-1.0,5.0,5.0,5.0
28,15,-1.0,-1.0,-1.0,6.0
29,15,8.0,8.0,-1.0,8.0
0,20,-1.0,-1.0,-1.0,1.0
1,20,-1.0,4.0,-1.0,7.0
2,20,5.0,5.0,8.0,8.0
3,20,-1.0,-1.0,-1.0,1.0
4,20,-1.0,-1.0,4.0,4.0
5,20,-1.0,-1.0,8.0,-1.0
6,20,6.0,-1.0,6.0,6.0
7,20,-1.0,-1.0,-1.0,7.0
8,20,-1.0,-1.0,5.0,-1.0
9,20,-1.0,2.0,-1.0,2.0
10,20,-1.0,6.0,-1.0,6.0
11,20,1.0,-1.0,0.0,0.0
12,20,0.0,-1.0,0.0,-1.0
13,20,6.0,-1.0,6.0,-1.0
14,20,-1.0,-1.0,6.0,6.0
15,20,-1.0,2.0,-1.0,2.0
16,20,-1.0,3.0,-1.0,-1.0
17,20,7.0,7.0,-1.0,7.0
18,20,-1.0,4.0,-1.0,2.0
19,20,-1.0,0.0,0.0,-1.0
20,20,7.0,-1.0,7.0,8.0
21,20,6.0,-1.0,-1.0,6.0
22,20,3.0,-1.0,-1.0,3.0
23,20,1.0,1.0,-1.0,-1.0
24,20,-1.0,-1.0,0.0,0.0
25,20,1.0,-1.0,-1.0,1.0
26,20,7.0,-1.0,-1.0,-1.0
27,20,-1.0,5.0,5.0,5.0
28,20,-1.0,-1.0,-1.0,6.0
29,20,8.0,8.0,-1.0,8.0
0,25,-1.0,-1.0,-1.0,1.0
1,25,-1.0,4.0,-1.0,7.0
2,25,5.0,5.0,-1.0,8.0
3,25,-1.0,-1.0,-1.0,1.0
4,25,-1.0,-1.0,4.0,4.0
5,25,-1.0,-1.0,8.0,-1.0
6,25,6.0,-1.0,6.0,6.0
7,25,-1.0,-1.0,-1.0,7.0
8,25,-1.0,-1.0,5.0,-1.0
9,25,-1.0,2.0,-1.0,2.0
10,25,-1.0,6.0,-1.0,6.0
11,25,1.0,-1.0,3.0,0.0
12,25,0.0,-1.0,0.0,-1.0
13,25,6.0,-1.0,6.0,-1.0
14,25,-1.0,-1.0,6.0,6.0
15,25,-1.0,2.0,-1.0,2.0
16,25,-1.0,3.0,-1.0,-1.0
17,25,7.0,7.0,-1.0,7.0
18,25,-1.0,4.0,-1.0,2.0
19,25,-1.0,0.0,-1.0,-1.0
20,25,7.0,-1.0,-1.0,8.0
21,25,6.0,-1.0,-1.0,6.0
22,25,3.0,-1.0,-1.0,3.0
23,25,1.0,1.0,-1.0,-1.0
24,25,-1.0,-1.0,-1.0,0.0
25,25,1.0,-1.0,-1.0,1.0
26,25,7.0,-1.0,-1.0,-1.0
27,25,-1.0,5.0,5.0,5.0
28,25,-1.0,-1.0,-1.0,6.0
29,25,8.0,-1.0,-1.0,8.0
0,30,-1.0,-1.0,-1.0,1.0
1,30,-1.0,4.0,-1.0,7.0
2,30,5.0,5.0,8.0,8.0
3,30,1.0,-1.0,-1.0,1.0
4,30,-1.0,-1.0,4.0,4.0
5,30,-1.0,-1.0,8.0,-1.0
6,30,6.0,6.0,6.0,6.0
7,30,-1.0,-1.0,-1.0,7.0
8,30,-1.0,-1.0,5.0,-1.0
9,30,-1.0,2.0,-1.0,2.0
10,30,-1.0,6.0,-1.0,6.0
11,30,1.0,-1.0,3.0,0.0
12,30,0.0,-1.0,0.0,-1.0
13,30,6.0,-1.0,6.0,-1.0
14,30,-1.0,-1.0,6.0,6.0
15,30,-1.0,2.0,-1.0,2.0
16,30,-1.0,3.0,-1.0,-1.0
17,30,7.0,7.0,-1.0,7.0
18,30,-1.0,4.0,-1.0,2.0
19,30,-1.0,0.0,0.0,-1.0
20,30,7.0,-1.0,7.0,8.0
21,30,6.0,-1.0,-1.0,6.0
22,30,3.0,-1.0,-1.0,3.0
23,30,1.0,1.0,-1.0,-1.0
24,30,-1.0,-1.0,0.0,0.0
25,30,1.0,-1.0,-1.0,1.0
26,30,7.0,-1.0,-1.0,-1.0
27,30,-1.0,5.0,5.0,5.0
28,30,-1.0,-1.0,-1.0,6.0
29,30,8.0,8.0,-1.0,8.0
0,35,-1.0,-1.0,-1.0,1.0
1,35,-1.0,4.0,-1.0,7.0
2,35,8.0,5.0,8.0,8.0
3,35,2.0,-1.0,-1.0,1.0
4,35,-1.0,-1.0,4.0,4.0
5,35,-1.0,-1.0,8.0,-1.0
6,35,6.0,7.0,6.0,6.0
7,35,-1.0,-1.0,-1.0,7.0
8,35,-1.0,-1.0,5.0,-1.0
9,35,-1.0,2.0,-1.0,2.0
10,35,-1.0,3.0,-1.0,6.0
11,35,1.0,-1.0,0.0,0.0
12,35,1.0,-1.0,0.0,-1.0
13,35,6.0,-1.0,6.0,-1.0
14,35,-1.0,-1.0,6.0,6.0
15,35,-1.0,2.0,-1.0,2.0
16,35,-1.0,3.0,-1.0,-1.0
17,35,7.0,7.0,-1.0,7.0
18,35,-1.0,4.0,-1.0,2.0
19,35,-1.0,0.0,0.0,-1.0
20,35,8.0,-1.0,4.0,8.0
21,35,6.0,-1.0,-1.0,6.0
22,35,3.0,-1.0,-1.0,3.0
23,35,1.0,1.0,-1.0,-1.0
24,35,-1.0,-1.0,0.0,0.0
25,35,1.0,-1.0,-1.0,1.0
26,35,7.0,-1.0,-1.0,-1.0
27,35,-1.0,5.0,5.0,5.0
28,35,-1.0,-1.0,-1.0,6.0
29,35,8.0,7.0,-1.0,8.0
0,40,-1.0,-1.0,-1.0,1.0
1,40,-1.0,4.0,-1.0,7.0
2,40,8.0,5.0,8.0,8.0
3,40,2.0,-1.0,-1.0,1.0
4,40,-1.0,-1.0,4.0,4.0
5,40,-1.0,-1.0,8.0,-1.0
6,40,6.0,7.0,6.0,6.0
7,40,-1.0,-1.0,-1.0,7.0
8,40,-1.0,-1.0,5.0,-1.0
9,40,-1.0,2.0,-1.0,2.0
10,40,-1.0,3.0,-1.0,6.0
11,40,1.0,-1.0,0.0,0.0
12,40,1.0,-1.0,0.0,-1.0
13,40,6.0,-1.0,6.0,-1.0
14,40,-1.0,-1.0,6.0,6.0
15,40,-1.0,2.0,-1.0,2.0
16,40,-1.0,3.0,-1.0,-1.0
17,40,7.0,7.0,-1.0,7.0
18,40,-1.0,4.0,-1.0,2.0
19,40,-1.0,0.0,0.0,-1.0
20,40,8.0,-1.0,4.0,8.0
21,40,6.0,-1.0,-1.0,6.0
22,40,3.0,-1.0,-1.0,3.0
23,40,1.0,1.0,-1.0,-1.0
24,40,-1.0,-1.0,0.0,0.0
25,40,1.0,-1.0,-1.0,1.0
26,40,7.0,-1.0,-1.0,-1.0
27,40,-1.0,5.0,5.0,5.0
28,40,-1.0,-1.0,-1.0,6.0
29,40,8.0,7.0,-1.0,8.0
0,45,-1.0,-1.0,-1.0,1.0
1,45,-1.0,4.0,-1.0,7.0
2,45,8.0,5.0,5.0,8.0
3,45,1.0,-1.0,-1.0,1.0
4,45,-1.0,-1.0,4.0,4.0
5,45,-1.0,-1.0,4.0,-1.0
6,45,7.0,6.0,6.0,6.0
7,45,-1.0,-1.0,-1.0,7.0
8,45,-1.0,-1.0,5.0,-1.0
9,45,-1.0,2.0,-1.0,2.0
10,45,-1.0,6.0,-1.0,6.0
11,45,1.0,-1.0,0.0,0.0
12,45,1.0,-1.0,0.0,-1.0
13,45,3.0,-1.0,6.0,-1.0
14,45,-1.0,-1.0,6.0,6.0
15,45,-1.0,2.0,-1.0,2.0
16,45,-1.0,3.0,-1.0,-1.0
17,45,7.0,7.0,-1.0,7.0
18,45,-1.0,2.0,-1.0,2.0
19,45,-1.0,0.0,0.0,-1.0
20,45,8.0,-1.0,4.0,8.0
21,45,7.0,-1.0,-1.0,6.0
22,45,3.0,-1.0,-1.0,3.0
23,45,1.0,1.0,-1.0,-1.0
24,45,-1.0,-1.0,0.0,0.0
25,45,1.0,-1.0,-1.0,1.0
26,45,7.0,-1.0,-1.0,-1.0
27,45,-1.0,5.0,5.0,5.0
28,45,-1.0,-1.0,-1.0,6.0
29,45,8.0,8.0,-1.0,8.0
0,50,-1.0,-1.0,-1.0,1.0
1,50,-1.0,4.0,-1.0,7.0
2,50,8.0,5.0,5.0,8.0
3,50,1.0,-1.0,-1.0,1.0
4,50,-1.0,-1.0,4.0,4.0
5,50,-1.0,-1.0,4.0,-1.0
6,50,7.0,6.0,6.0,6.0
7,50,-1.0,-1.0,-1.0,7.0
8,50,-1.0,-1.0,5.0,-1.0
9,50,-1.0,2.0,-1.0,2.0
10,50,-1.0,6.0,-1.0,6.0
11,50,1.0,-1.0,0.0,0.0
12,50,1.0,-1.0,0.0,-1.0
13,50,3.0,-1.0,6.0,-1.0
14,50,-1.0,-1.0,6.0,6.0
15,50,-1.0,2.0,-1.0,2.0
16,50,-1.0,3.0,-1.0,-1.0
17,50,7.0,7.0,-1.0,7.0
18,50,-1.0,2.0,-1.0,2.0
19,50,-1.0,0.0,0.0,-1.0
20,50,8.0,-1.0,4.0,8.0
21,50,7.0,-1.0,-1.0,6.0
22,50,3.0,-1.0,-1.0,3.0
23,50,1.0,1.0,-1.0,-1.0
24,50,-1.0,-1.0,0.0,0.0
25,50,1.0,-1.0,-1.0,1.0
26,50,7.0,-1.0,-1.0,-1.0
27,50,-1.0,5.0,5.0,5.0
28,50,-1.0,-1.0,-1.0,6.0
29,50,8.0,8.0,-1.0,8.0
0,55,-1.0,-1.0,-1.0,1.0
1,55,-1.0,4.0,-1.0,7.0
2,55,8.0,5.0,5.0,8.0
3,55,1.0,-1.0,-1.0,1.0
4,55,-1.0,-1.0,4.0,4.0
5,55,-1.0,-1.0,4.0,-1.0
6,55,6.0,7.0,3.0,6.0
7,55,-1.0,-1.0,-1.0,7.0
8,55,-1.0,-1.0,5.0,-1.0
9,55,-1.0,2.0,-1.0,2.0
10,55,-1.0,3.0,-1.0,6.0
11,55,1.0,-1.0,0.0,0.0
12,55,1.0,-1.0,0.0,-1.0
13,55,6.0,-1.0,3.0,-1.0
14,55,-1.0,-1.0,7.0,6.0
15,55,-1.0,2.0,-1.0,2.0
16,55,-1.0,3.0,-1.0,-1.0
17,55,8.0,7.0,-1.0,7.0
18,55,-1.0,2.0,-1.0,2.0
19,55,-1.0,0.0,0.0,-1.0
20,55,8.0,-1.0,7.0,8.0
21,55,6.0,-1.0,-1.0,6.0
22,55,6.0,-1.0,-1.0,3.0
23,55,1.0,4.0,-1.0,-1.0
24,55,-1.0,-1.0,0.0,0.0
25,55,1.0,-1.0,-1.0,1.0
26,55,6.0,-1.0,-1.0,-1.0
27,55,-1.0,5.0,5.0,5.0
28,55,-1.0,-1.0,-1.0,6.0
29,55,8.0,7.0,-1.0,8.0
0,60,-1.0,-1.0,-1.0,1.0
1,60,-1.0,4.0,-1.0,7.0
2,60,8.0,5.0,5.0,8.0
3,60,1.0,-1.0,-1.0,1.0
4,60,-1.0,-1.0,4.0,4.0
5,60,-1.0,-1.0,4.0,-1.0
6,60,6.0,7.0,3.0,6.0
7,60,-1.0,-1.0,-1.0,7.0
8,60,-1.0,-1.0,5.0,-1.0
9,60,-1.0,2.0,-1.0,2.0
10,60,-1.0,3.0,-1.0,6.0
11,60,1.0,-1.0,0.0,0.0
12,60,1.0,-1.0,0.0,-1.0
13,60,6.0,-1.0,3.0,-1.0
14,60,-1.0,-1.0,7.0,6.0
15,60,-1.0,2.0,-1.0,2.0
16,60,-1.0,3.0,-1.0,-1.0
17,60,8.0,7.0,-1.0,7.0
18,60,-1.0,2.0,-1.0,2.0
19,60,-1.0,0.0,0.0,-1.0
20,60,8.0,-1.0,7.0,8.0
21,60,6.0,-1.0,-1.0,6.0
22,60,6.0,-1.0,-1.0,3.0
23,60,1.0,4.0,-1.0,-1.0
24,60,-1.0,-1.0,0.0,0.0
25,60,1.0,-1.0,-1.0,1.0
26,60,6.0,-1.0,-1.0,-1.0
27,60,-1.0,5.0,5.0,5.0
28,60,-1.0,-1.0,-1.0,6.0
29,60,8.0,7.0,-1.0,8.0
0,65,-1.0,-1.0,-1.0,1.0
1,65,-1.0,4.0,-1.0,7.0
2,65,8.0,5.0,5.0,8.0
3,65,1.0,-1.0,-1.0,1.0
4,65,-1.0,-1.0,4.0,4.0
5,65,-1.0,-1.0,4.0,-1.0
6,65,6.0,7.0,3.0,6.0
7,65,-1.0,-1.0,-1.0,7.0
8,65,-1.0,-1.0,5.0,-1.0
9,65,-1.0,2.0,-1.0,2.0
10,65,-1.0,3.0,-1.0,6.0
11,65,1.0,-1.0,0.0,0.0
12,65,1.0,-1.0,0.0,-1.0
13,65,6.0,-1.0,3.0,-1.0
14,65,-1.0,-1.0,7.0,6.0
15,65,-1.0,2.0,-1.0,2.0
16,65,-1.0,3.0,-1.0,-1.0
17,65,8.0,7.0,-1.0,7.0
18,65,-1.0,2.0,-1.0,2.0
19,65,-1.0,0.0,0.0,-1.0
20,65,8.0,-1.0,7.0,8.0
21,65,6.0,-1.0,-1.0,6.0
22,65,6.0,-1.0,-1.0,3.0
23,65,1.0,4.0,-1.0,-1.0
24,65,-1.0,-1.0,0.0,0.0
25,65,1.0,-1.0,-1.0,1.0
26,65,6.0,-1.0,-1.0,-1.0
27,65,-1.0,5.0,5.0,5.0
28,65,-1.0,-1.0,-1.0,6.0
29,65,8.0,7.0,-1.0,8.0
0,70,-1.0,-1.0,-1.0,1.0
1,70,-1.0,4.0,-1.0,7.0
2,70,8.0,5.0,5.0,8.0
3,70,1.0,-1.0,-1.0,1.0
4,70,-1.0,-1.0,4.0,4.0
5,70,-1.0,-1.0,4.0,-1.0
6,70,6.0,7.0,3.0,6.0
7,70,-1.0,-1.0,-1.0,7.0
8,70,-1.0,-1.0,5.0,-1.0
9,70,-1.0,2.0,-1.0,2.0
10,70,-1.0,3.0,-1.0,6.0
11,70,1.0,-1.0,0.0,0.0
12,70,1.0,-1.0,0.0,-1.0
13,70,6.0,-1.0,3.0,-1.0
14,70,-1.0,-1.0,7.0,6.0
15,70,-1.0,2.0,-1.0,2.0
16,70,-1.0,3.0,-1.0,-1.0
17,70,8.0,7.0,-1.0,7.0
18,70,-1.0,2.0,-1.0,2.0
19,70,-1.0,0.0,0.0,-1.0
20,70,8.0,-1.0,7.0,8.0
21,70,6.0,-1.0,-1.0,6.0
22,70,6.0,-1.0,-1.0,3.0
23,70,1.0,4.0,-1.0,-1.0
24,70,-1.0,-1.0,0.0,0.0
25,70,1.0,-1.0,-1.0,1.0
26,70,6.0,-1.0,-1.0,-1.0
27,70,-1.0,5.0,5.0,5.0
28,70,-1.0,-1.0,-1.0,6.0
29,70,8.0,7.0,-1.0,8.0
0,75,-1.0,-1.0,-1.0,1.0
1,75,-1.0,4.0,-1.0,7.0
2,75,8.0,5.0,5.0,8.0
3,75,1.0,-1.0,-1.0,1.0
4,75,-1.0,-1.0,4.0,4.0
5,75,-1.0,-1.0,4.0,-1.0
6,75,6.0,7.0,3.0,6.0
7,75,-1.0,-1.0,-1.0,7.0
8,75,-1.0,-1.0,5.0,-1.0
9,75,-1.0,2.0,-1.0,2.0
10,75,-1.0,3.0,-1.0,6.0
11,75,1.0,-1.0,0.0,0.0
12,75,1.0,-1.0,0.0,-1.0
13,75,6.0,-1.0,3.0,-1.0
14,75,-1.0,-1.0,7.0,6.0
15,75,-1.0,2.0,-1.0,2.0
16,75,-1.0,3.0,-1.0,-1.0
17,75,8.0,7.0,-1.0,7.0
18,75,-1.0,2.0,-1.0,2.0
19,75,-1.0,0.0,0.0,-1.0
20,75,8.0,-1.0,7.0,8.0
21,75,6.0,-1.0,-1.0,6.0
22,75,6.0,-1.0,-1.0,3.0
23,75,1.0,4.0,-1.0,-1.0
24,75,-1.0,-1.0,0.0,0.0
25,75,1.0,-1.0,-1.0,1.0
26,75,6.0,-1.0,-1.0,-1.0
27,75,-1.0,5.0,5.0,5.0
28,75,-1.0,-1.0,-1.0,6.0
29,75,8.0,7.0,-1.0,8.0
0,80,-1.0,-1.0,-1.0,1.0
1,80,-1.0,4.0,-1.0,7.0
2,80,8.0,5.0,5.0,8.0
3,80,1.0,-1.0,-1.0,1.0
4,80,-1.0,-1.0,4.0,4.0
5,80,-1.0,-1.0,4.0,-1.0
6,80,6.0,7.0,3.0,6.0
7,80,-1.0,-1.0,-1.0,7.0
8,80,-1.0,-1.0,5.0,-1.0
9,80,-1.0,2.0,-1.0,2.0
10,80,-1.0,3.0,-1.0,6.0
11,80,1.0,-1.0,0.0,0.0
12,80,1.0,-1.0,0.0,-1.0
13,80,6.0,-1.0,3.0,-1.0
14,80,-1.0,-1.0,7.0,6.0
15,80,-1.0,2.0,-1.0,2.0
16,80,-1.0,3.0,-1.0,-1.0
17,80,8.0,7.0,-1.0,7.0
18,80,-1.0,2.0,-1.0,2.0
19,80,-1.0,0.0,0.0,-1.0
20,80,8.0,-1.0,7.0,8.0
21,80,6.0,-1.0,-1.0,6.0
22,80,6.0,-1.0,-1.0,3.0
23,80,1.0,4.0,-1.0,-1.0
24,80,-1.0,-1.0,0.0,0.0
25,80,1.0,-1.0,-1.0,1.0
26,80,6.0,-1.0,-1.0,-1.0
27,80,-1.0,5.0,5.0,5.0
28,80,-1.0,-1.0,-1.0,6.0
29,80,8.0,7.0,-1.0,8.0
0,85,-1.0,-1.0,-1.0,1.0
1,85,-1.0,7.0,-1.0,7.0
2,85,8.0,5.0,5.0,8.0
3,85,1.0,-1.0,-1.0,1.0
4,85,-1.0,-1.0,4.0,4.0
5,85,-1.0,-1.0,4.0,-1.0
6,85,6.0,7.0,3.0,6.0
7,85,-1.0,-1.0,-1.0,7.0
8,85,-1.0,-1.0,5.0,-1.0
9,85,-1.0,2.0,-1.0,2.0
10,85,-1.0,3.0,-1.0,6.0
11,85,1.0,-1.0,0.0,0.0
12,85,1.0,-1.0,0.0,-1.0
13,85,6.0,-1.0,3.0,-1.0
14,85,-1.0,-1.0,7.0,6.0
15,85,-1.0,2.0,-1.0,2.0
16,85,-1.0,3.0,-1.0,-1.0
17,85,8.0,7.0,-1.0,7.0
18,85,-1.0,2.0,-1.0,2.0
19,85,-1.0,0.0,0.0,-1.0
20,85,8.0,-1.0,4.0,8.0
21,85,6.0,-1.0,-1.0,6.0
22,85,6.0,-1.0,-1.0,3.0
23,85,1.0,4.0,-1.0,-1.0
24,85,-1.0,-1.0,0.0,0.0
25,85,1.0,-1.0,-1.0,1.0
26,85,6.0,-1.0,-1.0,-1.0
27,85,-1.0,5.0,5.0,5.0
28,85,-1.0,-1.0,-1.0,6.0
29,85,8.0,7.0,-1.0,8.0
0,90,-1.0,-1.0,-1.0,1.0
1,90,-1.0,7.0,-1.0,7.0
2,90,8.0,5.0,5.0,8.0
3,90,1.0,-1.0,-1.0,1.0
4,90,-1.0,-1.0,4.0,4.0
5,90,-1.0,-1.0,4.0,-1.0
6,90,6.0,7.0,3.0,6.0
7,90,-1.0,-1.0,-1.0,7.0
8,90,-1.0,-1.0,5.0,-1.0
9,90,-1.0,2.0,-1.0,2.0
10,90,-1.0,3.0,-1.0,6.0
11,90,1.0,-1.0,0.0,0.0
12,90,1.0,-1.0,0.0,-1.0
13,90,6.0,-1.0,3.0,-1.0
14,90,-1.0,-1.0,7.0,6.0
15,90,-1.0,2.0,-1.0,2.0
16,90,-1.0,3.0,-1.0,-1.0
17,90,8.0,7.0,-1.0,7.0
18,90,-1.0,2.0,-1.0,2.0
19,90,-1.0,0.0,0.0,-1.0
20,90,8.0,-1.0,4.0,8.0
21,90,6.0,-1.0,-1.0,6.0
22,90,6.0,-1.0,-1.0,3.0
23,90,1.0,4.0,-1.0,-1.0
24,90,-1.0,-1.0,0.0,0.0
25,90,1.0,-1.0,-1.0,1.0
26,90,6.0,-1.0,-1.0,-1.0
27,90,-1.0,5.0,5.0,5.0
28,90,-1.0,-1.0,-1.0,6.0
29,90,8.0,7.0,-1.0,8.0
0,95,-1.0,-1.0,-1.0,2.0
1,95,-1.0,7.0,-1.0,7.0
2,95,8.0,5.0,5.0,8.0
3,95,1.0,-1.0,-1.0,1.0
4,95,-1.0,-1.0,4.0,4.0
5,95,-1.0,-1.0,4.0,-1.0
6,95,6.0,7.0,3.0,6.0
7,95,-1.0,-1.0,-1.0,7.0
8,95,-1.0,-1.0,5.0,-1.0
9,95,-1.0,2.0,-1.0,2.0
10,95,-1.0,3.0,-1.0,6.0
11,95,1.0,-1.0,0.0,0.0
12,95,1.0,-1.0,0.0,-1.0
13,95,6.0,-1.0,3.0,-1.0
14,95,-1.0,-1.0,7.0,6.0
15,95,-1.0,2.0,-1.0,2.0
16,95,-1.0,3.0,-1.0,-1.0
17,95,8.0,7.0,-1.0,7.0
18,95,-1.0,2.0,-1.0,2.0
19,95,-1.0,0.0,0.0,-1.0
20,95,8.0,-1.0,4.0,8.0
21,95,6.0,-1.0,-1.0,6.0
22,95,6.0,-1.0,-1.0,3.0
23,95,1.0,4.0,-1.0,-1.0
24,95,-1.0,-1.0,0.0,0.0
25,95,1.0,-1.0,-1.0,1.0
26,95,6.0,-1.0,-1.0,-1.0
27,95,-1.0,5.0,5.0,5.0
28,95,-1.0,-1.0,-1.0,6.0
29,95,8.0,7.0,-1.0,8.0
0,100,-1.0,-1.0,-1.0,2.0
1,100,-1.0,7.0,-1.0,7.0
2,100,8.0,5.0,5.0,8.0
3,100,1.0,-1.0,-1.0,1.0
4,100,-1.0,-1.0,4.0,4.0
5,100,-1.0,-1.0,4.0,-1.0
6,100,6.0,7.0,3.0,6.0
7,100,-1.0,-1.0,-1.0,7.0
8,100,-1.0,-1.0,5.0,-1.0
9,100,-1.0,2.0,-1.0,2.0
10,100,-1.0,3.0,-1.0,6.0
11,100,1.0,-1.0,0.0,0.0
12,100,1.0,-1.0,0.0,-1.0
13,100,6.0,-1.0,3.0,-1.0
14,100,-1.0,-1.0,7.0,6.0
15,100,-1.0,2.0,-1.0,2.0
16,100,-1.0,3.0,-1.0,-1.0
17,100,8.0,7.0,-1.0,7.0
18,100,-1.0,2.0,-1.0,2.0
19,100,-1.0,0.0,0.0,-1.0
20,100,8.0,-1.0,4.0,8.0
21,100,6.0,-1.0,-1.0,6.0
22,100,6.0,-1.0,-1.0,3.0
23,100,1.0,4.0,-1.0,-1.0
24,100,-1.0,-1.0,0.0,0.0
25,100,1.0,-1.0,-1.0,1.0
26,100,6.0,-1.0,-1.0,-1.0
27,100,-1.0,5.0,5.0,5.0
28,100,-1.0,-1.0,-1.0,6.0
29,100,8.0,7.0,-1.0,8.0
0,105,-1.0,-1.0,-1.0,2.0
1,105,-1.0,7.0,-1.0,7.0
2,105,8.0,5.0,5.0,8.0
3,105,1.0,-1.0,-1.0,1.0
4,105,-1.0,-1.0,4.0,4.0
5,105,-1.0,-1.0,4.0,-1.0
6,105,6.0,7.0,3.0,6.0
7,105,-1.0,-1.0,-1.0,7.0
8,105,-1.0,-1.0,5.0,-1.0
9,105,-1.0,2.0,-1.0,2.0
10,105,-1.0,3.0,-1.0,6.0
11,105,1.0,-1.0,0.0,0.0
12,105,1.0,-1.0,0.0,-1.0
13,105,6.0,-1.0,3.0,-1.0
14,105,-1.0,-1.0,7.0,6.0
15,105,-1.0,2.0,-1.0,2.0
16,105,-1.0,3.0,-1.0,-1.0
17,105,8.0,7.0,-1.0,7.0
18,105,-1.0,2.0,-1.0,2.0
19,105,-1.0,0.0,0.0,-1.0
20,105,8.0,-1.0,4.0,8.0
21,105,6.0,-1.0,-1.0,6.0
22,105,6.0,-1.0,-1.0,3.0
23,105,1.0,4.0,-1.0,-1.0
24,105,-1.0,-1.0,0.0,0.0
25,105,1.0,-1.0,-1.0,1.0
26,105,6.0,-1.0,-1.0,-1.0
27,105,-1.0,5.0,5.0,5.0
28,105,-1.0,-1.0,-1.0,6.0
29,105,8.0,7.0,-1.0,8.0
0,110,-1.0,-1.0,-1.0,2.0
1,110,-1.0,7.0,-1.0,7.0
2,110,8.0,5.0,5.0,8.0
3,110,1.0,-1.0,-1.0,1.0
4,110,-1.0,-1.0,4.0,4.0
5,110,-1.0,-1.0,4.0,-1.0
6,110,6.0,7.0,3.0,6.0
7,110,-1.0,-1.0,-1.0,7.0
8,110,-1.0,-1.0,5.0,-1.0
9,110,-1.0,2.0,-1.0,2.0
10,110,-1.0,3.0,-1.0,6.0
11,110,1.0,-1.0,0.0,0.0
12,110,1.0,-1.0,0.0,-1.0
13,110,6.0,-1.0,3.0,-1.0
14,110,-1.0,-1.0,7.0,6.0
15,110,-1.0,2.0,-1.0,2.0
16,110,-1.0,3.0,-1.0,-1.0
17,110,8.0,7.0,-1.0,7.0
18,110,-1.0,2.0,-1.0,2.0
19,110,-1.0,0.0,0.0,-1.0
20,110,8.0,-1.0,4.0,8.0
21,110,6.0,-1.0,-1.0,6.0
22,110,6.0,-1.0,-1.0,3.0
23,110,1.0,4.0,-1.0,-1.0
24,110,-1.0,-1.0,0.0,0.0
25,110,1.0,-1.0,-1.0,1.0
26,110,6.0,-1.0,-1.0,-1.0
27,110,-1.0,5.0,5.0,5.0
28,110,-1.0,-1.0,-1.0,6.0
29,110,8.0,7.0,-1.0,8.0
0,115,-1.0,-1.0,-1.0,2.0
1,115,-1.0,7.0,-1.0,7.0
2,115,8.0,5.0,5.0,8.0
3,115,1.0,-1.0,-1.0,1.0
4,115,-1.0,-1.0,4.0,4.0
5,115,-1.0,-1.0,4.0,-1.0
6,115,6.0,7.0,3.0,6.0
7,115,-1.0,-1.0,-1.0,7.0
8,115,-1.0,-1.0,5.0,-1.0
9,115,-1.0,2.0,-1.0,2.0
10,115,-1.0,3.0,-1.0,6.0
11,115,1.0,-1.0,0.0,0.0
12,115,1.0,-1.0,0.0,-1.0
13,115,6.0,-1.0,3.0,-1.0
14,115,-1.0,-1.0,7.0,6.0
15,115,-1.0,2.0,-1.0,2.0
16,115,-1.0,3.0,-1.0,-1.0
17,115,8.0,7.0,-1.0,7.0
18,115,-1.0,2.0,-1.0,2.0
19,115,-1.0,0.0,0.0,-1.0
20,115,8.0,-1.0,4.0,8.0
21,115,6.0,-1.0,-1.0,6.0
22,115,6.0,-1.0,-1.0,3.0
23,115,1.0,4.0,-1.0,-1.0
24,115,-1.0,-1.0,0.0,0.0
25,115,1.0,-1.0,-1.0,1.0
26,115,6.0,-1.0,-1.0,-1.0
27,115,-1.0,5.0,5.0,5.0
28,115,-1.0,-1.0,-1.0,6.0
29,115,8.0,7.0,-1.0,8.0
0,120,-1.0,-1.0,-1.0,2.0
1,120,-1.0,7.0,-1.0,7.0
2,120,8.0,5.0,5.0,8.0
3,120,1.0,-1.0,-1.0,1.0
4,120,-1.0,-1.0,4.0,4.0
5,120,-1.0,-1.0,4.0,-1.0
6,120,6.0,7.0,3.0,6.0
7,120,-1.0,-1.0,-1.0,7.0
8,120,-1.0,-1.0,5.0,-1.0
9,120,-1.0,2.0,-1.0,2.0
10,120,-1.0,3.0,-1.0,6.0
11,120,1.0,-1.0,0.0,0.0
12,120,1.0,-1.0,0.0,-1.0
13,120,6.0,-1.0,3.0,-1.0
14,120,-1.0,-1.0,7.0,6.0
15,120,-1.0,2.0,-1.0,2.0
16,120,-1.0,3.0,-1.0,-1.0
17,120,8.0,7.0,-1.0,7.0
18,120,-1.0,2.0,-1.0,2.0
19,120,-1.0,0.0,0.0,-1.0
20,120,8.0,-1.0,4.0,8.0
21,120,6.0,-1.0,-1.0,6.0
22,120,6.0,-1.0,-1.0,3.0
23,120,1.0,4.0,-1.0,-1.0
24,120,-1.0,-1.0,0.0,0.0
25,120,1.0,-1.0,-1.0,1.0
26,120,6.0,-1.0,-1.0,-1.0
27,120,-1.0,5.0,5.0,5.0
28,120,-1.0,-1.0,-1.0,6.0
29,120,8.0,7.0,-1.0,8.0
0,125,-1.0,-1.0,-1.0,2.0
1,125,-1.0,7.0,-1.0,7.0
2,125,8.0,5.0,5.0,8.0
3,125,1.0,-1.0,-1.0,1.0
4,125,-1.0,-1.0,4.0,4.0
5,125,-1.0,-1.0,4.0,-1.0
6,125,6.0,7.0,3.0,6.0
7,125,-1.0,-1.0,-1.0,7.0
8,125,-1.0,-1.0,5.0,-1.0
9,125,-1.0,2.0,-1.0,2.0
10,125,-1.0,3.0,-1.0,6.0
11,125,1.0,-1.0,0.0,0.0
12,125,1.0,-1.0,0.0,-1.0
13,125,6.0,-1.0,3.0,-1.0
14,125,-1.0,-1.0,7.0,6.0
15,125,-1.0,2.0,-1.0,2.0
16,125,-1.0,3.0,-1.0,-1.0
17,125,8.0,7.0,-1.0,7.0
18,125,-1.0,2.0,-1.0,2.0
19,125,-1.0,0.0,0.0,-1.0
20,125,8.0,-1.0,4.0,8.0
21,125,6.0,-1.0,-1.0,6.0
22,125,6.0,-1.0,-1.0,3.0
23,125,1.0,4.0,-1.0,-1.0
24,125,-1.0,-1.0,0.0,0.0
25,125,1.0,-1.0,-1.0,1.0
26,125,6.0,-1.0,-1.0,-1.0
27,125,-1.0,5.0,5.0,5.0
28,125,-1.0,-1.0,-1.0,6.0
29,125,8.0,7.0,-1.0,8.0
0,130,-1.0,-1.0,-1.0,2.0
1,130,-1.0,7.0,-1.0,7.0
2,130,8.0,5.0,5.0,8.0
3,130,1.0,-1.0,-1.0,1.0
4,130,-1.0,-1.0,4.0,4.0
5,130,-1.0,-1.0,4.0,-1.0
6,130,6.0,7.0,3.0,6.0
7,130,-1.0,-1.0,-1.0,7.0
8,130,-1.0,-1.0,5.0,-1.0
9,130,-1.0,2.0,-1.0,2.0
10,130,-1.0,3.0,-1.0,6.0
11,130,1.0,-1.0,0.0,0.0
12,130,1.0,-1.0,0.0,-1.0
13,130,6.0,-1.0,3.0,-1.0
14,130,-1.0,-1.0,7.0,6.0
15,130,-1.0,2.0,-1.0,2.0
16,130,-1.0,3.0,-1.0,-1.0
17,130,8.0,7.0,-1.0,7.0
18,130,-1.0,2.0,-1.0,2.0
19,130,-1.0,0.0,0.0,-1.0
20,130,8.0,-1.0,4.0,8.0
21,130,6.0,-1.0,-1.0,6.0
22,130,6.0,-1.0,-1.0,3.0
23,130,1.0,4.0,-1.0,-1.0
24,130,-1.0,-1.0,0.0,0.0
25,130,1.0,-1.0,-1.0,1.0
26,130,6.0,-1.0,-1.0,-1.0
27,130,-1.0,5.0,5.0,5.0
28,130,-1.0,-1.0,-1.0,6.0
29,130,8.0,7.0,-1.0,8.0
0,135,-1.0,-1.0,-1.0,2.0
1,135,-1.0,7.0,-1.0,7.0
2,135,8.0,5.0,5.0,8.0
3,135,1.0,-1.0,-1.0,1.0
4,135,-1.0,-1.0,4.0,4.0
5,135,-1.0,-1.0,4.0,-1.0
6,135,6.0,7.0,3.0,6.0
7,135,-1.0,-1.0,-1.0,7.0
8,135,-1.0,-1.0,5.0,-1.0
9,135,-1.0,2.0,-1.0,2.0
10,135,-1.0,3.0,-1.0,6.0
11,135,1.0,-1.0,0.0,0.0
12,135,1.0,-1.0,0.0,-1.0
13,135,6.0,-1.0,3.0,-1.0
14,135,-1.0,-1.0,7.0,6.0
15,135,-1.0,2.0,-1.0,2.0
16,135,-1.0,3.0,-1.0,-1.0
17,135,8.0,7.0,-1.0,7.0
18,135,-1.0,2.0,-1.0,2.0
19,135,-1.0,0.0,0.0,-1.0
20,135,8.0,-1.0,4.0,8.0
21,135,6.0,-1.0,-1.0,6.0
22,135,6.0,-1.0,-1.0,3.0
23,135,1.0,4.0,-1.0,-1.0
24,135,-1.0,-1.0,0.0,0.0
25,135,1.0,-1.0,-1.0,1.0
26,135,6.0,-1.0,-1.0,-1.0
27,135,-1.0,5.0,5.0,5.0
28,135,-1.0,-1.0,-1.0,6.0
29,135,8.0,7.0,-1.0,8.0
0,140,-1.0,-1.0,-1.0,2.0
1,140,-1.0,7.0,-1.0,7.0
2,140,8.0,5.0,4.0,8.0
3,140,1.0,-1.0,-1.0,1.0
4,140,-1.0,-1.0,4.0,4.0
5,140,-1.0,-1.0,5.0,-1.0
6,140,6.0,7.0,3.0,6.0
7,140,-1.0,-1.0,-1.0,7.0
8,140,-1.0,-1.0,5.0,-1.0
9,140,-1.0,2.0,-1.0,2.0
10,140,-1.0,3.0,-1.0,6.0
11,140,1.0,-1.0,0.0,0.0
12,140,1.0,-1.0,0.0,-1.0
13,140,6.0,-1.0,3.0,-1.0
14,140,-1.0,-1.0,7.0,6.0
15,140,-1.0,2.0,-1.0,2.0
16,140,-1.0,3.0,-1.0,-1.0
17,140,8.0,7.0,-1.0,7.0
18,140,-1.0,2.0,-1.0,2.0
19,140,-1.0,0.0,0.0,-1.0
20,140,8.0,-1.0,4.0,8.0
21,140,6.0,-1.0,-1.0,6.0
22,140,6.0,-1.0,-1.0,3.0
23,140,1.0,4.0,-1.0,-1.0
24,140,-1.0,-1.0,0.0,0.0
25,140,1.0,-1.0,-1.0,1.0
26,140,6.0,-1.0,-1.0,-1.0
27,140,-1.0,5.0,5.0,5.0
28,140,-1.0,-1.0,-1.0,6.0
29,140,8.0,7.0,-1.0,8.0
0,145,-1.0,-1.0,-1.0,2.0
1,145,-1.0,7.0,-1.0,7.0
2,145,8.0,5.0,4.0,8.0
3,145,1.0,-1.0,-1.0,1.0
4,145,-1.0,-1.0,4.0,4.0
5,145,-1.0,-1.0,5.0,-1.0
6,145,6.0,7.0,3.0,6.0
7,145,-1.0,-1.0,-1.0,7.0
8,145,-1.0,-1.0,5.0,-1.0
9,145,-1.0,2.0,-1.0,2.0
10,145,-1.0,3.0,-1.0,6.0
11,145,1.0,-1.0,0.0,0.0
12,145,1.0,-1.0,0.0,-1.0
13,145,6.0,-1.0,3.0,-1.0
14,145,-1.0,-1.0,7.0,6.0
15,145,-1.0,2.0,-1.0,2.0
16,145,-1.0,3.0,-1.0,-1.0
17,145,8.0,7.0,-1.0,7.0
18,145,-1.0,2.0,-1.0,2.0
19,145,-1.0,0.0,0.0,-1.0
20,145,8.0,-1.0,4.0,8.0
21,145,6.0,-1.0,-1.0,6.0
22,145,6.0,-1.0,-1.0,3.0
23,145,1.0,4.0,-1.0,-1.0
24,145,-1.0,-1.0,0.0,0.0
25,145,1.0,-1.0,-1.0,1.0
26,145,6.0,-1.0,-1.0,-1.0
27,145,-1.0,5.0,5.0,5.0
28,145,-1.0,-1.0,-1.0,6.0
29,145,8.0,7.0,-1.0,8.0
0,150,-1.0,-1.0,-1.0,2.0
1,150,-1.0,7.0,-1.0,7.0
2,150,8.0,5.0,4.0,8.0
3,150,1.0,-1.0,-1.0,1.0
4,150,-1.0,-1.0,4.0,4.0
5,150,-1.0,-1.0,5.0,-1.0
6,150,6.0,7.0,3.0,6.0
7,150,-1.0,-1.0,-1.0,7.0
8,150,-1.0,-1.0,5.0,-1.0
9,150,-1.0,2.0,-1.0,2.0
10,150,-1.0,3.0,-1.0,6.0
11,150,1.0,-1.0,0.0,0.0
12,150,1.0,-1.0,0.0,-1.0
13,150,6.0,-1.0,3.0,-1.0
14,150,-1.0,-1.0,7.0,6.0
15,150,-1.0,2.0,-1.0,2.0
16,150,-1.0,3.0,-1.0,-1.0
17,150,8.0,7.0,-1.0,7.0
18,150,-1.0,2.0,-1.0,2.0
19,150,-1.0,0.0,0.0,-1.0
20,150,8.0,-1.0,4.0,8.0
21,150,6.0,-1.0,-1.0,6.0
22,150,6.0,-1.0,-1.0,3.0
23,150,1.0,4.0,-1.0,-1.0
24,150,-1.0,-1.0,0.0,0.0
25,150,1.0,-1.0,-1.0,1.0
26,150,6.0,-1.0,-1.0,-1.0
27,150,-1.0,5.0,5.0,5.0
28,150,-1.0,-1.0,-1.0,6.0
29,150,8.0,7.0,-1.0,8.0
0,155,-1.0,-1.0,-1.0,2.0
1,155,-1.0,7.0,-1.0,7.0
2,155,8.0,5.0,4.0,8.0
3,155,1.0,-1.0,-1.0,1.0
4,155,-1.0,-1.0,4.0,4.0
5,155,-1.0,-1.0,5.0,-1.0
6,155,6.0,7.0,3.0,6.0
7,155,-1.0,-1.0,-1.0,7.0
8,155,-1.0,-1.0,5.0,-1.0
9,155,-1.0,2.0,-1.0,2.0
10,155,-1.0,3.0,-1.0,6.0
11,155,1.0,-1.0,0.0,0.0
12,155,1.0,-1.0,0.0,-1.0
13,155,6.0,-1.0,3.0,-1.0
14,155,-1.0,-1.0,7.0,6.0
15,155,-1.0,2.0,-1.0,2.0
16,155,-1.0,3.0,-1.0,-1.0
17,155,8.0,7.0,-1.0,7.0
18,155,-1.0,2.0,-1.0,2.0
19,155,-1.0,0.0,0.0,-1.0
20,155,8.0,-1.0,4.0,8.0
21,155,6.0,-1.0,-1.0,6.0
22,155,6.0,-1.0,-1.0,3.0
23,155,1.0,4.0,-1.0,-1.0
24,155,-1.0,-1.0,0.0,0.0
25,155,1.0,-1.0,-1.0,1.0
26,155,6.0,-1.0,-1.0,-1.0
27,155,-1.0,5.0,5.0,5.0
28,155,-1.0,-1.0,-1.0,6.0
29,155,8.0,7.0,-1.0,8.0
0,160,-1.0,-1.0,-1.0,2.0
1,160,-1.0,7.0,-1.0,7.0
2,160,8.0,5.0,4.0,8.0
3,160,1.0,-1.0,-1.0,1.0
4,160,-1.0,-1.0,4.0,4.0
5,160,-1.0,-1.0,4.0,-1.0
6,160,6.0,7.0,3.0,6.0
7,160,-1.0,-1.0,-1.0,7.0
8,160,-1.0,-1.0,5.0,-1.0
9,160,-1.0,2.0,-1.0,2.0
10,160,-1.0,3.0,-1.0,6.0
11,160,1.0,-1.0,0.0,0.0
12,160,1.0,-1.0,0.0,-1.0
13,160,6.0,-1.0,3.0,-1.0
14,160,-1.0,-1.0,3.0,6.0
15,160,-1.0,2.0,-1.0,2.0
16,160,-1.0,3.0,-1.0,-1.0
17,160,8.0,7.0,-1.0,7.0
18,160,-1.0,2.0,-1.0,2.0
19,160,-1.0,0.0,0.0,-1.0
20,160,8.0,-1.0,7.0,8.0
21,160,6.0,-1.0,-1.0,6.0
22,160,6.0,-1.0,-1.0,3.0
23,160,1.0,4.0,-1.0,-1.0
24,160,-1.0,-1.0,0.0,0.0
25,160,1.0,-1.0,-1.0,1.0
26,160,6.0,-1.0,-1.0,-1.0
27,160,-1.0,5.0,5.0,5.0
28,160,-1.0,-1.0,-1.0,6.0
29,160,8.0,7.0,-1.0,8.0
0,165,-1.0,-1.0,-1.0,2.0
1,165,-1.0,7.0,-1.0,7.0
2,165,8.0,5.0,4.0,8.0
3,165,1.0,-1.0,-1.0,1.0
4,165,-1.0,-1.0,4.0,4.0
5,165,-1.0,-1.0,4.0,-1.0
6,165,6.0,7.0,3.0,6.0
7,165,-1.0,-1.0,-1.0,7.0
8,165,-1.0,-1.0,5.0,-1.0
9,165,-1.0,2.0,-1.0,2.0
10,165,-1.0,3.0,-1.0,6.0
11,165,1.0,-1.0,0.0,0.0
12,165,1.0,-1.0,0.0,-1.0
13,165,6.0,-1.0,3.0,-1.0
14,165,-1.0,-1.0,3.0,6.0
15,165,-1.0,2.0,-1.0,2.0
16,165,-1.0,3.0,-1.0,-1.0
17,165,8.0,7.0,-1.0,7.0
18,165,-1.0,2.0,-1.0,2.0
19,165,-1.0,0.0,0.0,-1.0
20,165,8.0,-1.0,7.0,8.0
21,165,6.0,-1.0,-1.0,6.0
22,165,6.0,-1.0,-1.0,3.0
23,165,1.0,4.0,-1.0,-1.0
24,165,-1.0,-1.0,0.0,0.0
25,165,1.0,-1.0,-1.0,1.0
26,165,6.0,-1.0,-1.0,-1.0
27,165,-1.0,5.0,5.0,5.0
28,165,-1.0,-1.0,-1.0,6.0
29,165,8.0,7.0,-1.0,8.0
0,170,-1.0,-1.0,-1.0,2.0
1,170,-1.0,7.0,-1.0,7.0
2,170,8.0,5.0,4.0,8.0
3,170,1.0,-1.0,-1.0,1.0
4,170,-1.0,-1.0,4.0,4.0
5,170,-1.0,-1.0,4.0,-1.0
6,170,6.0,7.0,3.0,6.0
7,170,-1.0,-1.0,-1.0,7.0
8,170,-1.0,-1.0,5.0,-1.0
9,170,-1.0,2.0,-1.0,2.0
10,170,-1.0,3.0,-1.0,6.0
11,170,1.0,-1.0,0.0,0.0
12,170,1.0,-1.0,0.0,-1.0
13,170,6.0,-1.0,3.0,-1.0
14,170,-1.0,-1.0,3.0,6.0
15,170,-1.0,2.0,-1.0,2.0
16,170,-1.0,3.0,-1.0,-1.0
17,170,8.0,7.0,-1.0,7.0
18,170,-1.0,2.0,-1.0,2.0
19,170,-1.0,0.0,0.0,-1.0
20,170,8.0,-1.0,7.0,8.0
21,170,6.0,-1.0,-1.0,6.0
22,170,6.0,-1.0,-1.0,3.0
23,170,1.0,4.0,-1.0,-1.0
24,170,-1.0,-1.0,0.0,0.0
25,170,1.0,-1.0,-1.0,1.0
26,170,6.0,-1.0,-1.0,-1.0
27,170,-1.0,5.0,5.0,5.0
28,170,-1.0,-1.0,-1.0,6.0
29,170,8.0,7.0,-1.0,8.0
0,175,-1.0,-1.0,-1.0,2.0
1,175,-1.0,7.0,-1.0,7.0
2,175,8.0,5.0,4.0,8.0
3,175,1.0,-1.0,-1.0,1.0
4,175,-1.0,-1.0,4.0,4.0
5,175,-1.0,-1.0,4.0,-1.0
6,175,6.0,7.0,3.0,6.0
7,175,-1.0,-1.0,-1.0,7.0
8,175,-1.0,-1.0,5.0,-1.0
9,175,-1.0,2.0,-1.0,2.0
10,175,-1.0,3.0,-1.0,6.0
11,175,1.0,-1.0,0.0,0.0
12,175,1.0,-1.0,0.0,-1.0
13,175,6.0,-1.0,3.0,-1.0
14,175,-1.0,-1.0,3.0,6.0
15,175,-1.0,2.0,-1.0,2.0
16,175,-1.0,3.0,-1.0,-1.0
17,175,8.0,7.0,-1.0,7.0
18,175,-1.0,2.0,-1.0,2.0
19,175,-1.0,0.0,0.0,-1.0
20,175,8.0,-1.0,7.0,8.0
21,175,6.0,-1.0,-1.0,6.0
22,175,6.0,-1.0,-1.0,3.0
23,175,1.0,4.0,-1.0,-1.0
24,175,-1.0,-1.0,0.0,0.0
25,175,1.0,-1.0,-1.0,1.0
26,175,6.0,-1.0,-1.0,-1.0
27,175,-1.0,5.0,5.0,5.0
28,175,-1.0,-1.0,-1.0,6.0
29,175,8.0,7.0,-1.0,8.0
0,180,-1.0,-1.0,-1.0,2.0
1,180,-1.0,7.0,-1.0,7.0
2,180,8.0,5.0,4.0,8.0
3,180,1.0,-1.0,-1.0,1.0
4,180,-1.0,-1.0,4.0,7.0
5,180,-1.0,-1.0,5.0,-1.0
6,180,6.0,7.0,3.0,6.0
7,180,-1.0,-1.0,-1.0,7.0
8,180,-1.0,-1.0,5.0,-1.0
9,180,-1.0,2.0,-1.0,2.0
10,180,-1.0,3.0,-1.0,6.0
11,180,1.0,-1.0,0.0,0.0
12,180,1.0,-1.0,0.0,-1.0
13,180,6.0,-1.0,3.0,-1.0
14,180,-1.0,-1.0,3.0,6.0
15,180,-1.0,2.0,-1.0,2.0
16,180,-1.0,3.0,-1.0,-1.0
17,180,8.0,7.0,-1.0,7.0
18,180,-1.0,2.0,-1.0,2.0
19,180,-1.0,0.0,4.0,-1.0
20,180,8.0,-1.0,7.0,8.0
21,180,6.0,-1.0,-1.0,6.0
22,180,6.0,-1.0,-1.0,3.0
23,180,1.0,4.0,-1.0,-1.0
24,180,-1.0,-1.0,0.0,0.0
25,180,1.0,-1.0,-1.0,1.0
26,180,6.0,-1.0,-1.0,-1.0
27,180,-1.0,5.0,5.0,5.0
28,180,-1.0,-1.0,-1.0,6.0
29,180,8.0,7.0,-1.0,8.0
0,185,-1.0,-1.0,-1.0,2.0
1,185,-1.0,7.0,-1.0,7.0
2,185,8.0,5.0,4.0,8.0
3,185,1.0,-1.0,-1.0,1.0
4,185,-1.0,-1.0,4.0,7.0
5,185,-1.0,-1.0,5.0,-1.0
6,185,6.0,7.0,3.0,6.0
7,185,-1.0,-1.0,-1.0,7.0
8,185,-1.0,-1.0,5.0,-1.0
9,185,-1.0,2.0,-1.0,2.0
10,185,-1.0,3.0,-1.0,6.0
11,185,1.0,-1.0,0.0,0.0
12,185,1.0,-1.0,0.0,-1.0
13,185,6.0,-1.0,3.0,-1.0
14,185,-1.0,-1.0,3.0,6.0
15,185,-1.0,2.0,-1.0,2.0
16,185,-1.0,3.0,-1.0,-1.0
17,185,8.0,7.0,-1.0,7.0
18,185,-1.0,2.0,-1.0,2.0
19,185,-1.0,0.0,4.0,-1.0
20,185,8.0,-1.0,7.0,8.0
21,185,6.0,-1.0,-1.0,6.0
22,185,6.0,-1.0,-1.0,3.0
23,185,1.0,4.0,-1.0,-1.0
24,185,-1.0,-1.0,0.0,0.0
25,185,1.0,-1.0,-1.0,1.0
26,185,6.0,-1.0,-1.0,-1.0
27,185,-1.0,5.0,5.0,5.0
28,185,-1.0,-1.0,-1.0,6.0
29,185,8.0,7.0,-1.0,8.0
0,190,-1.0,-1.0,-1.0,2.0
1,190,-1.0,7.0,-1.0,7.0
2,190,8.0,5.0,4.0,8.0
3,190,1.0,-1.0,-1.0,1.0
4,190,-1.0,-1.0,4.0,7.0
5,190,-1.0,-1.0,5.0,-1.0
6,190,6.0,7.0,3.0,6.0
7,190,-1.0,-1.0,-1.0,7.0
8,190,-1.0,-1.0,5.0,-1.0
9,190,-1.0,2.0,-1.0,2.0
10,190,-1.0,3.0,-1.0,6.0
11,190,1.0,-1.0,0.0,0.0
12,190,1.0,-1.0,0.0,-1.0
13,190,6.0,-1.0,3.0,-1.0
14,190,-1.0,-1.0,3.0,6.0
15,190,-1.0,2.0,-1.0,2.0
16,190,-1.0,3.0,-1.0,-1.0
17,190,8.0,7.0,-1.0,7.0
18,190,-1.0,2.0,-1.0,2.0
19,190,-1.0,0.0,4.0,-1.0
20,190,8.0,-1.0,7.0,8.0
21,190,6.0,-1.0,-1.0,6.0
22,190,6.0,-1.0,-1.0,3.0
23,190,1.0,4.0,-1.0,-1.0
24,190,-1.0,-1.0,0.0,0.0
25,190,1.0,-1.0,-1.0,1.0
26,190,6.0,-1.0,-1.0,-1.0
27,190,-1.0,5.0,5.0,5.0
28,190,-1.0,-1.0,-1.0,6.0
29,190,8.0,7.0,-1.0,8.0
0,195,-1.0,-1.0,-1.0,2.0
1,195,-1.0,7.0,-1.0,7.0
2,195,8.0,5.0,4.0,8.0
3,195,1.0,-1.0,-1.0,1.0
4,195,-1.0,-1.0,4.0,7.0
5,195,-1.0,-1.0,5.0,-1.0
6,195,6.0,7.0,3.0,6.0
7,195,-1.0,-1.0,-1.0,7.0
8,195,-1.0,-1.0,5.0,-1.0
9,195,-1.0,2.0,-1.0,2.0
10,195,-1.0,3.0,-1.0,6.0
11,195,1.0,-1.0,0.0,0.0
12,195,1.0,-1.0,0.0,-1.0
13,195,6.0,-1.0,3.0,-1.0
14,195,-1.0,-1.0,3.0,6.0
15,195,-1.0,2.0,-1.0,2.0
16,195,-1.0,3.0,-1.0,-1.0
17,195,8.0,7.0,-1.0,7.0
18,195,-1.0,2.0,-1.0,2.0
19,195,-1.0,0.0,4.0,-1.0
20,195,8.0,-1.0,7.0,8.0
21,195,6.0,-1.0,-1.0,6.0
22,195,6.0,-1.0,-1.0,3.0
23,195,1.0,4.0,-1.0,-1.0
24,195,-1.0,-1.0,0.0,0.0
25,195,1.0,-1.0,-1.0,1.0
26,195,6.0,-1.0,-1.0,-1.0
27,195,-1.0,5.0,5.0,5.0
28,195,-1.0,-1.0,-1.0,6.0
29,195,8.0,7.0,-1.0,8.0
0,200,-1.0,-1.0,-1.0,2.0
1,200,-1.0,7.0,-1.0,7.0
2,200,8.0,5.0,4.0,8.0
3,200,1.0,-1.0,-1.0,1.0
4,200,-1.0,-1.0,4.0,7.0
5,200,-1.0,-1.0,5.0,-1.0
6,200,6.0,7.0,3.0,6.0
7,200,-1.0,-1.0,-1.0,7.0
8,200,-1.0,-1.0,5.0,-1.0
9,200,-1.0,2.0,-1.0,2.0
10,200,-1.0,3.0,-1.0,6.0
11,200,1.0,-1.0,0.0,0.0
12,200,1.0,-1.0,0.0,-1.0
13,200,6.0,-1.0,3.0,-1.0
14,200,-1.0,-1.0,3.0,6.0
15,200,-1.0,2.0,-1.0,2.0
16,200,-1.0,3.0,-1.0,-1.0
17,200,8.0,7.0,-1.0,7.0
18,200,-1.0,2.0,-1.0,2.0
19,200,-1.0,0.0,4.0,-1.0
20,200,8.0,-1.0,7.0,8.0
21,200,6.0,-1.0,-1.0,6.0
22,200,6.0,-1.0,-1.0,3.0
23,200,1.0,4.0,-1.0,-1.0
24,200,-1.0,-1.0,0.0,0.0
25,200,1.0,-1.0,-1.0,1.0
26,200,6.0,-1.0,-1.0,-1.0
27,200,-1.0,5.0,5.0,5.0
28,200,-1.0,-1.0,-1.0,6.0
29,200,8.0,7.0,-1.0,8.0
0,205,-1.0,-1.0,-1.0,2.0
1,205,-1.0,7.0,-1.0,7.0
2,205,8.0,5.0,4.0,8.0
3,205,1.0,-1.0,-1.0,1.0
4,205,-1.0,-1.0,4.0,7.0
5,205,-1.0,-1.0,5.0,-1.0
6,205,6.0,7.0,3.0,6.0
7,205,-1.0,-1.0,-1.0,7.0
8,205,-1.0,-1.0,5.0,-1.0
9,205,-1.0,2.0,-1.0,2.0
10,205,-1.0,3.0,-1.0,6.0
11,205,1.0,-1.0,0.0,0.0
12,205,1.0,-1.0,0.0,-1.0
13,205,6.0,-1.0,3.0,-1.0
14,205,-1.0,-1.0,3.0,6.0
15,205,-1.0,2.0,-1.0,2.0
16,205,-1.0,3.0,-1.0,-1.0
17,205,8.0,7.0,-1.0,7.0
18,205,-1.0,2.0,-1.0,2.0
19,205,-1.0,0.0,4.0,-1.0
20,205,8.0,-1.0,7.0,8.0
21,205,6.0,-1.0,-1.0,6.0
22,205,6.0,-1.0,-1.0,3.0
23,205,1.0,4.0,-1.0,-1.0
24,205,-1.0,-1.0,0.0,0.0
25,205,1.0,-1.0,-1.0,0.0
26,205,6.0,-1.0,-1.0,-1.0
27,205,-1.0,5.0,5.0,5.0
28,205,-1.0,-1.0,-1.0,6.0
29,205,8.0,7.0,-1.0,8.0
0,210,-1.0,-1.0,-1.0,2.0
1,210,-1.0,7.0,-1.0,7.0
2,210,8.0,5.0,4.0,8.0
3,210,1.0,-1.0,-1.0,1.0
4,210,-1.0,-1.0,7.0,7.0
5,210,-1.0,-1.0,5.0,-1.0
6,210,6.0,7.0,3.0,6.0
7,210,-1.0,-1.0,-1.0,7.0
8,210,-1.0,-1.0,5.0,-1.0
9,210,-1.0,2.0,-1.0,2.0
10,210,-1.0,3.0,-1.0,6.0
11,210,1.0,-1.0,0.0,0.0
12,210,1.0,-1.0,0.0,-1.0
13,210,6.0,-1.0,3.0,-1.0
14,210,-1.0,-1.0,3.0,6.0
15,210,-1.0,2.0,-1.0,2.0
16,210,-1.0,3.0,-1.0,-1.0
17,210,8.0,7.0,-1.0,7.0
18,210,-1.0,2.0,-1.0,2.0
19,210,-1.0,0.0,4.0,-1.0
20,210,8.0,-1.0,7.0,8.0
21,210,6.0,-1.0,-1.0,6.0
22,210,6.0,-1.0,-1.0,3.0
23,210,1.0,4.0,-1.0,-1.0
24,210,-1.0,-1.0,0.0,0.0
25,210,1.0,-1.0,-1.0,0.0
26,210,6.0,-1.0,-1.0,-1.0
27,210,-1.0,5.0,5.0,5.0
28,210,-1.0,-1.0,-1.0,6.0
29,210,8.0,4.0,-1.0,8.0
0,215,-1.0,-1.0,-1.0,2.0
1,215,-1.0,7.0,-1.0,7.0
2,215,8.0,5.0,4.0,8.0
3,215,1.0,-1.0,-1.0,1.0
4,215,-1.0,-1.0,4.0,7.0
5,215,-1.0,-1.0,5.0,-1.0
6,215,6.0,7.0,3.0,6.0
7,215,-1.0,-1.0,-1.0,7.0
8,215,-1.0,-1.0,5.0,-1.0
9,215,-1.0,2.0,-1.0,2.0
10,215,-1.0,3.0,-1.0,3.0
11,215,1.0,-1.0,0.0,0.0
12,215,1.0,-1.0,0.0,-1.0
13,215,6.0,-1.0,3.0,-1.0
14,215,-1.0,-1.0,3.0,6.0
15,215,-1.0,2.0,-1.0,2.0
16,215,-1.0,3.0,-1.0,-1.0
17,215,8.0,7.0,-1.0,7.0
18,215,-1.0,2.0,-1.0,2.0
19,215,-1.0,0.0,4.0,-1.0
20,215,8.0,-1.0,7.0,8.0
21,215,6.0,-1.0,-1.0,6.0
22,215,6.0,-1.0,-1.0,3.0
23,215,1.0,4.0,-1.0,-1.0
24,215,-1.0,-1.0,0.0,0.0
25,215,1.0,-1.0,-1.0,0.0
26,215,6.0,-1.0,-1.0,-1.0
27,215,-1.0,5.0,5.0,5.0
28,215,-1.0,-1.0,-1.0,6.0
29,215,8.0,7.0,-1.0,8.0
0,220,-1.0,-1.0,-1.0,2.0
1,220,-1.0,7.0,-1.0,7.0
2,220,8.0,5.0,4.0,8.0
3,220,1.0,-1.0,-1.0,1.0
4,220,-1.0,-1.0,7.0,7.0
5,220,-1.0,-1.0,5.0,-1.0
6,220,6.0,7.0,3.0,6.0
7,220,-1.0,-1.0,-1.0,7.0
8,220,-1.0,-1.0,5.0,-1.0
9,220,-1.0,2.0,-1.0,2.0
10,220,-1.0,3.0,-1.0,3.0
11,220,1.0,-1.0,0.0,0.0
12,220,1.0,-1.0,0.0,-1.0
13,220,6.0,-1.0,3.0,-1.0
14,220,-1.0,-1.0,3.0,6.0
15,220,-1.0,2.0,-1.0,2.0
16,220,-1.0,3.0,-1.0,-1.0
17,220,8.0,7.0,-1.0,7.0
18,220,-1.0,2.0,-1.0,2.0
19,220,-1.0,0.0,4.0,-1.0
20,220,8.0,-1.0,7.0,8.0
21,220,6.0,-1.0,-1.0,6.0
22,220,6.0,-1.0,-1.0,3.0
23,220,1.0,4.0,-1.0,-1.0
24,220,-1.0,-1.0,0.0,0.0
25,220,1.0,-1.0,-1.0,0.0
26,220,6.0,-1.0,-1.0,-1.0
27,220,-1.0,5.0,5.0,5.0
28,220,-1.0,-1.0,-1.0,6.0
29,220,8.0,4.0,-1.0,8.0
0,225,-1.0,-1.0,-1.0,2.0
1,225,-1.0,7.0,-1.0,7.0
2,225,8.0,5.0,4.0,8.0
3,225,1.0,-1.0,-1.0,1.0
4,225,-1.0,-1.0,7.0,7.0
5,225,-1.0,-1.0,5.0,-1.0
6,225,6.0,7.0,3.0,6.0
7,225,-1.0,-1.0,-1.0,7.0
8,225,-1.0,-1.0,5.0,-1.0
9,225,-1.0,2.0,-1.0,2.0
10,225,-1.0,3.0,-1.0,3.0
11,225,1.0,-1.0,0.0,0.0
12,225,1.0,-1.0,0.0,-1.0
13,225,6.0,-1.0,3.0,-1.0
14,225,-1.0,-1.0,3.0,6.0
15,225,-1.0,2.0,-1.0,2.0
16,225,-1.0,3.0,-1.0,-1.0
17,225,8.0,7.0,-1.0,7.0
18,225,-1.0,2.0,-1.0,2.0
19,225,-1.0,0.0,4.0,-1.0
20,225,8.0,-1.0,7.0,8.0
21,225,6.0,-1.0,-1.0,6.0
22,225,6.0,-1.0,-1.0,3.0
23,225,1.0,4.0,-1.0,-1.0
24,225,-1.0,-1.0,0.0,0.0
25,225,1.0,-1.0,-1.0,0.0
26,225,6.0,-1.0,-1.0,-1.0
27,225,-1.0,5.0,5.0,5.0
28,225,-1.0,-1.0,-1.0,6.0
29,225,8.0,4.0,-1.0,8.0
0,230,-1.0,-1.0,-1.0,2.0
1,230,-1.0,7.0,-1.0,7.0
2,230,8.0,5.0,4.0,8.0
3,230,1.0,-1.0,-1.0,1.0
4,230,-1.0,-1.0,7.0,7.0
5,230,-1.0,-1.0,5.0,-1.0
6,230,6.0,7.0,3.0,6.0
7,230,-1.0,-1.0,-1.0,7.0
8,230,-1.0,-1.0,5.0,-1.0
9,230,-1.0,2.0,-1.0,2.0
10,230,-1.0,3.0,-1.0,3.0
11,230,1.0,-1.0,0.0,0.0
12,230,1.0,-1.0,0.0,-1.0
13,230,6.0,-1.0,3.0,-1.0
14,230,-1.0,-1.0,3.0,6.0
15,230,-1.0,2.0,-1.0,2.0
16,230,-1.0,3.0,-1.0,-1.0
17,230,8.0,7.0,-1.0,7.0
18,230,-1.0,2.0,-1.0,2.0
19,230,-1.0,0.0,3.0,-1.0
20,230,8.0,-1.0,7.0,8.0
21,230,6.0,-1.0,-1.0,6.0
22,230,1.0,-1.0,-1.0,3.0
23,230,1.0,4.0,-1.0,-1.0
24,230,-1.0,-1.0,0.0,0.0
25,230,1.0,-1.0,-1.0,0.0
26,230,6.0,-1.0,-1.0,-1.0
27,230,-1.0,5.0,4.0,5.0
28,230,-1.0,-1.0,-1.0,3.0
29,230,8.0,4.0,-1.0,8.0
0,235,-1.0,-1.0,-1.0,2.0
1,235,-1.0,7.0,-1.0,7.0
2,235,8.0,5.0,4.0,8.0
3,235,1.0,-1.0,-1.0,1.0
4,235,-1.0,-1.0,7.0,7.0
5,235,-1.0,-1.0,5.0,-1.0
6,235,6.0,7.0,3.0,6.0
7,235,-1.0,-1.0,-1.0,7.0
8,235,-1.0,-1.0,5.0,-1.0
9,235,-1.0,2.0,-1.0,2.0
10,235,-1.0,3.0,-1.0,3.0
11,235,1.0,-1.0,0.0,0.0
12,235,1.0,-1.0,0.0,-1.0
13,235,6.0,-1.0,3.0,-1.0
14,235,-1.0,-1.0,3.0,6.0
15,235,-1.0,2.0,-1.0,2.0
16,235,-1.0,3.0,-1.0,-1.0
17,235,8.0,7.0,-1.0,7.0
18,235,-1.0,2.0,-1.0,2.0
19,235,-1.0,0.0,3.0,-1.0
20,235,8.0,-1.0,7.0,8.0
21,235,6.0,-1.0,-1.0,6.0
22,235,1.0,-1.0,-1.0,3.0
23,235,1.0,4.0,-1.0,-1.0
24,235,-1.0,-1.0,0.0,0.0
25,235,1.0,-1.0,-1.0,0.0
26,235,6.0,-1.0,-1.0,-1.0
27,235,-1.0,5.0,4.0,5.0
28,235,-1.0,-1.0,-1.0,3.0
29,235,8.0,4.0,-1.0,8.0
0,240,-1.0,-1.0,-1.0,2.0
1,240,-1.0,7.0,-1.0,7.0
2,240,8.0,5.0,4.0,8.0
3,240,1.0,-1.0,-1.0,1.0
4,240,-1.0,-1.0,7.0,7.0
5,240,-1.0,-1.0,5.0,-1.0
6,240,6.0,7.0,3.0,6.0
7,240,-1.0,-1.0,-1.0,7.0
8,240,-1.0,-1.0,5.0,-1.0
9,240,-1.0,2.0,-1.0,2.0
10,240,-1.0,3.0,-1.0,3.0
11,240,1.0,-1.0,0.0,0.0
12,240,1.0,-1.0,0.0,-1.0
13,240,6.0,-1.0,3.0,-1.0
14,240,-1.0,-1.0,3.0,6.0
15,240,-1.0,2.0,-1.0,2.0
16,240,-1.0,3.0,-1.0,-1.0
17,240,8.0,7.0,-1.0,7.0
18,240,-1.0,2.0,-1.0,2.0
19,240,-1.0,0.0,3.0,-1.0
20,240,8.0,-1.0,7.0,8.0
21,240,6.0,-1.0,-1.0,6.0
22,240,1.0,-1.0,-1.0,3.0
23,240,1.0,4.0,-1.0,-1.0
24,240,-1.0,-1.0,0.0,0.0
25,240,1.0,-1.0,-1.0,0.0
26,240,6.0,-1.0,-1.0,-1.0
27,240,-1.0,5.0,4.0,5.0
28,240,-1.0,-1.0,-1.0,3.0
29,240,8.0,4.0,-1.0,8.0
0,245,-1.0,-1.0,-1.0,2.0
1,245,-1.0,7.0,-1.0,7.0
2,245,8.0,5.0,5.0,8.0
3,245,1.0,-1.0,-1.0,1.0
4,245,-1.0,-1.0,7.0,7.0
5,245,-1.0,-1.0,5.0,-1.0
6,245,6.0,7.0,3.0,6.0
7,245,-1.0,-1.0,-1.0,7.0
8,245,-1.0,-1.0,5.0,-1.0
9,245,-1.0,2.0,-1.0,2.0
10,245,-1.0,3.0,-1.0,3.0
11,245,1.0,-1.0,0.0,0.0
12,245,1.0,-1.0,0.0,-1.0
13,245,6.0,-1.0,3.0,-1.0
14,245,-1.0,-1.0,3.0,6.0
15,245,-1.0,2.0,-1.0,2.0
16,245,-1.0,3.0,-1.0,-1.0
17,245,8.0,7.0,-1.0,7.0
18,245,-1.0,2.0,-1.0,2.0
19,245,-1.0,0.0,4.0,-1.0
20,245,8.0,-1.0,7.0,8.0
21,245,6.0,-1.0,-1.0,6.0
22,245,1.0,-1.0,-1.0,3.0
23,245,1.0,4.0,-1.0,-1.0
24,245,-1.0,-1.0,0.0,0.0
25,245,1.0,-1.0,-1.0,0.0
26,245,6.0,-1.0,-1.0,-1.0
27,245,-1.0,5.0,4.0,5.0
28,245,-1.0,-1.0,-1.0,3.0
29,245,8.0,4.0,-1.0,8.0
0,250,-1.0,-1.0,-1.0,2.0
1,250,-1.0,7.0,-1.0,7.0
2,250,8.0,5.0,4.0,8.0
3,250,1.0,-1.0,-1.0,1.0
4,250,-1.0,-1.0,7.0,7.0
5,250,-1.0,-1.0,5.0,-1.0
6,250,6.0,7.0,3.0,6.0
7,250,-1.0,-1.0,-1.0,7.0
8,250,-1.0,-1.0,5.0,-1.0
9,250,-1.0,2.0,-1.0,2.0
10,250,-1.0,3.0,-1.0,3.0
11,250,1.0,-1.0,0.0,0.0
12,250,1.0,-1.0,0.0,-1.0
13,250,6.0,-1.0,3.0,-1.0
14,250,-1.0,-1.0,3.0,6.0
15,250,-1.0,2.0,-1.0,2.0
16,250,-1.0,3.0,-1.0,-1.0
17,250,8.0,7.0,-1.0,7.0
18,250,-1.0,2.0,-1.0,2.0
19,250,-1.0,0.0,3.0,-1.0
20,250,8.0,-1.0,7.0,8.0
21,250,6.0,-1.0,-1.0,6.0
22,250,1.0,-1.0,-1.0,3.0
23,250,1.0,4.0,-1.0,-1.0
24,250,-1.0,-1.0,0.0,0.0
25,250,1.0,-1.0,-1.0,0.0
26,250,6.0,-1.0,-1.0,-1.0
27,250,-1.0,5.0,4.0,5.0
28,250,-1.0,-1.0,-1.0,3.0
29,250,8.0,4.0,-1.0,8.0
0,255,-1.0,-1.0,-1.0,2.0
1,255,-1.0,7.0,-1.0,7.0
2,255,8.0,5.0,4.0,8.0
3,255,1.0,-1.0,-1.0,1.0
4,255,-1.0,-1.0,7.0,7.0
5,255,-1.0,-1.0,5.0,-1.0
6,255,6.0,7.0,3.0,6.0
7,255,-1.0,-1.0,-1.0,7.0
8,255,-1.0,-1.0,5.0,-1.0
9,255,-1.0,2.0,-1.0,2.0
10,255,-1.0,3.0,-1.0,3.0
11,255,1.0,-1.0,0.0,0.0
12,255,1.0,-1.0,0.0,-1.0
13,255,6.0,-1.0,3.0,-1.0
14,255,-1.0,-1.0,3.0,6.0
15,255,-1.0,2.0,-1.0,2.0
16,255,-1.0,3.0,-1.0,-1.0
17,255,8.0,7.0,-1.0,7.0
18,255,-1.0,2.0,-1.0,2.0
19,255,-1.0,0.0,3.0,-1.0
20,255,8.0,-1.0,7.0,8.0
21,255,6.0,-1.0,-1.0,6.0
22,255,1.0,-1.0,-1.0,3.0
23,255,1.0,4.0,-1.0,-1.0
24,255,-1.0,-1.0,0.0,0.0
25,255,1.0,-1.0,-1.0,0.0
26,255,6.0,-1.0,-1.0,-1.0
27,255,-1.0,5.0,4.0,5.0
28,255,-1.0,-1.0,-1.0,3.0
29,255,8.0,4.0,-1.0,8.0
0,260,-1.0,-1.0,-1.0,2.0
1,260,-1.0,7.0,-1.0,7.0
2,260,8.0,5.0,4.0,8.0
3,260,1.0,-1.0,-1.0,1.0
4,260,-1.0,-1.0,7.0,7.0
5,260,-1.0,-1.0,5.0,-1.0
6,260,6.0,7.0,3.0,6.0
7,260,-1.0,-1.0,-1.0,7.0
8,260,-1.0,-1.0,5.0,-1.0
9,260,-1.0,2.0,-1.0,2.0
10,260,-1.0,3.0,-1.0,3.0
11,260,1.0,-1.0,0.0,0.0
12,260,1.0,-1.0,0.0,-1.0
13,260,6.0,-1.0,3.0,-1.0
14,260,-1.0,-1.0,3.0,6.0
15,260,-1.0,2.0,-1.0,2.0
16,260,-1.0,3.0,-1.0,-1.0
17,260,8.0,7.0,-1.0,7.0
18,260,-1.0,2.0,-1.0,2.0
19,260,-1.0,0.0,3.0,-1.0
20,260,8.0,-1.0,7.0,8.0
21,260,6.0,-1.0,-1.0,6.0
22,260,1.0,-1.0,-1.0,3.0
23,260,1.0,4.0,-1.0,-1.0
24,260,-1.0,-1.0,0.0,0.0
25,260,1.0,-1.0,-1.0,0.0
26,260,6.0,-1.0,-1.0,-1.0
27,260,-1.0,5.0,4.0,5.0
28,260,-1.0,-1.0,-1.0,3.0
29,260,8.0,4.0,-1.0,8.0
0,265,-1.0,-1.0,-1.0,2.0
1,265,-1.0,7.0,-1.0,7.0
2,265,8.0,5.0,4.0,8.0
3,265,1.0,-1.0,-1.0,1.0
4,265,-1.0,-1.0,7.0,7.0
5,265,-1.0,-1.0,5.0,-1.0
6,265,6.0,7.0,3.0,6.0
7,265,-1.0,-1.0,-1.0,7.0
8,265,-1.0,-1.0,5.0,-1.0
9,265,-1.0,2.0,-1.0,2.0
10,265,-1.0,3.0,-1.0,3.0
11,265,1.0,-1.0,0.0,0.0
12,265,1.0,-1.0,0.0,-1.0
13,265,6.0,-1.0,3.0,-1.0
14,265,-1.0,-1.0,3.0,6.0
15,265,-1.0,2.0,-1.0,2.0
16,265,-1.0,3.0,-1.0,-1.0
17,265,8.0,7.0,-1.0,7.0
18,265,-1.0,2.0,-1.0,2.0
19,265,-1.0,0.0,3.0,-1.0
20,265,8.0,-1.0,7.0,8.0
21,265,6.0,-1.0,-1.0,6.0
22,265,1.0,-1.0,-1.0,3.0
23,265,1.0,4.0,-1.0,-1.0
24,265,-1.0,-1.0,0.0,0.0
25,265,1.0,-1.0,-1.0,0.0
26,265,6.0,-1.0,-1.0,-1.0
27,265,-1.0,5.0,4.0,5.0
28,265,-1.0,-1.0,-1.0,3.0
29,265,8.0,4.0,-1.0,8.0
0,270,-1.0,-1.0,-1.0,2.0
1,270,-1.0,7.0,-1.0,7.0
2,270,8.0,5.0,4.0,8.0
3,270,1.0,-1.0,-1.0,1.0
4,270,-1.0,-1.0,7.0,7.0
5,270,-1.0,-1.0,5.0,-1.0
6,270,6.0,7.0,3.0,6.0
7,270,-1.0,-1.0,-1.0,7.0
8,270,-1.0,-1.0,5.0,-1.0
9,270,-1.0,5.0,-1.0,5.0
10,270,-1.0,3.0,-1.0,3.0
11,270,1.0,-1.0,0.0,0.0
12,270,1.0,-1.0,0.0,-1.0
13,270,6.0,-1.0,3.0,-1.0
14,270,-1.0,-1.0,3.0,6.0
15,270,-1.0,2.0,-1.0,2.0
16,270,-1.0,3.0,-1.0,-1.0
17,270,8.0,7.0,-1.0,7.0
18,270,-1.0,2.0,-1.0,2.0
19,270,-1.0,0.0,3.0,-1.0
20,270,8.0,-1.0,7.0,8.0
21,270,6.0,-1.0,-1.0,6.0
22,270,1.0,-1.0,-1.0,3.0
23,270,1.0,4.0,-1.0,-1.0
24,270,-1.0,-1.0,0.0,0.0
25,270,1.0,-1.0,-1.0,0.0
26,270,6.0,-1.0,-1.0,-1.0
27,270,-1.0,5.0,4.0,8.0
28,270,-1.0,-1.0,-1.0,3.0
29,270,8.0,4.0,-1.0,8.0
0,275,-1.0,-1.0,-1.0,2.0
1,275,-1.0,7.0,-1.0,7.0
2,275,8.0,5.0,4.0,8.0
3,275,1.0,-1.0,-1.0,1.0
4,275,-1.0,-1.0,7.0,7.0
5,275,-1.0,-1.0,5.0,-1.0
6,275,6.0,7.0,3.0,6.0
7,275,-1.0,-1.0,-1.0,7.0
8,275,-1.0,-1.0,5.0,-1.0
9,275,-1.0,5.0,-1.0,5.0
10,275,-1.0,3.0,-1.0,3.0
11,275,1.0,-1.0,0.0,0.0
12,275,1.0,-1.0,0.0,-1.0
13,275,6.0,-1.0,3.0,-1.0
14,275,-1.0,-1.0,3.0,6.0
15,275,-1.0,2.0,-1.0,2.0
16,275,-1.0,3.0,-1.0,-1.0
17,275,8.0,7.0,-1.0,7.0
18,275,-1.0,2.0,-1.0,1.0
19,275,-1.0,0.0,3.0,-1.0
20,275,8.0,-1.0,7.0,8.0
21,275,6.0,-1.0,-1.0,6.0
22,275,1.0,-1.0,-1.0,3.0
23,275,1.0,4.0,-1.0,-1.0
24,275,-1.0,-1.0,0.0,0.0
25,275,1.0,-1.0,-1.0,0.0
26,275,6.0,-1.0,-1.0,-1.0
27,275,-1.0,5.0,4.0,8.0
28,275,-1.0,-1.0,-1.0,3.0
29,275,8.0,4.0,-1.0,5.0
0,280,-1.0,-1.0,-1.0,2.0
1,280,-1.0,7.0,-1.0,7.0
2,280,8.0,5.0,4.0,8.0
3,280,1.0,-1.0,-1.0,1.0
4,280,-1.0,-1.0,7.0,7.0
5,280,-1.0,-1.0,5.0,-1.0
6,280,6.0,7.0,3.0,6.0
7,280,-1.0,-1.0,-1.0,7.0
8,280,-1.0,-1.0,5.0,-1.0
9,280,-1.0,5.0,-1.0,5.0
10,280,-1.0,3.0,-1.0,3.0
11,280,1.0,-1.0,0.0,0.0
12,280,1.0,-1.0,0.0,-1.0
13,280,6.0,-1.0,3.0,-1.0
14,280,-1.0,-1.0,3.0,6.0
15,280,-1.0,2.0,-1.0,2.0
16,280,-1.0,3.0,-1.0,-1.0
17,280,8.0,7.0,-1.0,7.0
18,280,-1.0,2.0,-1.0,1.0
19,280,-1.0,0.0,3.0,-1.0
20,280,8.0,-1.0,7.0,8.0
21,280,6.0,-1.0,-1.0,6.0
22,280,1.0,-1.0,-1.0,3.0
23,280,1.0,4.0,-1.0,-1.0
24,280,-1.0,-1.0,0.0,0.0
25,280,1.0,-1.0,-1.0,0.0
26,280,6.0,-1.0,-1.0,-1.0
27,280,-1.0,5.0,4.0,8.0
28,280,-1.0,-1.0,-1.0,3.0
29,280,8.0,4.0,-1.0,5.0
0,285,-1.0,-1.0,-1.0,2.0
1,285,-1.0,7.0,-1.0,7.0
2,285,8.0,5.0,4.0,8.0
3,285,1.0,-1.0,-1.0,1.0
4,285,-1.0,-1.0,7.0,7.0
5,285,-1.0,-1.0,5.0,-1.0
6,285,6.0,3.0,3.0,6.0
7,285,-1.0,-1.0,-1.0,7.0
8,285,-1.0,-1.0,5.0,-1.0
9,285,-1.0,5.0,-1.0,5.0
10,285,-1.0,3.0,-1.0,3.0
11,285,1.0,-1.0,0.0,0.0
12,285,1.0,-1.0,0.0,-1.0
13,285,6.0,-1.0,7.0,-1.0
14,285,-1.0,-1.0,3.0,6.0
15,285,-1.0,2.0,-1.0,2.0
16,285,-1.0,3.0,-1.0,-1.0
17,285,8.0,7.0,-1.0,7.0
18,285,-1.0,2.0,-1.0,1.0
19,285,-1.0,0.0,3.0,-1.0
20,285,8.0,-1.0,7.0,8.0
21,285,6.0,-1.0,-1.0,6.0
22,285,1.0,-1.0,-1.0,3.0
23,285,1.0,4.0,-1.0,-1.0
24,285,-1.0,-1.0,0.0,0.0
25,285,1.0,-1.0,-1.0,0.0
26,285,6.0,-1.0,-1.0,-1.0
27,285,-1.0,5.0,4.0,8.0
28,285,-1.0,-1.0,-1.0,3.0
29,285,8.0,4.0,-1.0,5.0
0,290,-1.0,-1.0,-1.0,2.0
1,290,-1.0,7.0,-1.0,7.0
2,290,8.0,5.0,4.0,8.0
3,290,1.0,-1.0,-1.0,1.0
4,290,-1.0,-1.0,7.0,7.0
5,290,-1.0,-1.0,5.0,-1.0
6,290,6.0,3.0,3.0,6.0
7,290,-1.0,-1.0,-1.0,7.0
8,290,-1.0,-1.0,5.0,-1.0
9,290,-1.0,5.0,-1.0,5.0
10,290,-1.0,3.0,-1.0,3.0
11,290,1.0,-1.0,0.0,0.0
12,290,1.0,-1.0,0.0,-1.0
13,290,6.0,-1.0,7.0,-1.0
14,290,-1.0,-1.0,3.0,6.0
15,290,-1.0,2.0,-1.0,2.0
16,290,-1.0,3.0,-1.0,-1.0
17,290,8.0,7.0,-1.0,7.0
18,290,-1.0,2.0,-1.0,1.0
19,290,-1.0,0.0,3.0,-1.0
20,290,8.0,-1.0,7.0,8.0
21,290,6.0,-1.0,-1.0,6.0
22,290,1.0,-1.0,-1.0,3.0
23,290,1.0,4.0,-1.0,-1.0
24,290,-1.0,-1.0,0.0,0.0
25,290,1.0,-1.0,-1.0,0.0
26,290,6.0,-1.0,-1.0,-1.0
27,290,-1.0,5.0,4.0,8.0
28,290,-1.0,-1.0,-1.0,3.0
29,290,8.0,4.0,-1.0,5.0
0,295,-1.0,-1.0,-1.0,2.0
1,295,-1.0,7.0,-1.0,7.0
2,295,8.0,5.0,4.0,8.0
3,295,1.0,-1.0,-1.0,1.0
4,295,-1.0,-1.0,7.0,7.0
5,295,-1.0,-1.0,5.0,-1.0
6,295,6.0,3.0,3.0,6.0
7,295,-1.0,-1.0,-1.0,7.0
8,295,-1.0,-1.0,5.0,-1.0
9,295,-1.0,5.0,-1.0,5.0
10,295,-1.0,3.0,-1.0,3.0
11,295,1.0,-1.0,0.0,0.0
12,295,1.0,-1.0,0.0,-1.0
13,295,6.0,-1.0,7.0,-1.0
14,295,-1.0,-1.0,3.0,6.0
15,295,-1.0,2.0,-1.0,2.0
16,295,-1.0,3.0,-1.0,-1.0
17,295,8.0,7.0,-1.0,7.0
18,295,-1.0,2.0,-1.0,1.0
19,295,-1.0,0.0,3.0,-1.0
20,295,8.0,-1.0,7.0,8.0
21,295,6.0,-1.0,-1.0,6.0
22,295,1.0,-1.0,-1.0,3.0
23,295,1.0,4.0,-1.0,-1.0
24,295,-1.0,-1.0,0.0,0.0
25,295,1.0,-1.0,-1.0,0.0
26,295,6.0,-1.0,-1.0,-1.0
27,295,-1.0,5.0,4.0,8.0
28,295,-1.0,-1.0,-1.0,3.0
29,295,8.0,4.0,-1.0,5.0
