0,0,7.978757733196589,3.058482626360017,0.0,0.0,0.0,0.0,1.0,1.0
1,0,10.00606955815981,0.9664506956095024,1.0,0.0,0.0,1.0,1.0,1.0
2,0,10.013494261402052,9.959914152621952,0.0,0.0,0.0,1.0,0.0,0.0
3,0,9.937841201408094,10.972525750896232,0.0,0.0,0.0,0.0,0.0,1.0
4,0,2.021969939566256,4.978687707766039,0.0,0.0,0.0,0.0,0.0,0.0
5,0,10.049027410559452,11.969110462375347,0.0,0.0,1.0,0.0,0.0,0.0
6,0,3.026674001603522,8.048452407404884,1.0,0.0,0.0,1.0,0.0,0.0
7,0,3.06100592358078,4.986892957586024,0.0,0.0,1.0,0.0,0.0,0.0
8,0,0.9436583841433004,1.0378933710363405,1.0,0.0,0.0,1.0,0.0,0.0
9,0,7.037786817695312,12.0,0.0,0.0,0.0,0.0,1.0,0.0
10,0,9.042155375821547,9.05618173493638,0.0,1.0,0.0,0.0,1.0,1.0
11,0,8.000904354341136,12.0,0.0,1.0,1.0,0.0,0.0,1.0
12,0,0.0550476977591644,11.971997121873326,1.0,1.0,1.0,0.0,0.0,1.0
13,0,7.004601490270122,1.0493520810339745,0.0,0.0,1.0,0.0,1.0,0.0
14,0,1.9810741698633332,12.0,1.0,0.0,1.0,0.0,1.0,0.0
15,0,1.0681702401568856,1.970118246175375,0.0,0.0,1.0,1.0,1.0,0.0
16,0,10.977862528376994,9.94590232923828,0.0,1.0,0.0,0.0,1.0,0.0
17,0,1.0171324337415502,6.975542890819076,0.0,1.0,0.0,1.0,0.0,0.0
18,0,11.06794043376025,0.0,0.0,1.0,0.0,1.0,1.0,0.0
19,0,6.941526645230449,5.044674183384548,1.0,1.0,0.0,1.0,0.0,0.0
0,5,7.955352785166334,3.126570953722869,0.0,0.0,0.0,0.0,1.0,1.0
1,5,10.012906917763368,0.9331339644945458,1.0,0.0,0.0,1.0,1.0,1.0
2,5,10.032284718280682,9.905683646837966,0.0,0.0,0.0,1.0,0.0,0.0
3,5,9.873336144735129,10.94435981829832,0.0,0.0,0.0,0.0,0.0,1.0
4,5,2.0423668649201963,4.95943178306811,0.0,0.0,0.0,0.0,0.0,0.0
5,5,10.095339023398564,11.940637013044846,0.0,0.0,1.0,0.0,0.0,0.0
6,5,3.0606786047099512,8.11175084838102,1.0,0.0,0.0,1.0,0.0,0.0
7,5,3.118544840088779,4.975304523398014,0.0,0.0,1.0,0.0,0.0,0.0
8,5,0.874980471363997,1.0839886309146871,1.0,0.0,0.0,1.0,0.0,0.0
9,5,7.072595994787561,12.0,0.0,0.0,0.0,0.0,1.0,0.0
10,5,9.078219847521094,9.10373293809301,0.0,1.0,0.0,0.0,1.0,1.0
11,5,8.002553371121873,12.0,0.0,1.0,1.0,0.0,0.0,1.0
12,5,0.1081832163609,11.942057920668034,1.0,1.0,1.0,0.0,0.0,1.0
13,5,7.007443415099727,1.08164828933227,0.0,0.0,1.0,0.0,1.0,0.0
14,5,1.9612511098563168,12.0,1.0,0.0,1.0,0.0,1.0,0.0
15,5,1.1469774161109172,1.9361775677841848,0.0,0.0,1.0,1.0,1.0,0.0
16,5,10.95742679277204,9.900450750422085,0.0,1.0,0.0,0.0,1.0,0.0
17,5,1.0220938325998286,6.968498046185996,0.0,1.0,0.0,1.0,0.0,0.0
18,5,11.150054223711066,0.0,0.0,1.0,0.0,1.0,1.0,0.0
19,5,6.891489860175066,5.08065710808113,1.0,1.0,0.0,1.0,0.0,0.0
0,10,7.934582664191651,3.1866429844615958,0.0,0.0,0.0,0.0,1.0,1.0
1,10,10.018798028762058,0.9049424324908496,1.0,0.0,0.0,1.0,1.0,1.0
2,10,10.059875582070422,9.825004891952087,0.0,0.0,0.0,1.0,0.0,0.0
3,10,9.808636120851306,10.916653129630438,0.0,0.0,0.0,0.0,0.0,1.0
4,10,2.0688370346091904,4.933678640112902,0.0,0.0,0.0,0.0,0.0,0.0
5,10,10.149851592897091,11.905907859186748,0.0,0.0,1.0,0.0,0.0,0.0
6,10,3.101065166769101,8.188639299805171,1.0,0.0,0.0,1.0,0.0,0.0
7,10,3.178818582372158,4.964405375939087,0.0,0.0,1.0,0.0,0.0,0.0
8,10,0.8112379670360519,1.1273852313279502,1.0,0.0,0.0,1.0,0.0,0.0
9,10,7.120763987765369,12.0,0.0,0.0,0.0,0.0,1.0,0.0
10,10,9.103539083214962,9.138760836020971,0.0,1.0,0.0,0.0,1.0,1.0
11,10,8.00313053759419,12.0,0.0,1.0,1.0,0.0,0.0,1.0
12,10,0.1797375775805602,11.904487846157307,1.0,1.0,1.0,0.0,0.0,1.0
13,10,6.974942998726215,1.0846264667889634,0.0,0.0,1.0,0.0,1.0,0.0
14,10,1.9397736343696903,12.0,1.0,0.0,1.0,0.0,1.0,0.0
15,10,1.205888801314243,1.911289208861187,0.0,0.0,1.0,1.0,1.0,0.0
16,10,10.933755043880767,9.847366377170127,0.0,1.0,0.0,0.0,1.0,0.0
17,10,1.0244997626719945,6.965031662643788,0.0,1.0,0.0,1.0,0.0,0.0
18,10,11.040318374082602,0.0,0.0,1.0,0.0,1.0,1.0,0.0
19,10,6.8271577259604825,5.126609171937979,1.0,1.0,0.0,1.0,0.0,0.0
0,15,7.921026141525946,3.2282398290718257,0.0,0.0,0.0,0.0,1.0,1.0
1,15,10.02414216993852,0.8789780277389582,1.0,0.0,0.0,1.0,1.0,1.0
2,15,10.093270328201196,9.730044292307207,0.0,0.0,0.0,1.0,0.0,0.0
3,15,9.739092594077716,10.890063288534709,0.0,0.0,0.0,0.0,0.0,1.0
4,15,2.097802797284297,4.906860218193574,0.0,0.0,0.0,0.0,0.0,0.0
5,15,10.194240644161964,11.878152400866522,0.0,0.0,1.0,0.0,0.0,0.0
6,15,3.1326118344254312,8.253808229215982,1.0,0.0,0.0,1.0,0.0,0.0
7,15,3.238431791145731,4.952397162809191,0.0,0.0,1.0,0.0,0.0,0.0
8,15,0.7570762902351159,1.1656212463596316,1.0,0.0,0.0,1.0,0.0,0.0
9,15,7.166011705304362,12.0,0.0,0.0,0.0,0.0,1.0,0.0
10,15,9.14161116060915,9.191922931058985,0.0,1.0,0.0,0.0,1.0,1.0
11,15,8.003161544732453,12.0,0.0,1.0,1.0,0.0,0.0,1.0
12,15,0.2709486575439881,11.852606548473451,1.0,1.0,1.0,0.0,0.0,1.0
13,15,6.9482156205287655,1.0870741146456608,0.0,0.0,1.0,0.0,1.0,0.0
14,15,1.9244521639564904,12.0,1.0,0.0,1.0,0.0,1.0,0.0
15,15,1.278143778920049,1.8811794047228487,0.0,0.0,1.0,1.0,1.0,0.0
16,15,10.907129819494967,9.784823451392612,0.0,1.0,0.0,0.0,1.0,0.0
17,15,1.0331102642162913,6.951856679793858,0.0,1.0,0.0,1.0,0.0,0.0
18,15,10.927372219697515,0.0,0.0,1.0,0.0,1.0,1.0,0.0
19,15,6.752038801404208,5.182582563466572,1.0,1.0,0.0,1.0,0.0,0.0
0,20,7.90908909385807,3.265785875392501,0.0,0.0,0.0,0.0,1.0,1.0
1,20,10.028768748841912,0.8541991547263863,1.0,0.0,0.0,1.0,1.0,1.0
2,20,10.127063044942831,9.627070814037452,0.0,0.0,0.0,1.0,0.0,0.0
3,20,9.66408475697995,10.862431582132192,0.0,0.0,0.0,0.0,0.0,1.0
4,20,2.1371729158798094,4.87173422921271,0.0,0.0,0.0,0.0,0.0,0.0
5,20,10.260144604793396,11.839040454031256,0.0,0.0,1.0,0.0,0.0,0.0
6,20,3.1682652560708613,8.32342862558483,1.0,0.0,0.0,1.0,0.0,0.0
7,20,3.316367885287671,4.935942178906512,0.0,0.0,1.0,0.0,0.0,0.0
8,20,0.7044661068820937,1.2036106367771782,1.0,0.0,0.0,1.0,0.0,0.0
9,20,7.205638933602183,12.0,0.0,0.0,0.0,0.0,1.0,0.0
10,20,9.18290501139665,9.250228223845724,0.0,1.0,0.0,0.0,1.0,1.0
11,20,8.002910083030454,11.986400356377397,0.0,1.0,1.0,0.0,0.0,1.0
12,20,0.3770232904926612,11.79284315441052,1.0,1.0,1.0,0.0,0.0,1.0
13,20,6.897577785606564,1.090727825840654,0.0,0.0,1.0,0.0,1.0,0.0
14,20,1.9067840113185308,12.0,1.0,0.0,1.0,0.0,1.0,0.0
15,20,1.331433676394666,1.8577596080296748,0.0,0.0,1.0,1.0,1.0,0.0
16,20,10.878971135369024,9.713229488217891,0.0,1.0,0.0,0.0,1.0,0.0
17,20,1.0467557928813325,6.930383806218648,0.0,1.0,0.0,1.0,0.0,0.0
18,20,10.796181660992248,0.0,0.0,1.0,0.0,1.0,1.0,0.0
19,20,6.691768169696626,5.22637586622354,1.0,1.0,0.0,1.0,0.0,0.0
0,25,7.896822698207817,3.3021469883620367,0.0,0.0,0.0,0.0,1.0,1.0
1,25,10.037524753712871,0.799951788017842,1.0,0.0,0.0,1.0,1.0,1.0
2,25,10.160741884841766,9.52984806922654,0.0,0.0,0.0,1.0,0.0,0.0
3,25,9.57454546255726,10.828501558268606,0.0,0.0,0.0,0.0,0.0,1.0
4,25,2.174956038379745,4.836760083371196,0.0,0.0,0.0,0.0,0.0,0.0
5,25,10.329798377576246,11.797255845960434,0.0,0.0,1.0,0.0,0.0,0.0
6,25,3.217754028578001,8.41312701861631,1.0,0.0,0.0,1.0,0.0,0.0
7,25,3.399422294729993,4.920762493421381,0.0,0.0,1.0,0.0,0.0,0.0
8,25,0.6520517607634146,1.2399380852858946,1.0,0.0,0.0,1.0,0.0,0.0
9,25,7.257563113267865,12.0,0.0,0.0,0.0,0.0,1.0,0.0
10,25,9.22006473202449,9.301963970326684,0.0,1.0,0.0,0.0,1.0,1.0
11,25,8.00263877933647,11.96644441750746,0.0,1.0,1.0,0.0,0.0,1.0
12,25,0.4943175591412654,11.724560631819902,1.0,1.0,1.0,0.0,0.0,1.0
13,25,6.841944920570114,1.095388720761086,0.0,0.0,1.0,0.0,1.0,0.0
14,25,1.892936976008248,12.0,1.0,0.0,1.0,0.0,1.0,0.0
15,25,1.3979629214008948,1.8286366798306843,0.0,0.0,1.0,1.0,1.0,0.0
16,25,10.85101252152466,9.634358509371951,0.0,1.0,0.0,0.0,1.0,0.0
17,25,1.0680476076524323,6.897101996612409,0.0,1.0,0.0,1.0,0.0,0.0
18,25,10.654120468444916,0.0,0.0,1.0,0.0,1.0,1.0,0.0
19,25,6.610737951853132,5.282718312319243,1.0,1.0,0.0,1.0,0.0,0.0
0,30,7.888384250543422,3.3292060551009084,0.0,0.0,0.0,0.0,1.0,1.0
1,30,10.04200403086079,0.7741538193429531,1.0,0.0,0.0,1.0,1.0,1.0
2,30,10.199795805548089,9.4197885478448,0.0,0.0,0.0,1.0,0.0,0.0
3,30,9.486202910335766,10.795192441355177,0.0,0.0,0.0,0.0,0.0,1.0
4,30,2.206959827783713,4.806250660734659,0.0,0.0,0.0,0.0,0.0,0.0
5,30,10.42060232119244,11.743421108068608,0.0,0.0,1.0,0.0,0.0,0.0
6,30,3.271663980914684,8.508000224663819,1.0,0.0,0.0,1.0,0.0,0.0
7,30,3.416781263351246,5.0144951384203225,0.0,0.0,1.0,0.0,0.0,0.0
8,30,0.5831548284045658,1.2868095051459592,1.0,0.0,0.0,1.0,0.0,0.0
9,30,7.290613108563448,12.0,0.0,0.0,0.0,0.0,1.0,0.0
10,30,9.255926122573705,9.351929729600831,0.0,1.0,0.0,0.0,1.0,1.0
11,30,8.00161976100476,11.940712004420549,0.0,1.0,1.0,0.0,0.0,1.0
12,30,0.6004725512302436,11.659754035101887,1.0,1.0,1.0,0.0,0.0,1.0
13,30,6.796353572403248,1.099281567398989,0.0,0.0,1.0,0.0,1.0,0.0
14,30,1.8767218762791609,12.0,1.0,0.0,1.0,0.0,1.0,0.0
15,30,1.4634925849937486,1.8002534696352142,0.0,0.0,1.0,1.0,1.0,0.0
16,30,10.822059789515045,9.554864288865607,0.0,1.0,0.0,0.0,1.0,0.0
17,30,1.0865181281528111,6.869246705572638,0.0,1.0,0.0,1.0,0.0,0.0
18,30,10.497404446598113,0.0,0.0,1.0,0.0,1.0,1.0,0.0
19,30,6.533486056777702,5.333717079215326,1.0,1.0,0.0,1.0,0.0,0.0
0,35,7.875116172952743,3.3725621072968037,0.0,0.0,0.0,0.0,1.0,1.0
1,35,10.045358865568698,0.7549409267884948,1.0,0.0,0.0,1.0,1.0,1.0
2,35,10.235591366083058,9.31964772793832,0.0,0.0,0.0,1.0,0.0,0.0
3,35,9.41160174722372,10.763863818302434,0.0,0.0,0.0,0.0,0.0,1.0
4,35,2.2578449121529203,4.758451266442232,0.0,0.0,0.0,0.0,0.0,0.0
5,35,10.520256840851465,11.683003808653933,0.0,0.0,1.0,0.0,0.0,0.0
6,35,3.3294745387424163,8.607639296585589,1.0,0.0,0.0,1.0,0.0,0.0
7,35,3.440961032868584,5.121199456032712,0.0,0.0,1.0,0.0,0.0,0.0
8,35,0.5272075331018611,1.3243635930470818,1.0,0.0,0.0,1.0,0.0,0.0
9,35,7.321103050349652,12.0,0.0,0.0,0.0,0.0,1.0,0.0
10,35,9.305301059336202,9.417614716968895,0.0,1.0,0.0,0.0,1.0,1.0
11,35,8.000748763931034,11.922185762444116,0.0,1.0,1.0,0.0,0.0,1.0
12,35,0.7088208526774972,11.594880716252533,1.0,1.0,1.0,0.0,0.0,1.0
13,35,6.773703464028604,1.1008393069529194,0.0,0.0,1.0,0.0,1.0,0.0
14,35,1.8656571000444693,12.0,1.0,0.0,1.0,0.0,1.0,0.0
15,35,1.525090113848666,1.7740761662555402,0.0,0.0,1.0,1.0,1.0,0.0
16,35,10.799800080145358,9.4938519687956,0.0,1.0,0.0,0.0,1.0,0.0
17,35,1.0994285967183055,6.848884971975782,0.0,1.0,0.0,1.0,0.0,0.0
18,35,10.337535601578878,0.0,0.0,1.0,0.0,1.0,1.0,0.0
19,35,6.459933882688195,5.381783748400498,1.0,1.0,0.0,1.0,0.0,0.0
0,40,7.8671262027426385,3.3986489061628538,0.0,0.0,0.0,0.0,1.0,1.0
1,40,10.054004311665292,0.701945879242919,1.0,0.0,0.0,1.0,1.0,1.0
2,40,10.271095859893498,9.224231776487054,0.0,0.0,0.0,1.0,0.0,0.0
3,40,9.331708211425486,10.73029169717999,0.0,0.0,0.0,0.0,0.0,1.0
4,40,2.317395066949199,4.703896136206427,0.0,0.0,0.0,0.0,0.0,0.0
5,40,10.625045888072943,11.62109219571926,0.0,0.0,1.0,0.0,0.0,0.0
6,40,3.3805099728497354,8.697908019246958,1.0,0.0,0.0,1.0,0.0,0.0
7,40,3.464976706838229,5.233325816516174,0.0,0.0,1.0,0.0,0.0,0.0
8,40,0.4566378048699954,1.373043251695979,1.0,0.0,0.0,1.0,0.0,0.0
9,40,7.348994358445575,12.0,0.0,0.0,0.0,0.0,1.0,0.0
10,40,9.343864754957709,9.471040843865367,0.0,1.0,0.0,0.0,1.0,1.0
11,40,8.000088057588203,11.90968374758036,0.0,1.0,1.0,0.0,0.0,1.0
12,40,0.8228695059985901,11.525667580438412,1.0,1.0,1.0,0.0,0.0,1.0
13,40,6.737846168632916,1.1033114282203318,0.0,0.0,1.0,0.0,1.0,0.0
14,40,1.8547517584111213,12.0,1.0,0.0,1.0,0.0,1.0,0.0
15,40,1.5645025533036716,1.757612684916511,0.0,0.0,1.0,1.0,1.0,0.0
16,40,10.778918844807713,9.440328003906476,0.0,1.0,0.0,0.0,1.0,0.0
17,40,1.1136728037123909,6.825453748589138,0.0,1.0,0.0,1.0,0.0,0.0
18,40,10.173260390448313,0.0,0.0,1.0,0.0,1.0,1.0,0.0
19,40,6.3921305778829165,5.4265228157805,1.0,1.0,0.0,1.0,0.0,0.0
0,45,7.858364451415244,3.4250735656900395,0.0,0.0,0.0,0.0,1.0,1.0
1,45,10.062550823153645,0.6434333119189175,1.0,0.0,0.0,1.0,1.0,1.0
2,45,10.311217670981485,9.113991092808892,0.0,0.0,0.0,1.0,0.0,0.0
3,45,9.244925484681549,10.69325275059201,0.0,0.0,0.0,0.0,0.0,1.0
4,45,2.3688625206517897,4.657680205175639,0.0,0.0,0.0,0.0,0.0,0.0
5,45,10.74567949709099,11.550203410959542,0.0,0.0,1.0,0.0,0.0,0.0
6,45,3.4316425631164065,8.790908810297912,1.0,0.0,0.0,1.0,0.0,0.0
7,45,3.484854769667832,5.321745527349618,0.0,0.0,1.0,0.0,0.0,0.0
8,45,0.3971047383940529,1.414215687692225,1.0,0.0,0.0,1.0,0.0,0.0
9,45,7.375350918778395,12.0,0.0,0.0,0.0,0.0,1.0,0.0
10,45,9.372934387720518,9.509296822898497,0.0,1.0,0.0,0.0,1.0,1.0
11,45,7.998308210983403,11.888939263681578,0.0,1.0,1.0,0.0,0.0,1.0
12,45,0.9317608461877028,11.456874261560056,1.0,1.0,1.0,0.0,0.0,1.0
13,45,6.715422538431972,1.1052499991483282,0.0,0.0,1.0,0.0,1.0,0.0
14,45,1.8464042908793117,12.0,1.0,0.0,1.0,0.0,1.0,0.0
15,45,1.5941019353744357,1.7464516690529344,0.0,0.0,1.0,1.0,1.0,0.0
16,45,10.7503480882594,9.364409355314988,0.0,1.0,0.0,0.0,1.0,0.0
17,45,1.1276639399336104,6.801468984324657,0.0,1.0,0.0,1.0,0.0,0.0
18,45,9.999578893865683,0.0,0.0,1.0,0.0,1.0,1.0,0.0
19,45,6.318836881591903,5.4723791067769305,1.0,1.0,0.0,1.0,0.0,0.0
0,50,7.851455697135872,3.4460341507568937,0.0,0.0,0.0,0.0,1.0,1.0
1,50,10.068842485043977,0.5988508282214106,1.0,0.0,0.0,1.0,1.0,1.0
2,50,10.3462961259546,9.00203421470333,0.0,0.0,0.0,1.0,0.0,0.0
3,50,9.18204252203338,10.66655194395444,0.0,0.0,0.0,0.0,0.0,1.0
4,50,2.42157773658727,4.609614713520481,0.0,0.0,0.0,0.0,0.0,0.0
5,50,10.87295998515566,11.47252237855128,0.0,0.0,1.0,0.0,0.0,0.0
6,50,3.483306770504372,8.879636973651976,1.0,0.0,0.0,1.0,0.0,0.0
7,50,3.5055630174380368,5.402198162911107,0.0,0.0,1.0,0.0,0.0,0.0
8,50,0.3483823916434806,1.4447991338092825,1.0,0.0,0.0,1.0,0.0,0.0
9,50,7.394825703734455,12.0,0.0,0.0,0.0,0.0,1.0,0.0
10,50,9.411557596350123,9.559579886598348,0.0,1.0,0.0,0.0,1.0,1.0
11,50,7.993624844544083,11.84831551200063,0.0,1.0,1.0,0.0,0.0,1.0
12,50,1.054117837115668,11.377598897808149,1.0,1.0,1.0,0.0,0.0,1.0
13,50,6.666964853413576,1.1094813055712,0.0,0.0,1.0,0.0,1.0,0.0
14,50,1.8354857357757428,12.0,1.0,0.0,1.0,0.0,1.0,0.0
15,50,1.6262114492381423,1.7346677529718777,0.0,0.0,1.0,1.0,1.0,0.0
16,50,10.7180597909686,9.266416461433048,0.0,1.0,0.0,0.0,1.0,0.0
17,50,1.1388729891170006,6.78290568182823,0.0,1.0,0.0,1.0,0.0,0.0
18,50,9.81494848568121,0.0,0.0,1.0,0.0,1.0,1.0,0.0
19,50,6.26360576610276,5.506453115716641,1.0,1.0,0.0,1.0,0.0,0.0
0,55,7.840283099487824,3.480743767116124,0.0,0.0,0.0,0.0,1.0,1.0
1,55,10.075220826191394,0.5537456815223547,1.0,0.0,0.0,1.0,1.0,1.0
2,55,10.37210477246936,8.922164987379334,0.0,0.0,0.0,1.0,0.0,0.0
3,55,9.127266785741552,10.64274634241748,0.0,0.0,0.0,0.0,0.0,1.0
4,55,2.4934437334749124,4.546713150106143,0.0,0.0,0.0,0.0,0.0,0.0
5,55,10.988493742241356,11.403104768784402,0.0,0.0,1.0,0.0,0.0,0.0
6,55,3.532859245633772,8.966997997079956,1.0,0.0,0.0,1.0,0.0,0.0
7,55,3.530819714539183,5.498188164387759,0.0,0.0,1.0,0.0,0.0,0.0
8,55,0.3103936132135179,1.4679092389765451,1.0,0.0,0.0,1.0,0.0,0.0
9,55,7.407348309416573,12.0,0.0,0.0,0.0,0.0,1.0,0.0
10,55,9.443562667292507,9.600023771813072,0.0,1.0,0.0,0.0,1.0,1.0
11,55,7.991354481240174,11.827551925037586,0.0,1.0,1.0,0.0,0.0,1.0
12,55,1.1762630582496831,11.301531724468934,1.0,1.0,1.0,0.0,0.0,1.0
13,55,6.6147116770889705,1.1147762224443718,0.0,0.0,1.0,0.0,1.0,0.0
14,55,1.825699845922636,12.0,1.0,0.0,1.0,0.0,1.0,0.0
15,55,1.6478069174889478,1.7254847234960955,0.0,0.0,1.0,1.0,1.0,0.0
16,55,10.695876366701487,9.191069592954486,0.0,1.0,0.0,0.0,1.0,0.0
17,55,1.145627576980001,6.771687179671624,0.0,1.0,0.0,1.0,0.0,0.0
18,55,9.644170538570965,0.0,0.0,1.0,0.0,1.0,1.0,0.0
19,55,6.225488130408724,5.529940219166511,1.0,1.0,0.0,1.0,0.0,0.0
0,60,7.827563065702492,3.5195290158795984,0.0,0.0,0.0,0.0,1.0,1.0
1,60,10.080858970022442,0.508281190961849,1.0,0.0,0.0,1.0,1.0,1.0
2,60,10.401673360654527,8.829358801490528,0.0,0.0,0.0,1.0,0.0,0.0
3,60,9.064665411630838,10.616438289464078,0.0,0.0,0.0,0.0,0.0,1.0
4,60,2.5754006747386886,4.476996132950336,0.0,0.0,0.0,0.0,0.0,0.0
5,60,11.13750374046234,11.323064751021896,0.0,0.0,1.0,0.0,0.0,0.0
6,60,3.586613116347132,9.063715720302469,1.0,0.0,0.0,1.0,0.0,0.0
7,60,3.432685214085169,5.524892104031294,0.0,0.0,1.0,0.0,0.0,0.0
8,60,0.2622569407829554,1.4979353411361465,1.0,0.0,0.0,1.0,0.0,0.0
9,60,7.423397434147761,12.0,0.0,0.0,0.0,0.0,1.0,0.0
10,60,9.488789830811251,9.660869601274218,0.0,1.0,0.0,0.0,1.0,1.0
11,60,7.987818427512232,11.784839702840085,0.0,1.0,1.0,0.0,0.0,1.0
12,60,1.2820927186119255,11.23294744665667,1.0,1.0,1.0,0.0,0.0,1.0
13,60,6.574947517752323,1.1192438403700116,0.0,0.0,1.0,0.0,1.0,0.0
14,60,1.814049379067784,12.0,1.0,0.0,1.0,0.0,1.0,0.0
15,60,1.645582365529995,1.7264148402252852,0.0,0.0,1.0,1.0,1.0,0.0
16,60,10.67417735351115,9.117112967544994,0.0,1.0,0.0,0.0,1.0,0.0
17,60,1.1515894111681149,6.761907655720046,0.0,1.0,0.0,1.0,0.0,0.0
18,60,9.468154158660065,0.0,0.0,1.0,0.0,1.0,1.0,0.0
19,60,6.199989304697104,5.545755704263593,1.0,1.0,0.0,1.0,0.0,0.0
0,65,7.808598845435042,3.572647670460737,0.0,0.0,0.0,0.0,1.0,1.0
1,65,10.085550292484504,0.4656772819252647,1.0,0.0,0.0,1.0,1.0,1.0
2,65,10.432129080880808,8.742616777306567,0.0,0.0,0.0,1.0,0.0,0.0
3,65,9.008703327280529,10.592561753544889,0.0,0.0,0.0,0.0,0.0,1.0
4,65,2.664227841162316,4.404603985939117,0.0,0.0,0.0,0.0,0.0,0.0
5,65,11.281894755390384,11.238416646691713,0.0,0.0,1.0,0.0,0.0,0.0
6,65,3.646564882160782,9.164829865493708,1.0,0.0,0.0,1.0,0.0,0.0
7,65,3.340038652550195,5.549240145054489,0.0,0.0,1.0,0.0,0.0,0.0
8,65,0.2309000529458639,1.5181383250116172,1.0,0.0,0.0,1.0,0.0,0.0
9,65,7.436638735875702,12.0,0.0,0.0,0.0,0.0,1.0,0.0
10,65,9.533945711005108,9.723386498073118,0.0,1.0,0.0,0.0,1.0,1.0
11,65,7.984445430237571,11.731500545824773,0.0,1.0,1.0,0.0,0.0,1.0
12,65,1.3901733200877522,11.161560356780964,1.0,1.0,1.0,0.0,0.0,1.0
13,65,6.544699611351362,1.1225366233495624,0.0,0.0,1.0,0.0,1.0,0.0
14,65,1.8039236785456243,12.0,1.0,0.0,1.0,0.0,1.0,0.0
15,65,1.631815483853869,1.7321568350497385,0.0,0.0,1.0,1.0,1.0,0.0
16,65,10.651530412628366,9.034409419294883,0.0,1.0,0.0,0.0,1.0,0.0
17,65,1.1456109022422758,6.772558863650406,0.0,1.0,0.0,1.0,0.0,0.0
18,65,9.300575236390536,0.0,0.0,1.0,0.0,1.0,1.0,0.0
19,65,6.165527658047759,5.566443677853056,1.0,1.0,0.0,1.0,0.0,0.0
0,70,7.78142080645812,3.6470502134440874,0.0,0.0,0.0,0.0,1.0,1.0
1,70,10.088061036351522,0.4429777576531337,1.0,0.0,0.0,1.0,1.0,1.0
2,70,10.461974635675077,8.663850984688962,0.0,0.0,0.0,1.0,0.0,0.0
3,70,8.940259083709535,10.563064198824788,0.0,0.0,0.0,0.0,0.0,1.0
4,70,2.761169305320056,4.3272661867756925,0.0,0.0,0.0,0.0,0.0,0.0
5,70,11.436429904041091,11.146163374406992,0.0,0.0,1.0,0.0,0.0,0.0
6,70,3.716029707981339,9.276757310479493,1.0,0.0,0.0,1.0,0.0,0.0
7,70,3.266993762255081,5.571295757319255,0.0,0.0,1.0,0.0,0.0,0.0
8,70,0.1900617103495784,1.5440016456755252,1.0,0.0,0.0,1.0,0.0,0.0
9,70,7.457932438421099,12.0,0.0,0.0,0.0,0.0,1.0,0.0
10,70,9.58528826198251,9.794645181949305,0.0,1.0,0.0,0.0,1.0,1.0
11,70,7.981010668056324,11.685907783255985,0.0,1.0,1.0,0.0,0.0,1.0
12,70,1.5199227115652425,11.074857782747394,1.0,1.0,1.0,0.0,0.0,1.0
13,70,6.534974489602038,1.1232207935558405,0.0,0.0,1.0,0.0,1.0,0.0
14,70,1.7868848018532495,12.0,1.0,0.0,1.0,0.0,1.0,0.0
15,70,1.6215092362775227,1.736358762414559,0.0,0.0,1.0,1.0,1.0,0.0
16,70,10.628788657407668,8.942012126165016,0.0,1.0,0.0,0.0,1.0,0.0
17,70,1.1411233512376364,6.780535141466787,0.0,1.0,0.0,1.0,0.0,0.0
18,70,9.142136074066162,0.0,0.0,1.0,0.0,1.0,1.0,0.0
19,70,6.136154688912046,5.585270627399456,1.0,1.0,0.0,1.0,0.0,0.0
0,75,7.756665986823081,3.7088346338596576,0.0,0.0,0.0,0.0,1.0,1.0
1,75,10.092492993635329,0.4027111026594496,1.0,0.0,0.0,1.0,1.0,1.0
2,75,10.50072156337859,8.562429967685294,0.0,0.0,0.0,1.0,0.0,0.0
3,75,8.892120420674408,10.54116949332036,0.0,0.0,0.0,0.0,0.0,1.0
4,75,2.8680577718237124,4.239052895487101,0.0,0.0,0.0,0.0,0.0,0.0
5,75,11.590526310985148,11.056738252381386,0.0,0.0,1.0,0.0,0.0,0.0
6,75,3.772852398415892,9.365263186031452,1.0,0.0,0.0,1.0,0.0,0.0
7,75,3.2068179322079406,5.5885132833559945,0.0,0.0,1.0,0.0,0.0,0.0
8,75,0.1508817645774683,1.568249453271506,1.0,0.0,0.0,1.0,0.0,0.0
9,75,7.483922497532219,12.0,0.0,0.0,0.0,0.0,1.0,0.0
10,75,9.627279825958034,9.847697723284924,0.0,1.0,0.0,0.0,1.0,1.0
11,75,7.976501870242863,11.63300678694665,0.0,1.0,1.0,0.0,0.0,1.0
12,75,1.643371056335514,10.990945530270857,1.0,1.0,1.0,0.0,0.0,1.0
13,75,6.5381290426561804,1.12295803969152,0.0,0.0,1.0,0.0,1.0,0.0
14,75,1.777537723310004,12.0,1.0,0.0,1.0,0.0,1.0,0.0
15,75,1.599605312476107,1.7455446403179782,0.0,0.0,1.0,1.0,1.0,0.0
16,75,10.608483143955237,8.851817415175239,0.0,1.0,0.0,0.0,1.0,0.0
17,75,1.1368347932251393,6.788612413292714,0.0,1.0,0.0,1.0,0.0,0.0
18,75,8.995981698317928,0.0,0.0,1.0,0.0,1.0,1.0,0.0
19,75,6.102821476334885,5.60758441583981,1.0,1.0,0.0,1.0,0.0,0.0
0,80,7.7312062393731615,3.770098479923409,0.0,0.0,0.0,0.0,1.0,1.0
1,80,10.09657788939773,0.3705027787313042,1.0,0.0,0.0,1.0,1.0,1.0
2,80,10.528711755620828,8.484580015852254,0.0,0.0,0.0,1.0,0.0,0.0
3,80,8.858182327963352,10.524824263677392,0.0,0.0,0.0,0.0,0.0,1.0
4,80,2.970860862127485,4.155692562856803,0.0,0.0,0.0,0.0,0.0,0.0
5,80,11.744439037405266,10.967035755890258,0.0,0.0,1.0,0.0,0.0,0.0
6,80,3.825931964592982,9.448529059294424,1.0,0.0,0.0,1.0,0.0,0.0
7,80,3.145922265542828,5.606767645441109,0.0,0.0,1.0,0.0,0.0,0.0
8,80,0.111311581419723,1.592921915784881,1.0,0.0,0.0,1.0,0.0,0.0
9,80,7.497707386002967,12.0,0.0,0.0,0.0,0.0,1.0,0.0
10,80,9.657438665993128,9.88617341165082,0.0,1.0,0.0,0.0,1.0,1.0
11,80,7.973043192806212,11.587331185214586,0.0,1.0,1.0,0.0,0.0,1.0
12,80,1.7688623765299858,10.905459550561694,1.0,1.0,1.0,0.0,0.0,1.0
13,80,6.542599218665451,1.122661910408635,0.0,0.0,1.0,0.0,1.0,0.0
14,80,1.7073513161392655,11.989536452478411,1.0,0.0,1.0,0.0,1.0,0.0
15,80,1.5662109519751584,1.758695810829744,0.0,0.0,1.0,1.0,1.0,0.0
16,80,10.589042384280829,8.771230732963447,0.0,1.0,0.0,0.0,1.0,0.0
17,80,1.1376845141692409,6.787088485368658,0.0,1.0,0.0,1.0,0.0,0.0
18,80,8.84460591028909,0.0,0.0,1.0,0.0,1.0,1.0,0.0
19,80,6.054804271038714,5.639753657689963,1.0,1.0,0.0,1.0,0.0,0.0
0,85,7.704280350658635,3.832820556337225,0.0,0.0,0.0,0.0,1.0,1.0
1,85,10.10238009734262,0.3236987130685794,1.0,0.0,0.0,1.0,1.0,1.0
2,85,10.559557467138369,8.396868222845606,0.0,0.0,0.0,1.0,0.0,0.0
3,85,8.823826971935183,10.507002956101877,0.0,0.0,0.0,0.0,0.0,1.0
4,85,3.0485799422033253,4.09320718770009,0.0,0.0,0.0,0.0,0.0,0.0
5,85,11.877560961599396,10.887467067116724,0.0,0.0,1.0,0.0,0.0,0.0
6,85,3.867620782150456,9.51609983606487,1.0,0.0,0.0,1.0,0.0,0.0
7,85,3.076322299059877,5.627162861380095,0.0,0.0,1.0,0.0,0.0,0.0
8,85,0.0846180388771938,1.6093589026075787,1.0,0.0,0.0,1.0,0.0,0.0
9,85,7.498052768810669,12.0,0.0,0.0,0.0,0.0,1.0,0.0
10,85,9.690409483558998,9.925687146047071,0.0,1.0,0.0,0.0,1.0,1.0
11,85,7.967853686678478,11.528030235472997,0.0,1.0,1.0,0.0,0.0,1.0
12,85,1.875038271451844,10.832429645152216,1.0,1.0,1.0,0.0,0.0,1.0
13,85,6.550234656242366,1.1221298511627082,0.0,0.0,1.0,0.0,1.0,0.0
14,85,1.6373385560484162,11.980754159133497,1.0,0.0,1.0,0.0,1.0,0.0
15,85,1.5226278810571945,1.7747346728120503,0.0,0.0,1.0,1.0,1.0,0.0
16,85,10.572647421901651,8.699492587604178,0.0,1.0,0.0,0.0,1.0,0.0
17,85,1.1397140235736056,6.78331449010448,0.0,1.0,0.0,1.0,0.0,0.0
18,85,8.68122673289287,0.0,0.0,1.0,0.0,1.0,1.0,0.0
19,85,6.007585929450271,5.669656388425099,1.0,1.0,0.0,1.0,0.0,0.0
0,90,7.760615115683,3.857138598631023,0.0,0.0,0.0,0.0,1.0,1.0
1,90,10.106427549063262,0.2930471593114111,1.0,0.0,0.0,1.0,1.0,1.0
2,90,10.590265459156672,8.304478484781605,0.0,0.0,0.0,1.0,0.0,0.0
3,90,8.799976304574352,10.494479810648148,0.0,0.0,0.0,0.0,0.0,1.0
4,90,3.125004742437839,4.033997265467056,0.0,0.0,0.0,0.0,0.0,0.0
5,90,12.0,10.811828210140122,0.0,0.0,1.0,0.0,0.0,0.0
6,90,3.903945973803825,9.574720983390131,1.0,0.0,0.0,1.0,0.0,0.0
7,90,2.99406716020822,5.651938976715531,0.0,0.0,1.0,0.0,0.0,0.0
8,90,0.0527967836135616,1.627982430494052,1.0,0.0,0.0,1.0,0.0,0.0
9,90,7.498720772080792,12.0,0.0,0.0,0.0,0.0,1.0,0.0
10,90,9.735051132346936,9.982123076348756,0.0,1.0,0.0,0.0,1.0,1.0
11,90,7.9622291023626355,11.471514147041002,0.0,1.0,1.0,0.0,0.0,1.0
12,90,1.9957215518773064,10.75753355887024,1.0,1.0,1.0,0.0,0.0,1.0
13,90,6.546668238567264,1.1223903004949554,0.0,0.0,1.0,0.0,1.0,0.0
14,90,1.5615244992064956,11.970849453248396,1.0,0.0,1.0,0.0,1.0,0.0
15,90,1.4778989650237997,1.7927689401014866,0.0,0.0,1.0,1.0,1.0,0.0
16,90,10.55705555107826,8.623258437791733,0.0,1.0,0.0,0.0,1.0,0.0
17,90,1.1388578701001042,6.784928792276672,0.0,1.0,0.0,1.0,0.0,0.0
18,90,8.51343962354947,0.0,0.0,1.0,0.0,1.0,1.0,0.0
19,90,5.966170184656903,5.694390100384806,1.0,1.0,0.0,1.0,0.0,0.0
0,95,7.834076789831273,3.886335837404475,0.0,0.0,0.0,0.0,1.0,1.0
1,95,10.115015837222195,0.2338121785280511,1.0,0.0,0.0,1.0,1.0,1.0
2,95,10.62294045456088,8.19854938702609,0.0,0.0,0.0,1.0,0.0,0.0
3,95,8.774771273575318,10.48102543868058,0.0,0.0,0.0,0.0,0.0,1.0
4,95,3.203802018275774,3.974873426483011,0.0,0.0,0.0,0.0,0.0,0.0
5,95,12.0,10.734336782140131,0.0,0.0,1.0,0.0,0.0,0.0
6,95,3.942889396583258,9.639912032210075,1.0,0.0,0.0,1.0,0.0,0.0
7,95,2.894689844168222,5.683576930818715,0.0,0.0,1.0,0.0,0.0,0.0
8,95,0.0297328392639856,1.6415574956146228,1.0,0.0,0.0,1.0,0.0,0.0
9,95,7.5089532266726415,12.0,0.0,0.0,0.0,0.0,1.0,0.0
10,95,9.78163907069906,10.042540084038986,0.0,1.0,0.0,0.0,1.0,1.0
11,95,7.95822858955879,11.436263461023788,0.0,1.0,1.0,0.0,0.0,1.0
12,95,2.1171141902851227,10.681446340218471,1.0,1.0,1.0,0.0,0.0,1.0
13,95,6.538985606938587,1.122876414511052,0.0,0.0,1.0,0.0,1.0,0.0
14,95,1.4939749510540237,11.96108590410379,1.0,0.0,1.0,0.0,1.0,0.0
15,95,1.4381561706272792,1.8084049550896597,0.0,0.0,1.0,1.0,1.0,0.0
16,95,10.54735907612,8.572388383842135,0.0,1.0,0.0,0.0,1.0,0.0
17,95,1.1312912815063525,6.799715119610891,0.0,1.0,0.0,1.0,0.0,0.0
18,95,8.354578855113573,0.0,0.0,1.0,0.0,1.0,1.0,0.0
19,95,5.916684857131539,5.725493044029361,1.0,1.0,0.0,1.0,0.0,0.0
0,100,7.90663182977322,3.9150528545061847,0.0,0.0,0.0,0.0,1.0,1.0
1,100,10.12299322290126,0.1818012357573021,1.0,0.0,0.0,1.0,1.0,1.0
2,100,10.65309734406306,8.10494365216056,0.0,0.0,0.0,1.0,0.0,0.0
3,100,8.740986806872549,10.46182364263835,0.0,0.0,0.0,0.0,0.0,1.0
4,100,3.2886504727126726,3.912872215154888,0.0,0.0,0.0,0.0,0.0,0.0
5,100,12.0,10.66005385254117,0.0,0.0,1.0,0.0,0.0,0.0
6,100,3.986576831863525,9.707457249072966,1.0,0.0,0.0,1.0,0.0,0.0
7,100,2.8059350098399305,5.71304963917046,0.0,0.0,1.0,0.0,0.0,0.0
8,100,0.0310979834525352,1.640800264468417,1.0,0.0,0.0,1.0,0.0,0.0
9,100,7.521578149257094,12.0,0.0,0.0,0.0,0.0,1.0,0.0
10,100,9.838873623049736,10.12248452199618,0.0,1.0,0.0,0.0,1.0,1.0
11,100,7.955661386183501,11.415553818889116,0.0,1.0,1.0,0.0,0.0,1.0
12,100,2.2438401550423874,10.60795319222644,1.0,1.0,1.0,0.0,0.0,1.0
13,100,6.54239085797143,1.122724635277387,0.0,0.0,1.0,0.0,1.0,0.0
14,100,1.4214316138697636,11.951862515974293,1.0,0.0,1.0,0.0,1.0,0.0
15,100,1.404082430095517,1.821628337617224,0.0,0.0,1.0,1.0,1.0,0.0
16,100,10.540462146696104,8.540034869347586,0.0,1.0,0.0,0.0,1.0,0.0
17,100,1.1277293450214392,6.806449202870803,0.0,1.0,0.0,1.0,0.0,0.0
18,100,8.199758580715994,0.0,0.0,1.0,0.0,1.0,1.0,0.0
19,100,5.859648740705737,5.762133626864867,1.0,1.0,0.0,1.0,0.0,0.0
0,105,7.966101276918849,3.93955362623742,0.0,0.0,0.0,0.0,1.0,1.0
1,105,10.131592557507489,0.1219868722775064,1.0,0.0,0.0,1.0,1.0,1.0
2,105,10.685887064766488,8.004417830171326,0.0,0.0,0.0,1.0,0.0,0.0
3,105,8.704075242239002,10.438773554948533,0.0,0.0,0.0,0.0,0.0,1.0
4,105,3.3821216971307235,3.839269539633779,0.0,0.0,0.0,0.0,0.0,0.0
5,105,12.0,10.586540114862633,0.0,0.0,1.0,0.0,0.0,0.0
6,105,4.027428317641971,9.772441309705949,1.0,0.0,0.0,1.0,0.0,0.0
7,105,2.715469000103294,5.743674566345163,0.0,0.0,1.0,0.0,0.0,0.0
8,105,0.0381690526569052,1.6367729627230725,1.0,0.0,0.0,1.0,0.0,0.0
9,105,7.538831742449672,12.0,0.0,0.0,0.0,0.0,1.0,0.0
10,105,9.913711435837286,10.222270051850996,0.0,1.0,0.0,0.0,1.0,1.0
11,105,7.952882442297868,11.39700207219022,0.0,1.0,1.0,0.0,0.0,1.0
12,105,2.3882260115977787,10.524104992957636,1.0,1.0,1.0,0.0,0.0,1.0
13,105,6.534137583925888,1.1230447773498426,0.0,0.0,1.0,0.0,1.0,0.0
14,105,1.3519652609810873,11.944356702854884,1.0,0.0,1.0,0.0,1.0,0.0
15,105,1.3746273526072006,1.832126321737576,0.0,0.0,1.0,1.0,1.0,0.0
16,105,10.532820135590311,8.496413226039545,0.0,1.0,0.0,0.0,1.0,0.0
17,105,1.1264273462796508,6.808855720222384,0.0,1.0,0.0,1.0,0.0,0.0
18,105,8.049183936815021,0.0,0.0,1.0,0.0,1.0,1.0,0.0
19,105,5.792060531883132,5.804690633654144,1.0,1.0,0.0,1.0,0.0,0.0
0,110,8.009308166173492,3.956884400171676,0.0,0.0,0.0,0.0,1.0,1.0
1,110,10.13769774490694,0.0683037690739387,1.0,0.0,0.0,1.0,1.0,1.0
2,110,10.721172550772808,7.9010451246750115,0.0,0.0,0.0,1.0,0.0,0.0
3,110,8.665215022283121,10.415914073862943,0.0,0.0,0.0,0.0,0.0,1.0
4,110,3.4890425475607785,3.7572746411046816,0.0,0.0,0.0,0.0,0.0,0.0
5,110,12.0,10.516261456166385,0.0,0.0,1.0,0.0,0.0,0.0
6,110,4.05481307797866,9.813694444209576,1.0,0.0,0.0,1.0,0.0,0.0
7,110,2.649834382647688,5.762692039904282,0.0,0.0,1.0,0.0,0.0,0.0
8,110,0.0338447423432674,1.639339180832452,1.0,0.0,0.0,1.0,0.0,0.0
9,110,7.559087252107234,12.0,0.0,0.0,0.0,0.0,1.0,0.0
10,110,9.991074692431145,10.332060078980971,0.0,1.0,0.0,0.0,1.0,1.0
11,110,7.950404466170895,11.380542405382757,0.0,1.0,1.0,0.0,0.0,1.0
12,110,2.5546744212173325,10.432456630127277,1.0,1.0,1.0,0.0,0.0,1.0
13,110,6.5087449449093375,1.1238341743838935,0.0,0.0,1.0,0.0,1.0,0.0
14,110,1.3017829155600704,11.939233532233937,1.0,0.0,1.0,0.0,1.0,0.0
15,110,1.3385984914336078,1.844671818465432,0.0,0.0,1.0,1.0,1.0,0.0
16,110,10.52628038581796,8.459854581878226,0.0,1.0,0.0,0.0,1.0,0.0
17,110,1.131949651852547,6.798332100781326,0.0,1.0,0.0,1.0,0.0,0.0
18,110,7.903907780942881,0.0,0.0,1.0,0.0,1.0,1.0,0.0
19,110,5.72999645467805,5.8470767615053045,1.0,1.0,0.0,1.0,0.0,0.0
0,115,8.066001860450326,3.979399482070104,0.0,0.0,0.0,0.0,1.0,1.0
1,115,10.143260950223404,0.0242758963954891,1.0,0.0,0.0,1.0,1.0,1.0
2,115,10.7572313378067,7.793792193479371,0.0,0.0,0.0,1.0,0.0,0.0
3,115,8.636894006010678,10.399234177068404,0.0,0.0,0.0,0.0,0.0,1.0
4,115,3.6023789412329883,3.670281978380483,0.0,0.0,0.0,0.0,0.0,0.0
5,115,12.0,10.433901940682617,0.0,0.0,1.0,0.0,0.0,0.0
6,115,4.088534195167234,9.86580476410218,1.0,0.0,0.0,1.0,0.0,0.0
7,115,2.595539801667653,5.778383391545492,0.0,0.0,1.0,0.0,0.0,0.0
8,115,0.032429571921792,1.64015013964712,1.0,0.0,0.0,1.0,0.0,0.0
9,115,7.58908841370377,12.0,0.0,0.0,0.0,0.0,1.0,0.0
10,115,10.072931385067626,10.447004301244208,0.0,1.0,0.0,0.0,1.0,1.0
11,115,7.9461215806901375,11.351339345721785,0.0,1.0,1.0,0.0,0.0,1.0
12,115,2.7056456512203786,10.348839463061744,1.0,1.0,1.0,0.0,0.0,1.0
13,115,6.459526460336853,1.1247400723396062,0.0,0.0,1.0,0.0,1.0,0.0
14,115,1.2369690005110303,11.9313138231024,1.0,0.0,1.0,0.0,1.0,0.0
15,115,1.3137020623151054,1.8532666416973504,0.0,0.0,1.0,1.0,1.0,0.0
16,115,10.518798006488328,8.40613310608007,0.0,1.0,0.0,0.0,1.0,0.0
17,115,1.1283459779107643,6.805166335982956,0.0,1.0,0.0,1.0,0.0,0.0
18,115,7.757186252519146,0.0,0.0,1.0,0.0,1.0,1.0,0.0
19,115,5.698027489898542,5.868762776682593,1.0,1.0,0.0,1.0,0.0,0.0
0,120,8.12634001456637,4.003278055744133,0.0,0.0,0.0,0.0,1.0,1.0
1,120,10.149188684675323,0.0,1.0,0.0,0.0,1.0,1.0,1.0
2,120,10.797045943496473,7.6778563891805796,0.0,0.0,0.0,1.0,0.0,0.0
3,120,8.600257455675708,10.378509538504977,0.0,0.0,0.0,0.0,0.0,1.0
4,120,3.722718819869727,3.5816781667571536,0.0,0.0,0.0,0.0,0.0,0.0
5,120,12.0,10.35286783119784,0.0,0.0,1.0,0.0,0.0,0.0
6,120,4.124589315858643,9.917372760984795,1.0,0.0,0.0,1.0,0.0,0.0
7,120,2.5344735265576355,5.796376103148498,0.0,0.0,1.0,0.0,0.0,0.0
8,120,0.0397958694818806,1.6359896442066206,1.0,0.0,0.0,1.0,0.0,0.0
9,120,7.614824477924057,12.0,0.0,0.0,0.0,0.0,1.0,0.0
10,120,10.160353012502895,10.568368704218647,0.0,1.0,0.0,0.0,1.0,1.0
11,120,7.943374156886319,11.334008862534658,0.0,1.0,1.0,0.0,0.0,1.0
12,120,2.8707803068183093,10.25886233055378,1.0,1.0,1.0,0.0,0.0,1.0
13,120,6.413943986371828,1.12450588440427,0.0,0.0,1.0,0.0,1.0,0.0
14,120,1.1642119700847768,11.920444663074028,1.0,0.0,1.0,0.0,1.0,0.0
15,120,1.299622735197622,1.8581226522399024,0.0,0.0,1.0,1.0,1.0,0.0
16,120,10.513235480694984,8.357347036726685,0.0,1.0,0.0,0.0,1.0,0.0
17,120,1.126892790202559,6.807923006509103,0.0,1.0,0.0,1.0,0.0,0.0
18,120,7.598391348295367,0.0,0.0,1.0,0.0,1.0,1.0,0.0
19,120,5.657126193479777,5.896836001469072,1.0,1.0,0.0,1.0,0.0,0.0
0,125,8.17810417676399,4.024311597749151,0.0,0.0,0.0,0.0,1.0,1.0
1,125,10.15528272666765,0.0,1.0,0.0,0.0,1.0,1.0,1.0
2,125,10.837096175807131,7.569360205527634,0.0,0.0,0.0,1.0,0.0,0.0
3,125,8.614575706640364,10.35539294735168,0.0,0.0,0.0,0.0,0.0,1.0
4,125,3.82663254603286,3.5010591179992243,0.0,0.0,0.0,0.0,0.0,0.0
5,125,12.0,10.259968588173772,0.0,0.0,1.0,0.0,0.0,0.0
6,125,4.176676075236854,9.99581867112133,1.0,0.0,0.0,1.0,0.0,0.0
7,125,2.463795651047059,5.817179069203275,0.0,0.0,1.0,0.0,0.0,0.0
8,125,0.046507286356313,1.632266868414428,1.0,0.0,0.0,1.0,0.0,0.0
9,125,7.626700508528163,12.0,0.0,0.0,0.0,0.0,1.0,0.0
10,125,10.257578258848744,10.702186494343009,0.0,1.0,0.0,0.0,1.0,1.0
11,125,7.9408345956131186,11.320342829790809,0.0,1.0,1.0,0.0,0.0,1.0
12,125,3.0281443225949967,10.177016941760272,1.0,1.0,1.0,0.0,0.0,1.0
13,125,6.347390246717762,1.1246689005885666,0.0,0.0,1.0,0.0,1.0,0.0
14,125,1.0615613252005776,11.905158405289084,1.0,0.0,1.0,0.0,1.0,0.0
15,125,1.295433509809989,1.8595458882751732,0.0,0.0,1.0,1.0,1.0,0.0
16,125,10.508553910856826,8.305841426309073,0.0,1.0,0.0,0.0,1.0,0.0
17,125,1.1224979029505295,6.816000971405385,0.0,1.0,0.0,1.0,0.0,0.0
18,125,7.424170513291867,0.0,0.0,1.0,0.0,1.0,1.0,0.0
19,125,5.614820463917684,5.924472815253878,1.0,1.0,0.0,1.0,0.0,0.0
0,130,8.233398189213208,4.046976795389914,0.0,0.0,0.0,0.0,1.0,1.0
1,130,10.162118728826556,0.0,1.0,0.0,0.0,1.0,1.0,1.0
2,130,10.874610207962467,7.465315722694662,0.0,0.0,0.0,1.0,0.0,0.0
3,130,8.63096149427307,10.329248087174356,0.0,0.0,0.0,0.0,0.0,1.0
4,130,3.936244015679937,3.411176324609872,0.0,0.0,0.0,0.0,0.0,0.0
5,130,12.0,10.160700879439188,0.0,0.0,1.0,0.0,0.0,0.0
6,130,4.228007035640993,10.073656996212684,1.0,0.0,0.0,1.0,0.0,0.0
7,130,2.3973123413841915,5.837488086529723,0.0,0.0,1.0,0.0,0.0,0.0
8,130,0.0414041009370773,1.634862819002216,1.0,0.0,0.0,1.0,0.0,0.0
9,130,7.65886042135733,12.0,0.0,0.0,0.0,0.0,1.0,0.0
10,130,10.366986556058585,10.847664357962604,0.0,1.0,0.0,0.0,1.0,1.0
11,130,7.938082852014491,11.306370359937617,0.0,1.0,1.0,0.0,0.0,1.0
12,130,3.16169686880596,10.10594897595387,1.0,1.0,1.0,0.0,0.0,1.0
13,130,6.2865392364829376,1.125733537176118,0.0,0.0,1.0,0.0,1.0,0.0
14,130,0.940842015276992,11.887431354325228,1.0,0.0,1.0,0.0,1.0,0.0
15,130,1.3027182680690756,1.8571205332127316,0.0,0.0,1.0,1.0,1.0,0.0
16,130,10.505095069414054,8.269485534462671,0.0,1.0,0.0,0.0,1.0,0.0
17,130,1.1254015401562862,6.810682043615681,0.0,1.0,0.0,1.0,0.0,0.0
18,130,7.244406379076422,0.0,0.0,1.0,0.0,1.0,1.0,0.0
19,130,5.584298257919782,5.944058144642859,1.0,1.0,0.0,1.0,0.0,0.0
0,135,8.321394881219241,4.0801857026273884,0.0,0.0,0.0,0.0,1.0,1.0
1,135,10.166783825708102,0.0,1.0,0.0,0.0,1.0,1.0,1.0
2,135,10.913167100794231,7.358820223658294,0.0,0.0,0.0,1.0,0.0,0.0
3,135,8.65790597113954,10.28560282380745,0.0,0.0,0.0,0.0,0.0,1.0
4,135,4.052060635363599,3.3166095193449383,0.0,0.0,0.0,0.0,0.0,0.0
5,135,12.0,10.064662965124583,0.0,0.0,1.0,0.0,0.0,0.0
6,135,4.262295060688518,10.124824153725989,1.0,0.0,0.0,1.0,0.0,0.0
7,135,2.3112999088099717,5.8647740185164015,0.0,0.0,1.0,0.0,0.0,0.0
8,135,0.0490662475453421,1.6311255572605514,1.0,0.0,0.0,1.0,0.0,0.0
9,135,7.685385046292223,12.0,0.0,0.0,0.0,0.0,1.0,0.0
10,135,10.477824405684313,10.988996578362322,0.0,1.0,0.0,0.0,1.0,1.0
11,135,7.936218251614424,11.297760203949723,0.0,1.0,1.0,0.0,0.0,1.0
12,135,3.2715150183223707,10.046240974172736,1.0,1.0,1.0,0.0,0.0,1.0
13,135,6.230565866173212,1.1264165884921986,0.0,0.0,1.0,0.0,1.0,0.0
14,135,0.8186336410427114,11.868073561295256,1.0,0.0,1.0,0.0,1.0,0.0
15,135,1.3142438772637246,1.853884135548575,0.0,0.0,1.0,1.0,1.0,0.0
16,135,10.499619223053276,8.213686040209657,0.0,1.0,0.0,0.0,1.0,0.0
17,135,1.107486907131538,6.84116704531143,0.0,1.0,0.0,1.0,0.0,0.0
18,135,7.046884135656671,0.0,0.0,1.0,0.0,1.0,1.0,0.0
19,135,5.552965856168118,5.964412980318486,1.0,1.0,0.0,1.0,0.0,0.0
0,140,8.402599381547669,4.11172089524648,0.0,0.0,0.0,0.0,1.0,1.0
1,140,10.17341932780605,0.0,1.0,0.0,0.0,1.0,1.0,1.0
2,140,10.94631996723319,7.259756722836297,0.0,0.0,0.0,1.0,0.0,0.0
3,140,8.679844746143502,10.246994340895256,0.0,0.0,0.0,0.0,0.0,1.0
4,140,4.152920081891885,3.2327811211219357,0.0,0.0,0.0,0.0,0.0,0.0
5,140,12.0,9.968896614893874,0.0,0.0,1.0,0.0,0.0,0.0
6,140,4.283390942596746,10.157667967487916,1.0,0.0,0.0,1.0,0.0,0.0
7,140,2.2425631444946577,5.889393682691626,0.0,0.0,1.0,0.0,0.0,0.0
8,140,0.0624280480454849,1.6239887116019462,1.0,0.0,0.0,1.0,0.0,0.0
9,140,7.699061234899437,12.0,0.0,0.0,0.0,0.0,1.0,0.0
10,140,10.578305707143423,11.128521639327545,0.0,1.0,0.0,0.0,1.0,1.0
11,140,7.934158559059154,11.28796215718325,0.0,1.0,1.0,0.0,0.0,1.0
12,140,3.3915884874750346,9.982833545816172,1.0,1.0,1.0,0.0,0.0,1.0
13,140,6.1815007973387255,1.1264346194719883,0.0,0.0,1.0,0.0,1.0,0.0
14,140,0.7046766645154655,11.84891930541871,1.0,0.0,1.0,0.0,1.0,0.0
15,140,1.3344071149097296,1.8479532923254032,0.0,0.0,1.0,1.0,1.0,0.0
16,140,10.49643022229174,8.181092802686559,0.0,1.0,0.0,0.0,1.0,0.0
17,140,1.0927902901696558,6.864273640736299,0.0,1.0,0.0,1.0,0.0,0.0
18,140,6.851692820871916,0.0,0.0,1.0,0.0,1.0,1.0,0.0
19,140,5.522987554535263,5.983587551613155,1.0,1.0,0.0,1.0,0.0,0.0
0,145,8.49855061389677,4.150267157536292,0.0,0.0,0.0,0.0,1.0,1.0
1,145,10.180580743150191,0.0,1.0,0.0,0.0,1.0,1.0,1.0
2,145,10.984119906394993,7.143264573178909,0.0,0.0,0.0,1.0,0.0,0.0
3,145,8.705461854711418,10.20584136691657,0.0,0.0,0.0,0.0,0.0,1.0
4,145,4.259132499867635,3.141366240252266,0.0,0.0,0.0,0.0,0.0,0.0
5,145,12.0,9.882363593138026,0.0,0.0,1.0,0.0,0.0,0.0
6,145,4.297271473093289,10.179555379673587,1.0,0.0,0.0,1.0,0.0,0.0
7,145,2.184533535887601,5.911099987687542,0.0,0.0,1.0,0.0,0.0,0.0
8,145,0.1000448676827834,1.6027649038369969,1.0,0.0,0.0,1.0,0.0,0.0
9,145,7.714644092965921,12.0,0.0,0.0,0.0,0.0,1.0,0.0
10,145,10.691725081724922,11.276636774146256,0.0,1.0,0.0,0.0,1.0,1.0
11,145,7.930172608882096,11.269657864285197,0.0,1.0,1.0,0.0,0.0,1.0
12,145,3.5502339680636807,9.894509218296175,1.0,1.0,1.0,0.0,0.0,1.0
13,145,6.136249456749908,1.1263309515702364,0.0,0.0,1.0,0.0,1.0,0.0
14,145,0.5887425140149445,11.82790697024763,1.0,0.0,1.0,0.0,1.0,0.0
15,145,1.3689413413056564,1.837671408365728,0.0,0.0,1.0,1.0,1.0,0.0
16,145,10.492253518395382,8.13690792031289,0.0,1.0,0.0,0.0,1.0,0.0
17,145,1.0771807796386452,6.888353213907288,0.0,1.0,0.0,1.0,0.0,0.0
18,145,6.645307574953357,0.0,0.0,1.0,0.0,1.0,1.0,0.0
19,145,5.493959686832338,6.001271245068847,1.0,1.0,0.0,1.0,0.0,0.0
0,150,8.593173568307789,4.192733835809787,0.0,0.0,0.0,0.0,1.0,1.0
1,150,10.184528863265776,0.0,1.0,0.0,0.0,1.0,1.0,1.0
2,150,11.03270140016161,6.995315476543142,0.0,0.0,0.0,1.0,0.0,0.0
3,150,8.721666378719558,10.180890926708097,0.0,0.0,0.0,0.0,0.0,1.0
4,150,4.358975204601655,3.0564125512531044,0.0,0.0,0.0,0.0,0.0,0.0
5,150,12.0,9.801258525837389,0.0,0.0,1.0,0.0,0.0,0.0
6,150,4.303995500938946,10.190321195174532,1.0,0.0,0.0,1.0,0.0,0.0
7,150,2.12013837751424,5.934962205617208,0.0,0.0,1.0,0.0,0.0,0.0
8,150,0.1201099489105748,1.590440824916009,1.0,0.0,0.0,1.0,0.0,0.0
9,150,7.734649181478334,12.0,0.0,0.0,0.0,0.0,1.0,0.0
10,150,10.802013352602412,11.415269772369117,0.0,1.0,0.0,0.0,1.0,1.0
11,150,7.930252347376429,11.270039181227451,0.0,1.0,1.0,0.0,0.0,1.0
12,150,3.706430208084745,9.80456453039963,1.0,1.0,1.0,0.0,0.0,1.0
13,150,6.080961883735746,1.1263692733492794,0.0,0.0,1.0,0.0,1.0,0.0
14,150,0.4507629060449793,11.79957574409683,1.0,0.0,1.0,0.0,1.0,0.0
15,150,1.403636411594413,1.828074385758316,0.0,0.0,1.0,1.0,1.0,0.0
16,150,10.489751096345609,8.107550691770887,0.0,1.0,0.0,0.0,1.0,0.0
17,150,1.0584129632577677,6.916671931947472,0.0,1.0,0.0,1.0,0.0,0.0
18,150,6.434373330461454,0.0,0.0,1.0,0.0,1.0,1.0,0.0
19,150,5.474944942177607,6.01244147823241,1.0,1.0,0.0,1.0,0.0,0.0
0,155,8.695026466573344,4.2394144099741045,0.0,0.0,0.0,0.0,1.0,1.0
1,155,10.188974905120688,0.0,1.0,0.0,0.0,1.0,1.0,1.0
2,155,11.08097870547187,6.8546449084715935,0.0,0.0,0.0,1.0,0.0,0.0
3,155,8.692698851617251,10.161601584259582,0.0,0.0,0.0,0.0,0.0,1.0
4,155,4.470578991884394,2.9571019234181954,0.0,0.0,0.0,0.0,0.0,0.0
5,155,12.0,9.714940379643084,0.0,0.0,1.0,0.0,0.0,0.0
6,155,4.314099812791978,10.2057448623429,1.0,0.0,0.0,1.0,0.0,0.0
7,155,2.059764167242012,5.957093783667612,0.0,0.0,1.0,0.0,0.0,0.0
8,155,0.1431048939312051,1.57585881787262,1.0,0.0,0.0,1.0,0.0,0.0
9,155,7.752608542019326,12.0,0.0,0.0,0.0,0.0,1.0,0.0
10,155,10.927548976620551,11.575740769496342,0.0,1.0,0.0,0.0,1.0,1.0
11,155,7.929679774192709,11.267210372486568,0.0,1.0,1.0,0.0,0.0,1.0
12,155,3.8508130149640727,9.72415957466242,1.0,1.0,1.0,0.0,0.0,1.0
13,155,6.022399919785004,1.1260333534487328,0.0,0.0,1.0,0.0,1.0,0.0
14,155,0.3210917545770722,11.775619914848397,1.0,0.0,1.0,0.0,1.0,0.0
15,155,1.422035982179269,1.822742636396407,0.0,0.0,1.0,1.0,1.0,0.0
16,155,10.48831481244042,8.08088671262138,0.0,1.0,0.0,0.0,1.0,0.0
17,155,1.036139078799913,6.949760055901914,0.0,1.0,0.0,1.0,0.0,0.0
18,155,6.236691908477617,0.0,0.0,1.0,0.0,1.0,1.0,0.0
19,155,5.46715630274792,6.017255254104107,1.0,1.0,0.0,1.0,0.0,0.0
0,160,8.736515509032914,4.15219385599538,0.0,0.0,0.0,0.0,1.0,1.0
1,160,10.194394211144989,0.0,1.0,0.0,0.0,1.0,1.0,1.0
2,160,11.12471845675685,6.724327983869357,0.0,0.0,0.0,1.0,0.0,0.0
3,160,8.67275379245048,10.148947781516236,0.0,0.0,0.0,0.0,0.0,1.0
4,160,4.600181451141956,2.841734214934836,0.0,0.0,0.0,0.0,0.0,0.0
5,160,12.0,9.618197887090322,0.0,0.0,1.0,0.0,0.0,0.0
6,160,4.321070544283143,10.216289861236358,1.0,0.0,0.0,1.0,0.0,0.0
7,160,2.027516323356529,5.969039476178957,0.0,0.0,1.0,0.0,0.0,0.0
8,160,0.1679741387179416,1.5603757414704735,1.0,0.0,0.0,1.0,0.0,0.0
9,160,7.766918553471988,12.0,0.0,0.0,0.0,0.0,1.0,0.0
10,160,11.050699519258515,11.73327965459118,0.0,1.0,0.0,0.0,1.0,1.0
11,160,7.9288878241570675,11.263383669678332,0.0,1.0,1.0,0.0,0.0,1.0
12,160,3.997476642196302,9.644302819984816,1.0,1.0,1.0,0.0,0.0,1.0
13,160,5.964293574523888,1.1247442266240195,0.0,0.0,1.0,0.0,1.0,0.0
14,160,0.1978499046429227,11.753606095585464,1.0,0.0,1.0,0.0,1.0,0.0
15,160,1.4222597698153403,1.822678857894869,0.0,0.0,1.0,1.0,1.0,0.0
16,160,10.487957518893031,8.071599713994516,0.0,1.0,0.0,0.0,1.0,0.0
17,160,1.003451910168676,6.9963689016958535,0.0,1.0,0.0,1.0,0.0,0.0
18,160,6.05104217019435,0.0,0.0,1.0,0.0,1.0,1.0,0.0
19,160,5.459662184438747,6.021932698423922,1.0,1.0,0.0,1.0,0.0,0.0
0,165,8.781116832954051,4.065272184853429,0.0,0.0,0.0,0.0,1.0,1.0
1,165,10.201956193749163,0.0,1.0,0.0,0.0,1.0,1.0,1.0
2,165,11.169272583611914,6.593652690270363,0.0,0.0,0.0,1.0,0.0,0.0
3,165,8.67014113685684,10.14726542674786,0.0,0.0,0.0,0.0,0.0,1.0
4,165,4.721505878224436,2.73386473356415,0.0,0.0,0.0,0.0,0.0,0.0
5,165,12.0,9.511855591213708,0.0,0.0,1.0,0.0,0.0,0.0
6,165,4.317409095557543,10.210973516040088,1.0,0.0,0.0,1.0,0.0,0.0
7,165,1.986230864772841,5.984430530589108,0.0,0.0,1.0,0.0,0.0,0.0
8,165,0.1918894445526686,1.545194982823879,1.0,0.0,0.0,1.0,0.0,0.0
9,165,7.768823936249823,12.0,0.0,0.0,0.0,0.0,1.0,0.0
10,165,11.172896182481711,11.892622423299802,0.0,1.0,0.0,0.0,1.0,1.0
11,165,7.929078592572369,11.264253186186478,0.0,1.0,1.0,0.0,0.0,1.0
12,165,4.1337615330786,9.571027872126278,1.0,1.0,1.0,0.0,0.0,1.0
13,165,5.909545831647567,1.122575825623043,0.0,0.0,1.0,0.0,1.0,0.0
14,165,0.0731207361526918,11.729954676829289,1.0,0.0,1.0,0.0,1.0,0.0
15,165,1.421679083453424,1.8228542325307424,0.0,0.0,1.0,1.0,1.0,0.0
16,165,10.487818359367186,8.06943327597882,0.0,1.0,0.0,0.0,1.0,0.0
17,165,0.9780106205704268,7.0321085940236605,0.0,1.0,0.0,1.0,0.0,0.0
18,165,5.863837670817789,0.0,0.0,1.0,0.0,1.0,1.0,0.0
19,165,5.442025879327555,6.032442152224651,1.0,1.0,0.0,1.0,0.0,0.0
0,170,8.828745773679971,3.9760300283546974,0.0,0.0,0.0,0.0,1.0,1.0
1,170,10.206854731047075,0.0,1.0,0.0,0.0,1.0,1.0,1.0
2,170,11.21589820847601,6.448477283135563,0.0,0.0,0.0,1.0,0.0,0.0
3,170,8.664930079771347,10.144007916863794,0.0,0.0,0.0,0.0,0.0,1.0
4,170,4.845104288507046,2.6240717405477203,0.0,0.0,0.0,0.0,0.0,0.0
5,170,12.0,9.398295019256272,0.0,0.0,1.0,0.0,0.0,0.0
6,170,4.317087456953172,10.21054839624125,1.0,0.0,0.0,1.0,0.0,0.0
7,170,1.9203150858854523,6.007192780882896,0.0,0.0,1.0,0.0,0.0,0.0
8,170,0.2103670830187651,1.5330603370696465,1.0,0.0,0.0,1.0,0.0,0.0
9,170,7.771272669386976,12.0,0.0,0.0,0.0,0.0,1.0,0.0
10,170,11.30971111027128,12.0,0.0,1.0,0.0,0.0,1.0,1.0
11,170,7.9305389609321315,11.270652253650212,0.0,1.0,1.0,0.0,0.0,1.0
12,170,4.271269388540162,9.498980854004389,1.0,1.0,1.0,0.0,0.0,1.0
13,170,5.844277855728166,1.119198024341327,0.0,0.0,1.0,0.0,1.0,0.0
14,170,0.0,11.705554895663564,1.0,0.0,1.0,0.0,1.0,0.0
15,170,1.4019721287300633,1.8288742293128384,0.0,0.0,1.0,1.0,1.0,0.0
16,170,10.48816363907308,8.075308314648238,0.0,1.0,0.0,0.0,1.0,0.0
17,170,0.954581897436636,7.065314302751198,0.0,1.0,0.0,1.0,0.0,0.0
18,170,5.675171346358969,0.0,0.0,1.0,0.0,1.0,1.0,0.0
19,170,5.417124383222754,6.047372179620048,1.0,1.0,0.0,1.0,0.0,0.0
0,175,8.856536991870795,3.919184663354452,0.0,0.0,0.0,0.0,1.0,1.0
1,175,10.210498595189376,0.0,1.0,0.0,0.0,1.0,1.0,1.0
2,175,11.261716512203664,6.302488340371944,0.0,0.0,0.0,1.0,0.0,0.0
3,175,8.652676858803696,10.137125854414316,0.0,0.0,0.0,0.0,0.0,1.0
4,175,4.983854381561296,2.503152875548877,0.0,0.0,0.0,0.0,0.0,0.0
5,175,12.0,9.290243533718826,0.0,0.0,1.0,0.0,0.0,0.0
6,175,4.321337640360872,10.216291553890748,1.0,0.0,0.0,1.0,0.0,0.0
7,175,1.855657260536617,6.0281035049110825,0.0,0.0,1.0,0.0,0.0,0.0
8,175,0.2199367040904881,1.5269957513039656,1.0,0.0,0.0,1.0,0.0,0.0
9,175,7.772797317006316,12.0,0.0,0.0,0.0,0.0,1.0,0.0
10,175,11.444205691030303,12.0,0.0,1.0,0.0,0.0,1.0,1.0
11,175,7.932237587395821,11.279077758631583,0.0,1.0,1.0,0.0,0.0,1.0
12,175,4.407473011086987,9.428986455755592,1.0,1.0,1.0,0.0,0.0,1.0
13,175,5.778666058974778,1.1170077098673976,0.0,0.0,1.0,0.0,1.0,0.0
14,175,0.0,11.67286710282272,1.0,0.0,1.0,0.0,1.0,0.0
15,175,1.3871958424587632,1.8336258695562488,0.0,0.0,1.0,1.0,1.0,0.0
16,175,10.48835085349014,8.078468299604335,0.0,1.0,0.0,0.0,1.0,0.0
17,175,0.9407111390090734,7.0855153923281,0.0,1.0,0.0,1.0,0.0,0.0
18,175,5.489055487548886,0.0,0.0,1.0,0.0,1.0,1.0,0.0
19,175,5.36181259568091,6.079980391301012,1.0,1.0,0.0,1.0,0.0,0.0
0,180,8.895495609993153,3.83587957819831,0.0,0.0,0.0,0.0,1.0,1.0
1,180,10.21333162288454,0.0,1.0,0.0,0.0,1.0,1.0,1.0
2,180,11.312345610161357,6.154206586395763,0.0,0.0,0.0,1.0,0.0,0.0
3,180,8.649185603950446,10.135143255404072,0.0,0.0,0.0,0.0,0.0,1.0
4,180,5.125674588485369,2.3764202116895943,0.0,0.0,0.0,0.0,0.0,0.0
5,180,12.0,9.19317164353984,0.0,0.0,1.0,0.0,0.0,0.0
6,180,4.333463773966107,10.232504888224968,1.0,0.0,0.0,1.0,0.0,0.0
7,180,1.7817960751150708,6.050347237735699,0.0,0.0,1.0,0.0,0.0,0.0
8,180,0.2520503984602802,1.5056454356952818,1.0,0.0,0.0,1.0,0.0,0.0
9,180,7.771650255272914,11.998026509850147,0.0,0.0,0.0,0.0,1.0,0.0
10,180,11.563977898569515,12.0,0.0,1.0,0.0,0.0,1.0,1.0
11,180,7.93629620040744,11.301151440947308,0.0,1.0,1.0,0.0,0.0,1.0
12,180,4.540685475945166,9.360870384752667,1.0,1.0,1.0,0.0,0.0,1.0
13,180,5.72187229581789,1.113743224136838,0.0,0.0,1.0,0.0,1.0,0.0
14,180,0.0,11.642508445341576,1.0,0.0,1.0,0.0,1.0,0.0
15,180,1.3755232998057327,1.8373588391724387,0.0,0.0,1.0,1.0,1.0,0.0
16,180,10.489801060264496,8.096535579049252,0.0,1.0,0.0,0.0,1.0,0.0
17,180,0.9301310433176732,7.1017032473251485,0.0,1.0,0.0,1.0,0.0,0.0
18,180,5.305231654550938,0.0,0.0,1.0,0.0,1.0,1.0,0.0
19,180,5.32562231438093,6.102066629528258,1.0,1.0,0.0,1.0,0.0,0.0
0,185,8.930081988442687,3.7596256280311056,0.0,0.0,0.0,0.0,1.0,1.0
1,185,10.21505613200955,0.0,1.0,0.0,0.0,1.0,1.0,1.0
2,185,11.366605856237603,6.001266288507625,0.0,0.0,0.0,1.0,0.0,0.0
3,185,8.63032486548275,10.124694430840464,0.0,0.0,0.0,0.0,0.0,1.0
4,185,5.2544945089832815,2.25829364999114,0.0,0.0,0.0,0.0,0.0,0.0
5,185,12.0,9.086848840866706,0.0,0.0,1.0,0.0,0.0,0.0
6,185,4.3368470340047,10.236978601266486,1.0,0.0,0.0,1.0,0.0,0.0
7,185,1.704205788671008,6.075125943707733,0.0,0.0,1.0,0.0,0.0,0.0
8,185,0.2985326531802873,1.4756277811870555,1.0,0.0,0.0,1.0,0.0,0.0
9,185,7.760608006906746,11.978197503920464,0.0,0.0,0.0,0.0,1.0,0.0
10,185,11.67336725846326,12.0,0.0,1.0,0.0,0.0,1.0,1.0
11,185,7.94139435431266,11.32730329255652,0.0,1.0,1.0,0.0,0.0,1.0
12,185,4.665437349691271,9.29521057339689,1.0,1.0,1.0,0.0,0.0,1.0
13,185,5.651663247829698,1.1098419441312508,0.0,0.0,1.0,0.0,1.0,0.0
14,185,0.0,11.618191385577388,1.0,0.0,1.0,0.0,1.0,0.0
15,185,1.3723343676881352,1.838422765674212,0.0,0.0,1.0,1.0,1.0,0.0
16,185,10.490101444224258,8.101176507062286,0.0,1.0,0.0,0.0,1.0,0.0
17,185,0.9045540153657228,7.1411466357968605,0.0,1.0,0.0,1.0,0.0,0.0
18,185,5.115373507390524,0.0,0.0,1.0,0.0,1.0,1.0,0.0
19,185,5.286164725391849,6.127066648364153,1.0,1.0,0.0,1.0,0.0,0.0
0,190,8.96088861066115,3.686956909466825,0.0,0.0,0.0,0.0,1.0,1.0
1,190,10.217010457566335,0.0,1.0,0.0,0.0,1.0,1.0,1.0
2,190,11.417119972357057,5.85349765826436,0.0,0.0,0.0,1.0,0.0,0.0
3,190,8.610929291801597,10.115123467689116,0.0,0.0,0.0,0.0,0.0,1.0
4,190,5.3871050763173,2.1379862313721825,0.0,0.0,0.0,0.0,0.0,0.0
5,190,12.0,8.974460754583845,0.0,0.0,1.0,0.0,0.0,0.0
6,190,4.338036367065318,10.238491056246191,1.0,0.0,0.0,1.0,0.0,0.0
7,190,1.6506020312008074,6.0922307400718525,0.0,0.0,1.0,0.0,0.0,0.0
8,190,0.3486006834824899,1.4438924089855438,1.0,0.0,0.0,1.0,0.0,0.0
9,190,7.743060689414378,11.944688607430006,0.0,0.0,0.0,0.0,1.0,0.0
10,190,11.77649877314314,12.0,0.0,1.0,0.0,0.0,1.0,1.0
11,190,7.949719373951055,11.364303736634524,0.0,1.0,1.0,0.0,0.0,1.0
12,190,4.785773169996791,9.235459217343864,1.0,1.0,1.0,0.0,0.0,1.0
13,190,5.589946637447999,1.106249872458812,0.0,0.0,1.0,0.0,1.0,0.0
14,190,0.0,11.592592656817846,1.0,0.0,1.0,0.0,1.0,0.0
15,190,1.3714990247440193,1.8387132377811355,0.0,0.0,1.0,1.0,1.0,0.0
16,190,10.490753687684432,8.110724156151061,0.0,1.0,0.0,0.0,1.0,0.0
17,190,0.8885368468653092,7.165387785548759,0.0,1.0,0.0,1.0,0.0,0.0
18,190,4.955101125249886,0.0,0.0,1.0,0.0,1.0,1.0,0.0
19,190,5.243577523056085,6.153396154998595,1.0,1.0,0.0,1.0,0.0,0.0
0,195,8.994386876110926,3.6052791704928913,0.0,0.0,0.0,0.0,1.0,1.0
1,195,10.221014373375295,0.0,1.0,0.0,0.0,1.0,1.0,1.0
2,195,11.46713677119588,5.70412987995703,0.0,0.0,0.0,1.0,0.0,0.0
3,195,8.597047430559241,10.108603119504965,0.0,0.0,0.0,0.0,0.0,1.0
4,195,5.528682020747225,2.016279128042685,0.0,0.0,0.0,0.0,0.0,0.0
5,195,12.0,8.863285055704994,0.0,0.0,1.0,0.0,0.0,0.0
6,195,4.329126622376474,10.226566211147691,1.0,0.0,0.0,1.0,0.0,0.0
7,195,1.5931322851712952,6.110146619603446,0.0,0.0,1.0,0.0,0.0,0.0
8,195,0.3968373162447532,1.412078295145176,1.0,0.0,0.0,1.0,0.0,0.0
9,195,7.729893715800652,11.919011815797372,0.0,0.0,0.0,0.0,1.0,0.0
10,195,11.894734567088548,12.0,0.0,1.0,0.0,0.0,1.0,1.0
11,195,7.95744176766886,11.391950193563376,0.0,1.0,1.0,0.0,0.0,1.0
12,195,4.912916146791829,9.17741246481517,1.0,1.0,1.0,0.0,0.0,1.0
13,195,5.514740215236574,1.1045638847474872,0.0,0.0,1.0,0.0,1.0,0.0
14,195,0.0,11.5697585651067,1.0,0.0,1.0,0.0,1.0,0.0
15,195,1.3973572748835688,1.8299979744842705,0.0,0.0,1.0,1.0,1.0,0.0
16,195,10.49039029352061,8.105268295439075,0.0,1.0,0.0,0.0,1.0,0.0
17,195,0.8731473194794697,7.18682311901976,0.0,1.0,0.0,1.0,0.0,0.0
18,195,4.783175602096511,0.0,0.0,1.0,0.0,1.0,1.0,0.0
19,195,5.198535651246859,6.181250659264457,1.0,1.0,0.0,1.0,0.0,0.0
0,200,9.031765947094833,3.510470590797442,0.0,0.0,0.0,0.0,1.0,1.0
1,200,10.222521486324922,0.0,1.0,0.0,0.0,1.0,1.0,1.0
2,200,11.51720536468323,5.543793847417851,0.0,0.0,0.0,1.0,0.0,0.0
3,200,8.584074384467145,10.102149936590452,0.0,0.0,0.0,0.0,0.0,1.0
4,200,5.685866552981588,1.8819989952555671,0.0,0.0,0.0,0.0,0.0,0.0
5,200,12.0,8.745904810335697,0.0,0.0,1.0,0.0,0.0,0.0
6,200,4.313408227219265,10.205094929732544,1.0,0.0,0.0,1.0,0.0,0.0
7,200,1.5372173020971305,6.126120643071227,0.0,0.0,1.0,0.0,0.0,0.0
8,200,0.4508304063055308,1.3795881398096117,1.0,0.0,0.0,1.0,0.0,0.0
9,200,7.718954609789651,11.897947319993555,0.0,0.0,0.0,0.0,1.0,0.0
10,200,12.0,12.0,0.0,1.0,0.0,0.0,1.0,1.0
11,200,7.966023257640034,11.42295849344346,0.0,1.0,1.0,0.0,0.0,1.0
12,200,5.043757209893362,9.118838367336105,1.0,1.0,1.0,0.0,0.0,1.0
13,200,5.430924358415063,1.1027541847176334,0.0,0.0,1.0,0.0,1.0,0.0
14,200,0.0,11.544812509439565,1.0,0.0,1.0,0.0,1.0,0.0
15,200,1.4266480004815991,1.8188345399978705,0.0,0.0,1.0,1.0,1.0,0.0
16,200,10.490729865780652,8.11528812421067,0.0,1.0,0.0,0.0,1.0,0.0
17,200,0.8608610747882063,7.203781719084955,0.0,1.0,0.0,1.0,0.0,0.0
18,200,4.605745495662784,0.0,0.0,1.0,0.0,1.0,1.0,0.0
19,200,5.160709441402316,6.203333936235912,1.0,1.0,0.0,1.0,0.0,0.0
0,205,9.066875183559835,3.420013270113216,0.0,0.0,0.0,0.0,1.0,1.0
1,205,10.22468401907124,0.0,1.0,0.0,0.0,1.0,1.0,1.0
2,205,11.571996112893483,5.377129428076628,0.0,0.0,0.0,1.0,0.0,0.0
3,205,8.58334029280002,10.101766646069086,0.0,0.0,0.0,0.0,0.0,1.0
4,205,5.845320641791183,1.741715876117088,0.0,0.0,0.0,0.0,0.0,0.0
5,205,12.0,8.622870795452378,0.0,0.0,1.0,0.0,0.0,0.0
6,205,4.302962347162456,10.191155953994857,1.0,0.0,0.0,1.0,0.0,0.0
7,205,1.4907610003886416,6.141005932454647,0.0,0.0,1.0,0.0,0.0,0.0
8,205,0.4823428874426981,1.4305452411562944,1.0,0.0,0.0,1.0,0.0,0.0
9,205,7.708168764390885,11.8777752241725,0.0,0.0,0.0,0.0,1.0,0.0
10,205,12.0,12.0,0.0,1.0,0.0,0.0,1.0,1.0
11,205,7.973062082736104,11.449177204853653,0.0,1.0,1.0,0.0,0.0,1.0
12,205,5.162718929071527,9.067089052468216,1.0,1.0,1.0,0.0,0.0,1.0
13,205,5.350884394648475,1.0993106799719474,0.0,0.0,1.0,0.0,1.0,0.0
14,205,0.0,11.523618379092524,1.0,0.0,1.0,0.0,1.0,0.0
15,205,1.4640067580196658,1.804576465625904,0.0,0.0,1.0,1.0,1.0,0.0
16,205,10.490375040980163,8.107775389979759,0.0,1.0,0.0,0.0,1.0,0.0
17,205,0.8387366974207615,7.231785747950349,0.0,1.0,0.0,1.0,0.0,0.0
18,205,4.423340264231769,0.0,0.0,1.0,0.0,1.0,1.0,0.0
19,205,5.1107534456262345,6.232900290840296,1.0,1.0,0.0,1.0,0.0,0.0
0,210,9.096466283632454,3.348137263735678,0.0,0.0,0.0,0.0,1.0,1.0
1,210,10.22820733967848,0.0,1.0,0.0,0.0,1.0,1.0,1.0
2,210,11.62254944655268,5.218312693433784,0.0,0.0,0.0,1.0,0.0,0.0
3,210,8.575186697087846,10.097377143553263,0.0,0.0,0.0,0.0,0.0,1.0
4,210,6.007808015713779,1.5999516660117732,0.0,0.0,0.0,0.0,0.0,0.0
5,210,12.0,8.509295829885348,0.0,0.0,1.0,0.0,0.0,0.0
6,210,4.295505953548026,10.181098057082504,1.0,0.0,0.0,1.0,0.0,0.0
7,210,1.4588722645509975,6.150729552908097,0.0,0.0,1.0,0.0,0.0,0.0
8,210,0.5205921814081149,1.4896017244193336,1.0,0.0,0.0,1.0,0.0,0.0
9,210,7.690634825364274,11.84610016523338,0.0,0.0,0.0,0.0,1.0,0.0
10,210,12.0,11.881522630473606,0.0,1.0,0.0,0.0,1.0,1.0
11,210,7.98303050824842,11.487530965850231,0.0,1.0,1.0,0.0,0.0,1.0
12,210,5.267873132996551,9.02324257560733,1.0,1.0,1.0,0.0,0.0,1.0
13,210,5.2571368972990005,1.0967042186964562,0.0,0.0,1.0,0.0,1.0,0.0
14,210,0.0,11.510100387384956,1.0,0.0,1.0,0.0,1.0,0.0
15,210,1.488614581639882,1.7957601059637822,0.0,0.0,1.0,1.0,1.0,0.0
16,210,10.490372208455105,8.107726346166256,0.0,1.0,0.0,0.0,1.0,0.0
17,210,0.8336064881992634,7.237910334849163,0.0,1.0,0.0,1.0,0.0,0.0
18,210,4.254100635795802,0.0,0.0,1.0,0.0,1.0,1.0,0.0
19,210,5.06570662660337,6.258238517308685,1.0,1.0,0.0,1.0,0.0,0.0
0,215,9.135791434015092,3.25936527483224,0.0,0.0,0.0,0.0,1.0,1.0
1,215,10.227728889983258,0.0025872593051376,1.0,0.0,0.0,1.0,1.0,1.0
2,215,11.66322474229406,5.079517538134176,0.0,0.0,0.0,1.0,0.0,0.0
3,215,8.5593832434362,10.088993363573852,0.0,0.0,0.0,0.0,0.0,1.0
4,215,6.17285911956229,1.4570644941555968,0.0,0.0,0.0,0.0,0.0,0.0
5,215,12.0,8.413619189662423,0.0,0.0,1.0,0.0,0.0,0.0
6,215,4.287711583553647,10.170400139527374,1.0,0.0,0.0,1.0,0.0,0.0
7,215,1.4203004246908195,6.163011459633308,0.0,0.0,1.0,0.0,0.0,0.0
8,215,0.5638237667806263,1.5593118540712898,1.0,0.0,0.0,1.0,0.0,0.0
9,215,7.680461575749584,11.828685187383366,0.0,0.0,0.0,0.0,1.0,0.0
10,215,12.0,11.748714126542874,0.0,1.0,0.0,0.0,1.0,1.0
11,215,7.994504972019458,11.528095482360614,0.0,1.0,1.0,0.0,0.0,1.0
12,215,5.370970131555092,8.978142738138294,1.0,1.0,1.0,0.0,0.0,1.0
13,215,5.154559933275155,1.0925689432120964,0.0,0.0,1.0,0.0,1.0,0.0
14,215,0.0,11.495105005579944,1.0,0.0,1.0,0.0,1.0,0.0
15,215,1.4983451780622263,1.821884990940522,0.0,0.0,1.0,1.0,1.0,0.0
16,215,10.490734774659034,8.115335768844714,0.0,1.0,0.0,0.0,1.0,0.0
17,215,0.8272399320724733,7.245338032772097,0.0,1.0,0.0,1.0,0.0,0.0
18,215,4.0911843398840375,0.0,0.0,1.0,0.0,1.0,1.0,0.0
19,215,5.035110398792954,6.275579730354918,1.0,1.0,0.0,1.0,0.0,0.0
0,220,9.176199234289967,3.173244290147938,0.0,0.0,0.0,0.0,1.0,1.0
1,220,10.22770315628374,0.0027065791965189,1.0,0.0,0.0,1.0,1.0,1.0
2,220,11.704002444985491,4.924764738190096,0.0,0.0,0.0,1.0,0.0,0.0
3,220,8.547873183431692,10.082978803222206,0.0,0.0,0.0,0.0,0.0,1.0
4,220,6.3258479992997385,1.3182066344001246,0.0,0.0,0.0,0.0,0.0,0.0
5,220,12.0,8.32046281679347,0.0,0.0,1.0,0.0,0.0,0.0
6,220,4.277011364308055,10.155966094821514,1.0,0.0,0.0,1.0,0.0,0.0
7,220,1.3774696730731617,6.177363334484632,0.0,0.0,1.0,0.0,0.0,0.0
8,220,0.6081213084496686,1.6272434687766273,1.0,0.0,0.0,1.0,0.0,0.0
9,220,7.658937194173005,11.791723785429188,0.0,0.0,0.0,0.0,1.0,0.0
10,220,12.0,11.62487371966215,0.0,1.0,0.0,0.0,1.0,1.0
11,220,8.007582494564778,11.574734869978224,0.0,1.0,1.0,0.0,0.0,1.0
12,220,5.502321279944971,8.918596269633001,1.0,1.0,1.0,0.0,0.0,1.0
13,220,5.05251676394417,1.086780947013419,0.0,0.0,1.0,0.0,1.0,0.0
14,220,0.0,11.477827311395648,1.0,0.0,1.0,0.0,1.0,0.0
15,220,1.506696172037851,1.8437442690418848,0.0,0.0,1.0,1.0,1.0,0.0
16,220,10.48993327176884,8.102422910117584,0.0,1.0,0.0,0.0,1.0,0.0
17,220,0.8294381401990438,7.242660748587022,0.0,1.0,0.0,1.0,0.0,0.0
18,220,3.922482908893151,0.0,0.0,1.0,0.0,1.0,1.0,0.0
19,220,4.99006979454222,6.3012087929846725,1.0,1.0,0.0,1.0,0.0,0.0
0,225,9.218283352121762,3.081350891268821,0.0,0.0,0.0,0.0,1.0,1.0
1,225,10.224290532643195,0.0169026697927124,1.0,0.0,0.0,1.0,1.0,1.0
2,225,11.748789775870245,4.763225005656244,0.0,0.0,0.0,1.0,0.0,0.0
3,225,8.560484973533985,10.089488959603289,0.0,0.0,0.0,0.0,0.0,1.0
4,225,6.463167806726088,1.1907456997281505,0.0,0.0,0.0,0.0,0.0,0.0
5,225,12.0,8.227763049424011,0.0,0.0,1.0,0.0,0.0,0.0
6,225,4.262661999590075,10.13704619056753,1.0,0.0,0.0,1.0,0.0,0.0
7,225,1.329691709334798,6.193145591128716,0.0,0.0,1.0,0.0,0.0,0.0
8,225,0.661549570073898,1.7077947566089426,1.0,0.0,0.0,1.0,0.0,0.0
9,225,7.641185947069119,11.762363854362484,0.0,0.0,0.0,0.0,1.0,0.0
10,225,12.0,11.526543664486576,0.0,1.0,0.0,0.0,1.0,1.0
11,225,8.025815617574773,11.63505660638249,0.0,1.0,1.0,0.0,0.0,1.0
12,225,5.657652541027796,8.850061000779414,1.0,1.0,1.0,0.0,0.0,1.0
13,225,4.936189276234232,1.0820356702391174,0.0,0.0,1.0,0.0,1.0,0.0
14,225,0.0,11.460444293317646,1.0,0.0,1.0,0.0,1.0,0.0
15,225,1.5226662211936373,1.882287438078909,0.0,0.0,1.0,1.0,1.0,0.0
16,225,10.489402622771474,8.094634307134664,0.0,1.0,0.0,0.0,1.0,0.0
17,225,0.8400425060145991,7.229834997725857,0.0,1.0,0.0,1.0,0.0,0.0
18,225,3.761899804502959,0.0,0.0,1.0,0.0,1.0,1.0,0.0
19,225,4.932556269582654,6.334384407223911,1.0,1.0,0.0,1.0,0.0,0.0
0,230,9.266822546203928,2.970537182710282,0.0,0.0,0.0,0.0,1.0,1.0
1,230,10.226771670256968,0.0061966409796992,1.0,0.0,0.0,1.0,1.0,1.0
2,230,11.790629281113969,4.600247196083618,0.0,0.0,0.0,1.0,0.0,0.0
3,230,8.567416552349098,10.093176727788576,0.0,0.0,0.0,0.0,0.0,1.0
4,230,6.597771122467403,1.0621797004959543,0.0,0.0,0.0,0.0,0.0,0.0
5,230,12.0,8.144438917433046,0.0,0.0,1.0,0.0,0.0,0.0
6,230,4.2487314480286535,10.119620514281184,1.0,0.0,0.0,1.0,0.0,0.0
7,230,1.2809399728998003,6.209128808980101,0.0,0.0,1.0,0.0,0.0,0.0
8,230,0.7144399360739742,1.786819794224426,1.0,0.0,0.0,1.0,0.0,0.0
9,230,7.633055090599492,11.748550494116236,0.0,0.0,0.0,0.0,1.0,0.0
10,230,12.0,11.437185584574037,0.0,1.0,0.0,0.0,1.0,1.0
11,230,8.040200932732404,11.67944732072052,0.0,1.0,1.0,0.0,0.0,1.0
12,230,5.821063551081815,8.770542963060795,1.0,1.0,1.0,0.0,0.0,1.0
13,230,4.819061375941192,1.0782767768919497,0.0,0.0,1.0,0.0,1.0,0.0
14,230,0.0,11.446669238964654,1.0,0.0,1.0,0.0,1.0,0.0
15,230,1.5369285064064169,1.9151360489361304,0.0,0.0,1.0,1.0,1.0,0.0
16,230,10.490117046572408,8.10817659922035,0.0,1.0,0.0,0.0,1.0,0.0
17,230,0.8484822824476255,7.219401084609764,0.0,1.0,0.0,1.0,0.0,0.0
18,230,3.6005620509877354,0.0,0.0,1.0,0.0,1.0,1.0,0.0
19,230,4.843645097556585,6.3827860818253335,1.0,1.0,0.0,1.0,0.0,0.0
0,235,9.320656363852953,2.8550585019932804,0.0,0.0,0.0,0.0,1.0,1.0
1,235,10.230093984561558,0.0,1.0,0.0,0.0,1.0,1.0,1.0
2,235,11.831530796780836,4.440540755373297,0.0,0.0,0.0,1.0,0.0,0.0
3,235,8.568800987264645,10.093908810380052,0.0,0.0,0.0,0.0,0.0,1.0
4,235,6.738425645411768,0.9213339997455344,0.0,0.0,0.0,0.0,0.0,0.0
5,235,12.0,8.322780402251007,0.0,0.0,1.0,0.0,0.0,0.0
6,235,4.22818453743487,10.094253938384805,1.0,0.0,0.0,1.0,0.0,0.0
7,235,1.2186524820115692,6.23071331944355,0.0,0.0,1.0,0.0,0.0,0.0
8,235,0.7682737020714159,1.8704809963428577,1.0,0.0,0.0,1.0,0.0,0.0
9,235,7.625073009094065,11.735359456037664,0.0,0.0,0.0,0.0,1.0,0.0
10,235,12.0,11.353188786595451,0.0,1.0,0.0,0.0,1.0,1.0
11,235,8.056919398731809,11.734321375113616,0.0,1.0,1.0,0.0,0.0,1.0
12,235,5.997148680556485,8.686839837169622,1.0,1.0,1.0,0.0,0.0,1.0
13,235,4.698088553286967,1.0774446930215698,0.0,0.0,1.0,0.0,1.0,0.0
14,235,0.0,11.432454029154496,1.0,0.0,1.0,0.0,1.0,0.0
15,235,1.5470194819282428,1.9387044592445533,0.0,0.0,1.0,1.0,1.0,0.0
16,235,10.49109966638341,8.122074417566997,0.0,1.0,0.0,0.0,1.0,0.0
17,235,0.8554238477904073,7.210779510218758,0.0,1.0,0.0,1.0,0.0,0.0
18,235,3.442859890285427,0.0,0.0,1.0,0.0,1.0,1.0,0.0
19,235,4.764192721531301,6.424485795259517,1.0,1.0,0.0,1.0,0.0,0.0
0,240,9.37128463584786,2.754417977512607,0.0,0.0,0.0,0.0,1.0,1.0
1,240,10.22715732045564,0.0119181685281117,1.0,0.0,0.0,1.0,1.0,1.0
2,240,11.871992910365927,4.274422003791196,0.0,0.0,0.0,1.0,0.0,0.0
3,240,8.567078575616922,10.092985194059652,0.0,0.0,0.0,0.0,0.0,1.0
4,240,6.880145535453276,0.7672729066077131,0.0,0.0,0.0,0.0,0.0,0.0
5,240,12.0,8.511678293602058,0.0,0.0,1.0,0.0,0.0,0.0
6,240,4.197450521081534,10.054052610092542,1.0,0.0,0.0,1.0,0.0,0.0
7,240,1.152412986491896,6.253890391522203,0.0,0.0,1.0,0.0,0.0,0.0
8,240,0.8152029373777264,1.940551713094892,1.0,0.0,0.0,1.0,0.0,0.0
9,240,7.6155250134175985,11.71889039877778,0.0,0.0,0.0,0.0,1.0,0.0
10,240,12.0,11.259285543461472,0.0,1.0,0.0,0.0,1.0,1.0
11,240,8.074715173129777,11.792219255630217,0.0,1.0,1.0,0.0,0.0,1.0
12,240,6.179522623790775,8.602352324448132,1.0,1.0,1.0,0.0,0.0,1.0
13,240,4.59434066978713,1.0752998068838098,0.0,0.0,1.0,0.0,1.0,0.0
14,240,0.0,11.485778265999205,1.0,0.0,1.0,0.0,1.0,0.0
15,240,1.5653415509890247,1.9813304528063125,0.0,0.0,1.0,1.0,1.0,0.0
16,240,10.49235793708015,8.136733776644816,0.0,1.0,0.0,0.0,1.0,0.0
17,240,0.8490322334678639,7.218734368538876,0.0,1.0,0.0,1.0,0.0,0.0
18,240,3.3096044623710306,0.0,0.0,1.0,0.0,1.0,1.0,0.0
19,240,4.68387289570287,6.46666994365924,1.0,1.0,0.0,1.0,0.0,0.0
0,245,9.421287178873394,2.6578654424596637,0.0,0.0,0.0,0.0,1.0,1.0
1,245,10.222382395156604,0.0331964433472501,1.0,0.0,0.0,1.0,1.0,1.0
2,245,11.912741880071923,4.116136667266932,0.0,0.0,0.0,1.0,0.0,0.0
3,245,8.572320883953921,10.095870965210608,0.0,0.0,0.0,0.0,0.0,1.0
4,245,7.019952944409225,0.6071214346062777,0.0,0.0,0.0,0.0,0.0,0.0
5,245,12.0,8.688452691994872,0.0,0.0,1.0,0.0,0.0,0.0
6,245,4.155121520606978,10.000649642691425,1.0,0.0,0.0,1.0,0.0,0.0
7,245,1.0980927762463657,6.272352008202389,0.0,0.0,1.0,0.0,0.0,0.0
8,245,0.8639658288790689,2.0159769237012,1.0,0.0,0.0,1.0,0.0,0.0
9,245,7.610761903609761,11.711101608531589,0.0,0.0,0.0,0.0,1.0,0.0
10,245,12.0,11.16146255468679,0.0,1.0,0.0,0.0,1.0,1.0
11,245,8.094271961705603,11.856658722235837,0.0,1.0,1.0,0.0,0.0,1.0
12,245,6.3823963851986125,8.505542031545646,1.0,1.0,1.0,0.0,0.0,1.0
13,245,4.493854059366851,1.0706281450603412,0.0,0.0,1.0,0.0,1.0,0.0
14,245,0.0,11.535490417786416,1.0,0.0,1.0,0.0,1.0,0.0
15,245,1.5809232252246168,2.02126451472188,0.0,0.0,1.0,1.0,1.0,0.0
16,245,10.493246486295243,8.144950857597825,0.0,1.0,0.0,0.0,1.0,0.0
17,245,0.8506877730745549,7.21669933182454,0.0,1.0,0.0,1.0,0.0,0.0
18,245,3.2043638279325912,0.0,0.0,1.0,0.0,1.0,1.0,0.0
19,245,4.603808306901593,6.510581390232,1.0,1.0,0.0,1.0,0.0,0.0
0,250,9.472898180621096,2.562236653993878,0.0,0.0,0.0,0.0,1.0,1.0
1,250,10.21017649971268,0.0895165980381823,1.0,0.0,0.0,1.0,1.0,1.0
2,250,11.953320457204464,3.949294853281306,0.0,0.0,0.0,1.0,0.0,0.0
3,250,8.57271204051369,10.096089181679458,0.0,0.0,0.0,0.0,0.0,1.0
4,250,7.151259931776434,0.4582611511888186,0.0,0.0,0.0,0.0,0.0,0.0
5,250,12.0,8.850819665127736,0.0,0.0,1.0,0.0,0.0,0.0
6,250,4.113704974516448,9.948641703952925,1.0,0.0,0.0,1.0,0.0,0.0
7,250,1.037201119375074,6.29453432317358,0.0,0.0,1.0,0.0,0.0,0.0
8,250,0.9118292841697622,2.0887613389943067,1.0,0.0,0.0,1.0,0.0,0.0
9,250,7.60359294219912,11.69866056109774,0.0,0.0,0.0,0.0,1.0,0.0
10,250,12.0,11.066905435451687,0.0,1.0,0.0,0.0,1.0,1.0
11,250,8.114830490491546,11.916310046888675,0.0,1.0,1.0,0.0,0.0,1.0
12,250,6.586813936796675,8.410154875997634,1.0,1.0,1.0,0.0,0.0,1.0
13,250,4.370153654881721,1.065061573950516,0.0,0.0,1.0,0.0,1.0,0.0
14,250,0.0,11.582400307645022,1.0,0.0,1.0,0.0,1.0,0.0
15,250,1.6074985132211927,2.089756563667181,0.0,0.0,1.0,1.0,1.0,0.0
16,250,10.494430780142968,8.156090914069194,0.0,1.0,0.0,0.0,1.0,0.0
17,250,0.8413958577467868,7.227611162436521,0.0,1.0,0.0,1.0,0.0,0.0
18,250,3.095104065917784,0.0,0.0,1.0,0.0,1.0,1.0,0.0
19,250,4.517498674019636,6.558190757115523,1.0,1.0,0.0,1.0,0.0,0.0
0,255,9.533591319101474,2.45508576721557,0.0,0.0,0.0,0.0,1.0,1.0
1,255,10.19280081690553,0.1707894944134119,1.0,0.0,0.0,1.0,1.0,1.0
2,255,11.992655636937489,3.794824427483856,0.0,0.0,0.0,1.0,0.0,0.0
3,255,8.571898932012704,10.095647664068904,0.0,0.0,0.0,0.0,0.0,1.0
4,255,7.271150055683762,0.3198798942406149,0.0,0.0,0.0,0.0,0.0,0.0
5,255,12.0,9.03323911497608,0.0,0.0,1.0,0.0,0.0,0.0
6,255,4.068220488073738,9.889693261736484,1.0,0.0,0.0,1.0,0.0,0.0
7,255,0.9854990925733654,6.313449244884956,0.0,0.0,1.0,0.0,0.0,0.0
8,255,0.9603096296785092,2.1583566274175494,1.0,0.0,0.0,1.0,0.0,0.0
9,255,7.593904483279698,11.682259015985167,0.0,0.0,0.0,0.0,1.0,0.0
10,255,12.0,10.955854923858949,0.0,1.0,0.0,0.0,1.0,1.0
11,255,8.133244879013356,11.975050430771628,0.0,1.0,1.0,0.0,0.0,1.0
12,255,6.760683056464957,8.335089813437213,1.0,1.0,1.0,0.0,0.0,1.0
13,255,4.224214399985106,1.0549258859128023,0.0,0.0,1.0,0.0,1.0,0.0
14,255,0.0,11.626986427049244,1.0,0.0,1.0,0.0,1.0,0.0
15,255,1.639730988094581,2.170082412931047,0.0,0.0,1.0,1.0,1.0,0.0
16,255,10.49706203540392,8.18087333007227,0.0,1.0,0.0,0.0,1.0,0.0
17,255,0.8325698915224088,7.238266190702985,0.0,1.0,0.0,1.0,0.0,0.0
18,255,2.9914291886579063,0.0,0.0,1.0,0.0,1.0,1.0,0.0
19,255,4.428660426611505,6.607715526625739,1.0,1.0,0.0,1.0,0.0,0.0
0,260,9.58591737514258,2.3658667543404475,0.0,0.0,0.0,0.0,1.0,1.0
1,260,10.176853194420284,0.242759367462785,1.0,0.0,0.0,1.0,1.0,1.0
2,260,12.0,3.6550622857488366,0.0,0.0,0.0,1.0,0.0,0.0
3,260,8.579686392173485,10.099596715975345,0.0,0.0,0.0,0.0,0.0,1.0
4,260,7.390310450074377,0.1867771293190774,0.0,0.0,0.0,0.0,0.0,0.0
5,260,12.0,9.219956528097898,0.0,0.0,1.0,0.0,0.0,0.0
6,260,4.0128841191354825,9.82164285638048,1.0,0.0,0.0,1.0,0.0,0.0
7,260,0.9175443197753556,6.337727961219544,0.0,0.0,1.0,0.0,0.0,0.0
8,260,1.0022104343009133,2.217129498598402,1.0,0.0,0.0,1.0,0.0,0.0
9,260,7.584495105555242,11.665933333118229,0.0,0.0,0.0,0.0,1.0,0.0
10,260,12.0,10.845885567044776,0.0,1.0,0.0,0.0,1.0,1.0
11,260,8.158076031745326,12.0,0.0,1.0,1.0,0.0,0.0,1.0
12,260,6.904289868108871,8.271889785723424,1.0,1.0,1.0,0.0,0.0,1.0
13,260,4.04805838337728,1.0358149575945548,0.0,0.0,1.0,0.0,1.0,0.0
14,260,0.0,11.66667196577603,1.0,0.0,1.0,0.0,1.0,0.0
15,260,1.6655764837939626,2.2328030170490694,0.0,0.0,1.0,1.0,1.0,0.0
16,260,10.500770913702452,8.2118517310033,0.0,1.0,0.0,0.0,1.0,0.0
17,260,0.8177850576156707,7.255821327348237,0.0,1.0,0.0,1.0,0.0,0.0
18,260,2.8849497715168577,0.0,0.0,1.0,0.0,1.0,1.0,0.0
19,260,4.348493263054623,6.651969409034606,1.0,1.0,0.0,1.0,0.0,0.0
0,265,9.623476587772553,2.299190505501856,0.0,0.0,0.0,0.0,1.0,1.0
1,265,10.158382095481134,0.3217693220129414,1.0,0.0,0.0,1.0,1.0,1.0
2,265,12.0,3.5028617340507866,0.0,0.0,0.0,1.0,0.0,0.0
3,265,8.58150432142669,10.100512883066315,0.0,0.0,0.0,0.0,0.0,1.0
4,265,7.50617191944969,0.0564470276581804,0.0,0.0,0.0,0.0,0.0,0.0
5,265,12.0,9.393534365264598,0.0,0.0,1.0,0.0,0.0,0.0
6,265,3.952490903625155,9.747875986275552,1.0,0.0,0.0,1.0,0.0,0.0
7,265,0.8586936768596872,6.358763619021918,0.0,0.0,1.0,0.0,0.0,0.0
8,265,1.0483623862595088,2.2790676658753037,1.0,0.0,0.0,1.0,0.0,0.0
9,265,7.573885559239554,11.64892833539423,0.0,0.0,0.0,0.0,1.0,0.0
10,265,12.0,10.731160700834655,0.0,1.0,0.0,0.0,1.0,1.0
11,265,8.181090249297768,12.0,0.0,1.0,1.0,0.0,0.0,1.0
12,265,7.0590595638809175,8.20459871561878,1.0,1.0,1.0,0.0,0.0,1.0
13,265,3.852182217607143,1.0158218999714452,0.0,0.0,1.0,0.0,1.0,0.0
14,265,0.0,11.715280005065116,1.0,0.0,1.0,0.0,1.0,0.0
15,265,1.6916510906822466,2.293781170000766,0.0,0.0,1.0,1.0,1.0,0.0
16,265,10.50491230990372,8.245509922521753,0.0,1.0,0.0,0.0,1.0,0.0
17,265,0.8067016015319054,7.269438114577777,0.0,1.0,0.0,1.0,0.0,0.0
18,265,2.7725694089114605,0.0,0.0,1.0,0.0,1.0,1.0,0.0
19,265,4.238181252171706,6.712915220396436,1.0,1.0,0.0,1.0,0.0,0.0
0,270,9.66729255461744,2.2241811837603103,0.0,0.0,0.0,0.0,1.0,1.0
1,270,10.14219568986659,0.3841563120874962,1.0,0.0,0.0,1.0,1.0,1.0
2,270,12.0,3.3629868833219625,0.0,0.0,0.0,1.0,0.0,0.0
3,270,8.573939191327995,10.096822825915378,0.0,0.0,0.0,0.0,0.0,1.0
4,270,7.608158190726433,0.0,0.0,0.0,0.0,0.0,0.0,0.0
5,270,12.0,9.57083560622208,0.0,0.0,1.0,0.0,0.0,0.0
6,270,3.88764919559593,9.663570310155496,1.0,0.0,0.0,1.0,0.0,0.0
7,270,0.7890281494655293,6.384575362060586,0.0,0.0,1.0,0.0,0.0,0.0
8,270,1.1000750628086435,2.351333115897684,1.0,0.0,0.0,1.0,0.0,0.0
9,270,7.565310023160388,11.634999846423195,0.0,0.0,0.0,0.0,1.0,0.0
10,270,12.0,10.634129735919942,0.0,1.0,0.0,0.0,1.0,1.0
11,270,8.20674721056901,12.0,0.0,1.0,1.0,0.0,0.0,1.0
12,270,7.20014252107403,8.145413750876845,1.0,1.0,1.0,0.0,0.0,1.0
13,270,3.872413511018161,0.8260824513743023,0.0,0.0,1.0,0.0,1.0,0.0
14,270,0.0,11.78915014249378,1.0,0.0,1.0,0.0,1.0,0.0
15,270,1.718510002207312,2.356187631654501,0.0,0.0,1.0,1.0,1.0,0.0
16,270,10.510173854118126,8.29462924775449,0.0,1.0,0.0,0.0,1.0,0.0
17,270,0.791352172846384,7.2870754198775485,0.0,1.0,0.0,1.0,0.0,0.0
18,270,2.657550088987779,0.0,0.0,1.0,0.0,1.0,1.0,0.0
19,270,4.149132071051954,6.764437215841508,1.0,1.0,0.0,1.0,0.0,0.0
0,275,9.716095295773169,2.141647754000346,0.0,0.0,0.0,0.0,1.0,1.0
1,275,10.121924788910048,0.4628083887999855,1.0,0.0,0.0,1.0,1.0,1.0
2,275,12.0,3.240640063335196,0.0,0.0,0.0,1.0,0.0,0.0
3,275,8.58403852192477,10.10172521994268,0.0,0.0,0.0,0.0,0.0,1.0
4,275,7.701671903663664,0.0,0.0,0.0,0.0,0.0,0.0,0.0
5,275,12.0,9.745587607322728,0.0,0.0,1.0,0.0,0.0,0.0
6,275,3.829800159619157,9.591466121738955,1.0,0.0,0.0,1.0,0.0,0.0
7,275,0.7341174190383355,6.404788859511728,0.0,0.0,1.0,0.0,0.0,0.0
8,275,1.1520438962767725,2.4258284811437867,1.0,0.0,0.0,1.0,0.0,0.0
9,275,7.557442952978271,11.621458594696676,0.0,0.0,0.0,0.0,1.0,0.0
10,275,12.0,10.534339183452,0.0,1.0,0.0,0.0,1.0,1.0
11,275,8.231162655016993,12.0,0.0,1.0,1.0,0.0,0.0,1.0
12,275,7.314691939083781,8.09749749142417,1.0,1.0,1.0,0.0,0.0,1.0
13,275,3.896602741865804,0.6153209781648351,0.0,0.0,1.0,0.0,1.0,0.0
14,275,0.0,11.842115448645506,1.0,0.0,1.0,0.0,1.0,0.0
15,275,1.7503310197008863,2.430179963462057,0.0,0.0,1.0,1.0,1.0,0.0
16,275,10.512998736531737,8.322689393150192,0.0,1.0,0.0,0.0,1.0,0.0
17,275,0.7704598633228865,7.311086153870284,0.0,1.0,0.0,1.0,0.0,0.0
18,275,2.543501550085314,0.0,0.0,1.0,0.0,1.0,1.0,0.0
19,275,4.054976996844281,6.815578103669206,1.0,1.0,0.0,1.0,0.0,0.0
0,280,9.760839809170532,2.064639118682888,0.0,0.0,0.0,0.0,1.0,1.0
1,280,10.097594228360812,0.5589048085870532,1.0,0.0,0.0,1.0,1.0,1.0
2,280,12.0,3.104861600796176,0.0,0.0,0.0,1.0,0.0,0.0
3,280,8.573474387603463,10.096956364634872,0.0,0.0,0.0,0.0,0.0,1.0
4,280,7.780977231683066,0.0,0.0,0.0,0.0,0.0,0.0,0.0
5,280,12.0,9.934163321750576,0.0,0.0,1.0,0.0,0.0,0.0
6,280,3.7724467279298106,9.519644313025768,1.0,0.0,0.0,1.0,0.0,0.0
7,280,0.6713917797325607,6.4266656739995165,0.0,0.0,1.0,0.0,0.0,0.0
8,280,1.1989887582132817,2.492323630483239,1.0,0.0,0.0,1.0,0.0,0.0
9,280,7.549544418168478,11.607202731999802,0.0,0.0,0.0,0.0,1.0,0.0
10,280,12.0,10.432889656107776,0.0,1.0,0.0,0.0,1.0,1.0
11,280,8.256310495576646,12.0,0.0,1.0,1.0,0.0,0.0,1.0
12,280,7.417225669024159,8.056004030543994,1.0,1.0,1.0,0.0,0.0,1.0
13,280,3.922103381605314,0.3808650230011916,0.0,0.0,1.0,0.0,1.0,0.0
14,280,0.0,11.893015202388057,1.0,0.0,1.0,0.0,1.0,0.0
15,280,1.789588459374471,2.515975656445029,0.0,0.0,1.0,1.0,1.0,0.0
16,280,10.51581609501254,8.358399709046132,0.0,1.0,0.0,0.0,1.0,0.0
17,280,0.7254569408263961,7.362217914096112,0.0,1.0,0.0,1.0,0.0,0.0
18,280,2.40711728986293,0.0,0.0,1.0,0.0,1.0,1.0,0.0
19,280,3.9615146319420234,6.864983680978097,1.0,1.0,0.0,1.0,0.0,0.0
0,285,9.808891965616253,1.982688436028698,0.0,0.0,0.0,0.0,1.0,1.0
1,285,10.071573811674076,0.6643616989167921,1.0,0.0,0.0,1.0,1.0,1.0
2,285,12.0,2.95628162327219,0.0,0.0,0.0,1.0,0.0,0.0
3,285,8.585645044781067,10.102726557354988,0.0,0.0,0.0,0.0,0.0,1.0
4,285,7.862906839295282,0.0,0.0,0.0,0.0,0.0,0.0,0.0
5,285,12.0,10.13335323540464,0.0,0.0,1.0,0.0,0.0,0.0
6,285,3.720423285329146,9.454833386699478,1.0,0.0,0.0,1.0,0.0,0.0
7,285,0.6101719415709836,6.449880184372305,0.0,0.0,1.0,0.0,0.0,0.0
8,285,1.225289196499883,2.52790512111618,1.0,0.0,0.0,1.0,0.0,0.0
9,285,7.53944094370739,11.587968870577791,0.0,0.0,0.0,0.0,1.0,0.0
10,285,12.0,10.324613690813308,0.0,1.0,0.0,0.0,1.0,1.0
11,285,8.280030903021393,12.0,0.0,1.0,1.0,0.0,0.0,1.0
12,285,7.5280585793114865,8.012439698695461,1.0,1.0,1.0,0.0,0.0,1.0
13,285,3.9543007304495466,0.1456674039101228,0.0,0.0,1.0,0.0,1.0,0.0
14,285,0.0,11.936956825846014,1.0,0.0,1.0,0.0,1.0,0.0
15,285,1.8283798222417464,2.6058534284629173,0.0,0.0,1.0,1.0,1.0,0.0
16,285,10.51759791422567,8.384898982129483,0.0,1.0,0.0,0.0,1.0,0.0
17,285,0.6947461051337562,7.3987992621646015,0.0,1.0,0.0,1.0,0.0,0.0
18,285,2.281949650933469,0.0,0.0,1.0,0.0,1.0,1.0,0.0
19,285,3.871419529391173,6.913602626966216,1.0,1.0,0.0,1.0,0.0,0.0
0,290,9.871117827504868,1.8814018214634445,0.0,0.0,0.0,0.0,1.0,1.0
1,290,10.047261854899745,0.7580246192152471,1.0,0.0,0.0,1.0,1.0,1.0
2,290,12.0,2.7974336177590717,0.0,0.0,0.0,1.0,0.0,0.0
3,290,8.600929600339436,10.110194640182812,0.0,0.0,0.0,0.0,0.0,1.0
4,290,7.93545291881264,0.0,0.0,0.0,0.0,0.0,0.0,0.0
5,290,12.0,10.32831700751077,0.0,0.0,1.0,0.0,0.0,0.0
6,290,3.660111903433812,9.381312365737678,1.0,0.0,0.0,1.0,0.0,0.0
7,290,0.5481617773925291,6.472747625993972,0.0,0.0,1.0,0.0,0.0,0.0
8,290,1.2434531088367131,2.552113038761277,1.0,0.0,0.0,1.0,0.0,0.0
9,290,7.521498471814263,11.55290049633473,0.0,0.0,0.0,0.0,1.0,0.0
10,290,11.89218665578333,10.157288524243736,0.0,1.0,0.0,0.0,1.0,1.0
11,290,8.302108879036387,12.0,0.0,1.0,1.0,0.0,0.0,1.0
12,290,7.667394724743799,7.96093069249017,1.0,1.0,1.0,0.0,0.0,1.0
13,290,3.9879797578485783,0.0,0.0,0.0,1.0,0.0,1.0,0.0
14,290,0.0,11.994189516602912,1.0,0.0,1.0,0.0,1.0,0.0
15,290,1.8696689025814808,2.6964511634617208,0.0,0.0,1.0,1.0,1.0,0.0
16,290,10.517273603756918,8.380237572272037,0.0,1.0,0.0,0.0,1.0,0.0
17,290,0.6638561789596757,7.433295507923028,0.0,1.0,0.0,1.0,0.0,0.0
18,290,2.158750375560492,0.0,0.0,1.0,0.0,1.0,1.0,0.0
19,290,3.787970216080827,6.959193408655845,1.0,1.0,0.0,1.0,0.0,0.0
0,295,9.926510889570531,1.794557923704266,0.0,0.0,0.0,0.0,1.0,1.0
1,295,10.026441744609096,0.8289490560420657,1.0,0.0,0.0,1.0,1.0,1.0
2,295,12.0,2.664158509225196,0.0,0.0,0.0,1.0,0.0,0.0
3,295,8.620556617826619,10.120080820696447,0.0,0.0,0.0,0.0,0.0,1.0
4,295,8.007115623346303,0.0,0.0,0.0,0.0,0.0,0.0,0.0
5,295,12.0,10.523718034131385,0.0,0.0,1.0,0.0,0.0,0.0
6,295,3.5982653281139454,9.305659066911664,1.0,0.0,0.0,1.0,0.0,0.0
7,295,0.4939193862150505,6.49156622121388,0.0,0.0,1.0,0.0,0.0,0.0
8,295,1.259031145949846,2.5733398686790827,1.0,0.0,0.0,1.0,0.0,0.0
9,295,7.5030969100508,11.516230343051609,0.0,0.0,0.0,0.0,1.0,0.0
10,295,11.775882801422052,9.986594586127756,0.0,1.0,0.0,0.0,1.0,1.0
11,295,8.32599862019118,12.0,0.0,1.0,1.0,0.0,0.0,1.0
12,295,7.82884623441249,7.902330920312749,1.0,1.0,1.0,0.0,0.0,1.0
13,295,4.017332020668792,0.0,0.0,0.0,1.0,0.0,1.0,0.0
14,295,0.0,12.0,1.0,0.0,1.0,0.0,1.0,0.0
15,295,1.9081523552519413,2.782817429515819,0.0,0.0,1.0,1.0,1.0,0.0
16,295,10.515812556513728,8.361331091544699,0.0,1.0,0.0,0.0,1.0,0.0
17,295,0.6256075686231358,7.475153535241931,0.0,1.0,0.0,1.0,0.0,0.0
18,295,2.028028411732545,0.0,0.0,1.0,0.0,1.0,1.0,0.0
19,295,3.693998045873346,7.012317780358667,1.0,1.0,0.0,1.0,0.0,0.0
