0,0,6.943590111784825,6.978331937248692,-1,-1,-1,4
1,0,3.0644782863484927,5.024981560311498,-1,-1,-1,3
2,0,10.964930561793665,7.033617707250509,-1,-1,-1,5
3,0,11.051694916299189,8.007078557243403,5,-1,5,-1
4,0,10.998503529475355,4.050180880480348,-1,-1,5,5
5,0,10.056493909044052,7.0078160193180405,-1,-1,5,5
6,0,1.045761342782818,5.971826742800966,-1,-1,-1,3
7,0,6.987232335460952,9.954316789782846,6,-1,-1,7
8,0,2.030702689290429,2.97934223239953,8,8,-1,0
9,0,8.017599246864565,4.049996801567638,6,-1,-1,5
10,0,9.059800547563762,2.042166834693796,-1,-1,5,-1
11,0,12.0,2.04089712735305,-1,-1,5,2
12,0,1.957601273850194,1.039160582268557,-1,-1,-1,0
13,0,9.04538946968372,6.064851165148158,6,6,-1,5
14,0,1.9217738245928928,0.0,6,6,-1,0
15,0,9.94500366053424,5.984410065499571,6,-1,-1,5
16,0,7.025776901281456,0.0555935843587885,-1,-1,5,1
17,0,7.031623233595035,6.027932081354202,-1,-1,-1,4
18,0,10.931405524090902,4.005706074384173,8,-1,-1,5
19,0,1.0183761478153204,8.068077179163256,-1,-1,-1,6
20,0,0.0,12.0,7,-1,7,6
21,0,8.961808715953072,4.990493297711407,-1,6,-1,5
22,0,4.955426125069334,6.016626998513186,6,6,-1,-1
23,0,4.046958357136552,7.010261355847245,4,-1,5,4
24,0,8.996183934770922,9.9695600186618,-1,6,5,8
25,0,8.035773046650728,0.0555360247049373,-1,-1,4,-1
26,0,7.95232486367703,1.0088530248437992,-1,-1,-1,1
27,0,4.943038741663991,3.009998060673561,8,8,-1,-1
28,0,9.93211259283715,11.931982906143883,6,-1,-1,8
29,0,7.047467635537336,10.972373663500315,8,6,-1,7
0,5,6.876529957865047,6.9525010546581205,-1,-1,-1,4
1,5,3.1196305597543,5.047790120626799,-1,-1,-1,3
2,5,10.919540818025808,7.077473423076001,-1,-1,-1,5
3,5,11.119935854612883,8.015017601315465,5,-1,5,-1
4,5,10.9970062735061,4.111477847418104,-1,-1,5,5
5,5,10.104791640985118,7.015331347986453,-1,-1,5,5
6,5,1.0750399673114095,5.952838152470145,-1,-1,-1,3
7,5,6.9667671790539245,9.87510969975749,6,-1,-1,7
8,5,2.086195797335759,2.941258121317359,8,8,-1,0
9,5,8.029798101101271,4.086193439436848,6,-1,-1,5
10,5,9.107774790837103,2.0755369372164747,-1,-1,5,-1
11,5,12.0,2.103448127920108,-1,-1,5,2
12,5,1.926259484191429,1.0676123094080645,-1,-1,-1,0
13,5,9.07487000373041,6.106534020186385,8,6,-1,5
14,5,1.8665074795369756,0.0,6,6,-1,0
15,5,9.90763315027627,5.9738775601780265,6,-1,-1,5
16,5,7.046062865555743,0.0997535550990968,-1,-1,5,1
17,5,7.0857467064584965,6.075471284905622,-1,-1,-1,4
18,5,10.875180631760758,4.010334113995173,8,-1,-1,5
19,5,1.032650401539592,8.121095380812301,-1,-1,-1,6
20,5,0.0,12.0,7,-1,7,6
21,5,8.894253986840056,4.970846774115499,-1,8,-1,5
22,5,4.897027564688845,6.038236104507162,6,6,-1,-1
23,5,4.112752034326404,7.025061242286625,4,-1,5,4
24,5,8.991764847369883,9.934047056331922,-1,6,5,8
25,5,8.070201826579485,0.1056693120352644,-1,-1,4,-1
26,5,7.89359364614556,1.0208335268452835,-1,-1,-1,1
27,5,4.903786675429904,3.017111544542092,8,8,-1,-1
28,5,9.898565669815584,11.897969391232907,6,-1,-1,8
29,5,7.087308441820192,10.948329765570946,6,6,-1,7
0,10,6.8310196536942325,6.935367101079386,-1,-1,-1,4
1,10,3.187730266826539,5.076632077085878,-1,-1,-1,3
2,10,10.878683068448456,7.116161907496057,-1,-1,-1,5
3,10,11.168338471994938,8.022105942145457,5,-1,5,-1
4,10,10.995172334232782,4.158716261530449,-1,-1,5,5
5,10,10.15165769278369,7.022112972365373,-1,-1,5,5
6,10,1.0419729096356436,5.897168317419364,-1,-1,-1,3
7,10,6.955644144590435,9.833464161983338,6,-1,-1,7
8,10,2.1277813788723736,2.9134770611295147,8,8,-1,0
9,10,8.041177645936402,4.121347733661321,6,-1,-1,5
10,10,9.169172983614308,2.1168638608219155,-1,-1,5,-1
11,10,12.0,2.15068600109632,-1,-1,5,2
12,10,1.8976125993626836,1.0926209301872063,-1,-1,-1,0
13,10,9.115264873316962,6.162457815881833,8,6,-1,5
14,10,1.807194844173932,0.0,6,6,-1,0
15,10,9.891322968023982,5.969170696069889,6,-1,-1,5
16,10,7.07321014627346,0.1564956029304073,-1,-1,4,1
17,10,7.112534687832366,6.098852879351772,-1,-1,-1,4
18,10,10.813414342592626,4.014991851702238,8,-1,-1,5
19,10,1.0475539502835545,8.17593002046858,-1,-1,-1,6
20,10,0.0,12.0,7,-1,7,6
21,10,8.845860102052603,4.95774121675912,-1,6,-1,5
22,10,4.863856631727664,6.05012068708321,6,6,-1,-1
23,10,4.098015394596446,7.084270206451561,4,-1,5,4
24,10,8.982242792282458,9.85415328637348,-1,6,5,8
25,10,8.110699419592924,0.1615659330403789,-1,-1,4,-1
26,10,7.840479483873534,1.0320850717774817,-1,-1,-1,1
27,10,4.827517332111514,3.0334195591202047,8,8,-1,-1
28,10,9.851027184192406,11.846185060342334,6,-1,-1,8
29,10,7.124705794235539,10.92489177160756,6,6,-1,7
0,15,6.79149363434637,6.918406684746388,-1,-1,-1,4
1,15,3.2260767375412644,5.093026649441594,-1,-1,-1,3
2,15,10.843332286026165,7.149610113790784,-1,-1,-1,5
3,15,11.234366251691014,8.030446441589156,5,-1,5,-1
4,15,10.99405316165997,4.228814114851557,-1,-1,5,5
5,15,10.196290276409972,7.029249958208775,-1,-1,5,5
6,15,1.0177210166496071,5.85548063373021,-1,-1,-1,3
7,15,6.946043922843524,9.795451740004642,6,-1,-1,7
8,15,2.168737388422637,2.887041638111724,8,8,-1,0
9,15,8.050635144740097,4.151258398657297,6,-1,-1,5
10,15,9.204188173532335,2.1394423798855144,-1,-1,5,-1
11,15,12.0,2.1831713837915943,-1,-1,5,2
12,15,1.8599977833025905,1.1259126140704934,-1,-1,-1,0
13,15,9.14148134099931,6.199083095003743,8,6,-1,5
14,15,1.7622804000657195,0.0,6,6,-1,0
15,15,9.82042142552853,5.947629040320616,6,-1,-1,5
16,15,7.102939774369308,0.2158366385974584,-1,-1,4,1
17,15,7.164372790128286,6.144061214072088,-1,-1,-1,4
18,15,10.737149575618488,4.022133274145374,8,-1,-1,5
19,15,1.0629674410136492,8.232654477881182,-1,-1,-1,6
20,15,0.0,12.0,7,-1,7,6
21,15,8.784116281921934,4.943342589713168,-1,6,-1,5
22,15,4.804549332028749,6.071770817362773,6,6,-1,-1
23,15,4.082447322732099,7.145401310007016,4,-1,5,4
24,15,8.97640445449314,9.78915881771962,-1,6,5,8
25,15,8.12386562525516,0.1797176874779954,-1,-1,4,-1
26,15,7.801883029328747,1.04193666427776,-1,-1,-1,1
27,15,4.776386625566912,3.0454348680419514,8,8,-1,-1
28,15,9.810255419076144,11.802199094144902,6,-1,-1,8
29,15,7.175416325971432,10.892615240533082,6,6,-1,7
0,20,6.741452678554729,6.895638808510021,-1,-1,-1,4
1,20,3.265551646715784,5.110606442816529,-1,-1,-1,3
2,20,10.81045747413736,7.180770420526831,-1,-1,-1,5
3,20,11.284323001393377,8.03599221978368,5,-1,5,-1
4,20,10.993899020230804,4.261729710214439,-1,-1,5,5
5,20,10.274933235995771,7.044165054864855,-1,-1,5,5
6,20,0.9940379166673604,5.812579990752945,-1,-1,-1,3
7,20,6.938397178747415,9.761853419036688,6,-1,-1,7
8,20,2.2180099480000104,2.85690470821746,8,8,-1,0
9,20,8.066435985118714,4.201964408555355,6,-1,-1,5
10,20,9.253414793692304,2.169645619420113,-1,-1,5,-1
11,20,12.0,2.242644768340655,-1,-1,5,2
12,20,1.8367435052668488,1.14591091184174,-1,-1,-1,0
13,20,9.174257002627336,6.24204646718563,8,6,-1,5
14,20,1.715799594336523,0.0,6,6,-1,0
15,20,9.777785692342054,5.933586630998207,6,-1,-1,5
16,20,7.124838317655764,0.2561683346421074,-1,-1,4,1
17,20,7.193809273104868,6.169473255719223,-1,-1,-1,4
18,20,10.69860080279546,4.026322530993836,8,-1,-1,5
19,20,1.0720186890849948,8.26507186575735,-1,-1,-1,6
20,20,0.0,12.0,7,-1,7,6
21,20,8.732022084072472,4.931611719971476,-1,8,-1,5
22,20,4.76013859180094,6.088760248218629,6,6,-1,-1
23,20,4.066072534590446,7.213727696936535,4,-1,5,4
24,20,8.97043790305772,9.733426152513012,-1,6,5,8
25,20,8.170320735803779,0.2469866801334987,-1,-1,4,-1
26,20,7.723747018397677,1.0621597181695757,-1,-1,-1,1
27,20,4.725391351499644,3.056756798743901,8,8,-1,-1
28,20,9.773373884843991,11.764949153537556,6,-1,-1,8
29,20,7.233359953812894,10.852558014300826,6,6,-1,7
0,25,6.670710743428672,6.8649310233000485,-1,-1,-1,4
1,25,3.337663488164084,5.142971519900255,-1,-1,-1,3
2,25,10.78053715454644,7.209071725050632,-1,-1,-1,5
3,25,11.356880497515162,8.043813730392387,5,-1,5,-1
4,25,10.995053819154071,4.335368527715176,-1,-1,5,5
5,25,10.331867814448756,7.054759462932187,-1,-1,5,5
6,25,0.969789036176558,5.769560930218497,-1,-1,-1,3
7,25,6.929431119555533,9.721551531792793,6,-1,-1,7
8,25,2.268958018063832,2.8243739711717333,8,8,-1,0
9,25,8.090681076034258,4.272364061550934,6,-1,-1,5
10,25,9.310263830395456,2.2049362718977505,-1,-1,5,-1
11,25,12.0,2.2998542962258304,-1,-1,5,2
12,25,1.7783115813168644,1.1998174077578083,-1,-1,-1,0
13,25,9.204909607835736,6.281910848910039,6,6,-1,5
14,25,1.6731114791593196,0.0,6,6,-1,0
15,25,9.761140065267226,5.928094184569267,6,-1,-1,5
16,25,7.165400271095661,0.3319634445898452,-1,-1,4,1
17,25,7.239927966935082,6.208810374812919,-1,-1,-1,4
18,25,10.641571443801052,4.033115860335601,8,-1,-1,5
19,25,1.0854817517080126,8.31261444553663,-1,-1,-1,6
20,25,0.0,12.0,7,-1,7,6
21,25,8.687431046780011,4.921668503060344,-1,8,-1,5
22,25,4.711234823231824,6.106984008947947,6,6,-1,-1
23,25,4.047253035055544,7.28932879641324,4,-1,5,4
24,25,8.962093420807365,9.668060136828302,-1,6,5,8
25,25,8.194353546729676,0.2824173846643819,-1,-1,4,-1
26,25,7.682142044843462,1.0734212162062973,-1,-1,-1,1
27,25,4.680228520339714,3.068293956356215,8,8,-1,-1
28,25,9.71669302916763,11.705628130855777,6,-1,-1,8
29,25,7.253305465848293,10.838887919017772,6,6,-1,7
0,30,6.618927219707017,6.839823938824643,-1,-1,-1,4
1,30,3.391421777463055,5.1672835745246655,-1,-1,-1,3
2,30,10.753406193911124,7.235146337985108,-1,-1,-1,5
3,30,11.400214276908477,8.049611942164253,5,-1,5,-1
4,30,10.99726661469042,4.398871198195147,-1,-1,5,5
5,30,10.37438070905884,7.062193867177381,-1,-1,5,5
6,30,0.9452243954347256,5.725663777993788,-1,-1,-1,3
7,30,6.917288157812235,9.66649204645984,6,-1,-1,7
8,30,2.311328334918293,2.7978936145296647,8,8,-1,0
9,30,8.104283296886793,4.313959608687962,6,-1,-1,5
10,30,9.349118555109554,2.2293011684292643,-1,-1,5,-1
11,30,12.0,2.32643501551767,-1,-1,5,2
12,30,1.7380785455360723,1.236943399404418,-1,-1,-1,0
13,30,9.251302386970028,6.343743425990863,6,6,-1,5
14,30,1.6195261208954128,0.0,6,6,-1,0
15,30,9.707005373673184,5.909830724543199,6,-1,-1,5
16,30,7.197700995599301,0.3895009802030297,-1,-1,4,1
17,30,7.28980527924551,6.2496956258035885,-1,-1,-1,4
18,30,10.588763316076914,4.039614850943805,8,-1,-1,5
19,30,1.1008373368298037,8.364861677745,-1,-1,-1,6
20,30,0.0,12.0,7,-1,7,6
21,30,8.618702033106825,4.904342061397935,-1,6,-1,5
22,30,4.663956439046414,6.124747249386538,6,6,-1,-1
23,30,4.030410586705005,7.355235893122866,4,-1,5,4
24,30,8.956534405579943,9.62345078715506,-1,6,5,8
25,30,8.218916371913414,0.3208268194337378,-1,-1,4,-1
26,30,7.627816313202231,1.08792266726855,-1,-1,-1,1
27,30,4.636045701744245,3.079760868813356,8,8,-1,-1
28,30,9.678465603322907,11.662390827849276,6,-1,-1,8
29,30,7.296791269205435,10.8086795392662,6,6,-1,7
0,35,6.557868437704619,6.808392622414042,-1,-1,-1,4
1,35,3.4436243237818207,5.191852739184343,-1,-1,-1,3
2,35,10.706658321843465,7.279480180497575,-1,-1,-1,5
3,35,11.423224922581742,8.053071118554502,5,-1,5,-1
4,35,10.997799818672656,4.461524002321402,-1,-1,5,5
5,35,10.413051090177044,7.068879074136698,-1,-1,5,5
6,35,0.9283190984954448,5.698046371387486,-1,-1,-1,3
7,35,6.909993516514118,9.632175925209818,6,-1,-1,7
8,35,2.3647558042843646,2.76364574355958,8,8,-1,0
9,35,8.11337154216632,4.342879425318844,6,-1,-1,5
10,35,9.378461406422602,2.2473740999944773,-1,-1,5,-1
11,35,12.0,2.3786355562547565,-1,-1,5,2
12,35,1.6918616693887352,1.281262498499026,-1,-1,-1,0
13,35,9.300400052181455,6.410694760376835,6,6,-1,5
14,35,1.5688546810303052,0.0,6,6,-1,0
15,35,9.658931401475886,5.894715835133415,6,-1,-1,5
16,35,7.224947039225524,0.4397057300393826,-1,-1,4,1
17,35,7.334334329636842,6.285376525877371,-1,-1,-1,4
18,35,10.532932998643105,4.046565408758642,8,-1,-1,5
19,35,1.118887714833933,8.424875480570337,-1,-1,-1,6
20,35,0.0,12.0,7,-1,7,6
21,35,8.577202497461263,4.894436966871905,-1,8,-1,5
22,35,4.621752849046122,6.14072632591342,6,6,-1,-1
23,35,4.011909783655013,7.426508421879149,4,-1,5,4
24,35,8.950908135074114,9.5858906518114,-1,6,5,8
25,35,8.259675305882613,0.3822929773578039,-1,-1,4,-1
26,35,7.582675515416259,1.1003752147486796,-1,-1,-1,1
27,35,4.575551233298926,3.0938140530152927,8,8,-1,-1
28,35,9.633974635111668,11.612349421599747,6,-1,-1,8
29,35,7.350516532606607,10.771832259303835,6,6,-1,7
0,40,6.527790795460335,6.793300186278974,-1,-1,-1,4
1,40,3.479856962693958,5.2084383611578655,-1,-1,-1,3
2,40,10.667430883528487,7.316550970529225,-1,-1,-1,5
3,40,11.499004321640408,8.063949570488345,5,-1,5,-1
4,40,10.997418922548254,4.529414629502673,-1,-1,5,5
5,40,10.501198807424991,7.08262389915261,-1,-1,5,5
6,40,0.9058886770517692,5.660157553024519,-1,-1,-1,3
7,40,6.895905295570283,9.568662640614685,6,-1,-1,7
8,40,2.406651589675289,2.736014928069385,8,8,-1,0
9,40,8.13917757264479,4.424396526069168,6,-1,-1,5
10,40,9.419742725012451,2.2728369205469017,-1,-1,5,-1
11,40,12.0,2.423012051660216,-1,-1,5,2
12,40,1.6659612379235007,1.3068857211826006,-1,-1,-1,0
13,40,9.330015794852288,6.453537480571951,6,6,-1,5
14,40,1.513104098939472,0.0,6,6,-1,0
15,40,9.614422739823976,5.880401389331332,6,-1,-1,5
16,40,7.25382166536739,0.4915432840717071,-1,-1,4,1
17,40,7.370302974417516,6.313210718075425,-1,-1,-1,4
18,40,10.487437451013053,4.051754877871693,8,-1,-1,5
19,40,1.1375596721008372,8.485218554076413,-1,-1,-1,6
20,40,0.0,12.0,7,-1,7,6
21,40,8.527940998929447,4.882105437837492,-1,8,-1,5
22,40,4.587377177159772,6.153287549171361,6,6,-1,-1
23,40,3.997128087277528,7.487759127720018,4,-1,5,3
24,40,8.943120475851536,9.533584852134172,-1,6,5,8
25,40,8.279743959915065,0.4139743122777757,-1,-1,4,-1
26,40,7.5248759416083075,1.1163752822433888,-1,-1,-1,1
27,40,4.523345390963633,3.105779146128888,8,8,-1,-1
28,40,9.573867408754207,11.543645383991716,6,-1,-1,8
29,40,7.397176380879238,10.738847036282763,6,6,-1,7
0,45,6.490842611527,6.774640637665036,-1,-1,-1,4
1,45,3.554461517894263,5.243118390314838,-1,-1,-1,3
2,45,10.638018188387084,7.345675184948579,-1,-1,-1,5
3,45,11.540095727348753,8.069094432444865,5,-1,5,-1
4,45,10.995009618208742,4.581999289555383,-1,-1,5,5
5,45,10.561365005681749,7.0919386506650985,-1,-1,5,5
6,45,0.8780073574973088,5.612299855607346,-1,-1,-1,3
7,45,6.884101400428938,9.517167817928042,6,-1,-1,7
8,45,2.453362395286828,2.705677327702208,8,8,-1,0
9,45,8.156180155052892,4.479426848207307,6,-1,-1,5
10,45,9.471631268446968,2.3053283417622064,-1,-1,5,-1
11,45,12.0,2.4743520552531724,-1,-1,5,2
12,45,1.6225277669638762,1.348755391096406,-1,-1,-1,0
13,45,9.35247794093342,6.48622049863918,6,6,-1,5
14,45,1.4305153893974705,0.0,6,6,-1,0
15,45,9.582021347082836,5.868864802142089,6,-1,-1,5
16,45,7.266505723843616,0.514064057096496,-1,-1,4,1
17,45,7.424463699975663,6.35605453324452,-1,-1,-1,4
18,45,10.425813562116891,4.059701613242073,8,-1,-1,5
19,45,1.1475255154268469,8.517318577631244,-1,-1,-1,6
20,45,0.0,12.0,7,-1,7,6
21,45,8.459603336203788,4.866652133809546,-1,8,-1,5
22,45,4.528936461669967,6.174364975853389,6,6,-1,-1
23,45,3.9818532917456753,7.543774423670686,4,-1,5,3
24,45,8.937712983726513,9.487309469417871,-1,6,5,8
25,45,8.308538376526874,0.4577056303229416,-1,-1,4,-1
26,45,7.483874852707,1.1283728540127296,-1,-1,-1,1
27,45,4.46803941161502,3.117860022905703,8,8,-1,-1
28,45,9.52476061970253,11.48807495138283,6,-1,-1,8
29,45,7.458581374096016,10.695836369116115,6,6,-1,7
0,50,6.443015182637365,6.7502636766535575,-1,-1,-1,4
1,50,3.614683988908433,5.269646968753127,-1,-1,-1,3
2,50,10.57100098465494,7.412360214617062,-1,-1,-1,5
3,50,11.591975779125834,8.076819706090584,5,-1,5,-1
4,50,10.992841270553956,4.64132696579782,-1,-1,5,5
5,50,10.638170719048476,7.103311612786097,-1,-1,5,5
6,50,0.8401200851653745,5.546761338878326,-1,-1,-1,3
7,50,6.874953907559839,9.469323486297943,6,-1,-1,7
8,50,2.4927382518205863,2.680520594573592,8,8,-1,0
9,50,8.16707199439111,4.516563768121346,6,-1,-1,5
10,50,9.539079329129306,2.3475615454821064,-1,-1,5,-1
11,50,12.0,2.542255045529932,-1,-1,5,2
12,50,1.5600863025554284,1.4068088968503554,-1,-1,-1,0
13,50,9.37820085544897,6.524582620845172,6,6,-1,5
14,50,1.378990543248415,0.0,6,6,-1,0
15,50,9.519597658179295,5.8466088249479045,6,-1,-1,5
16,50,7.2905686209102365,0.5591081692188691,-1,-1,4,1
17,50,7.4871822208677585,6.404379547574264,-1,-1,-1,4
18,50,10.37444511847179,4.066248592162437,8,-1,-1,5
19,50,1.163067004712382,8.575290798415168,-1,-1,-1,6
20,50,0.0,12.0,7,-1,7,6
21,50,8.4242072159953,4.859531779418906,-1,8,-1,5
22,50,4.49378978839258,6.187500897520262,6,8,-1,-1
23,50,3.961886499900827,7.615224294219487,4,-1,5,3
24,50,8.930596680028396,9.43068763119186,-1,6,5,8
25,50,8.327904785940143,0.4867197308830132,-1,-1,4,-1
26,50,7.45302118964647,1.1373300386651892,-1,-1,-1,1
27,50,4.442297160139473,3.1229176962375456,8,8,-1,-1
28,50,9.47650083852468,11.434172984051946,6,-1,-1,8
29,50,7.4997002704958895,10.668351153709736,6,6,-1,7
0,55,6.388953769148963,6.723614978583366,-1,-1,-1,4
1,55,3.674868373258216,5.296821118284746,-1,-1,-1,3
2,55,10.529628295899789,7.455610896285164,-1,-1,-1,5
3,55,11.651034250725475,8.085254085987941,5,-1,5,-1
4,55,10.99042222227616,4.692338900272442,-1,-1,5,5
5,55,10.701840291109235,7.112056982488842,-1,-1,5,5
6,55,0.8239471115003758,5.517945975583739,-1,-1,-1,3
7,55,6.862058689077367,9.395640122588048,6,-1,-1,7
8,55,2.5460961669650595,2.647295182192296,8,8,-1,0
9,55,8.180649773170437,4.561883077954486,6,-1,-1,5
10,55,9.568210949352537,2.365987685024367,-1,-1,5,-1
11,55,12.0,2.6023443473792183,-1,-1,5,2
12,55,1.5393625746366713,1.4261950773111718,-1,-1,-1,0
13,55,9.427616441079888,6.59755337093431,6,6,-1,5
14,55,1.2998445859013563,0.0,6,6,-1,0
15,55,9.47213058263918,5.82738575027729,6,-1,-1,5
16,55,7.316689107492523,0.6113167171305939,-1,-1,4,1
17,55,7.546650240586997,6.451649593036724,-1,-1,-1,4
18,55,10.314262415843672,4.073536409518045,8,-1,-1,5
19,55,1.1814260656909248,8.634183039649207,-1,-1,-1,6
20,55,0.0,12.0,7,-1,7,6
21,55,8.376220517543612,4.848538562290639,-1,8,-1,5
22,55,4.441581281654613,6.205855516916782,6,8,-1,-1
23,55,3.942066930068183,7.681682770630442,4,-1,5,3
24,55,8.92550774114201,9.383377303443115,-1,6,5,8
25,55,8.357485525299168,0.5319032036393925,-1,-1,4,-1
26,55,7.410007739350026,1.1496013223486856,-1,-1,-1,1
27,55,4.374249198721993,3.135219541463796,8,8,-1,-1
28,55,9.43425835440401,11.384629758249837,6,-1,-1,8
29,55,7.53000093890496,10.64742902408448,6,6,-1,7
0,60,6.420292809355757,6.663534355532382,-1,-1,-1,4
1,60,3.717207230602007,5.316028619178324,-1,-1,-1,3
2,60,10.491099692752202,7.494841567984518,-1,-1,-1,5
3,60,11.717309657313647,8.093385517610209,5,-1,5,-1
4,60,10.988013430480224,4.727186805957118,-1,-1,5,5
5,60,10.744881131659085,7.117658290060997,-1,-1,5,5
6,60,0.8020158323255756,5.480809793075834,-1,-1,-1,3
7,60,6.852569788578273,9.34911867861154,6,-1,-1,7
8,60,2.573310339437749,2.630357946132797,8,8,-1,0
9,60,8.201206828401638,4.628607651793878,6,-1,-1,5
10,60,9.617391916082644,2.3984575672738195,-1,-1,4,-1
11,60,12.0,2.6600001509857734,-1,-1,5,2
12,60,1.4985221916271654,1.4620397973168473,-1,-1,-1,0
13,60,9.45770867647693,6.639769741201801,6,6,-1,5
14,60,1.2486560507402464,0.0,6,6,-1,0
15,60,9.425482543967629,5.808696631049991,6,-1,-1,5
16,60,7.338237185954726,0.6558197395878467,-1,-1,4,1
17,60,7.605306672097063,6.498701936289449,-1,-1,-1,4
18,60,10.285356522246218,4.076892628482804,8,-1,-1,5
19,60,1.1934764737779684,8.674152770214164,-1,-1,-1,6
20,60,0.0,12.0,7,-1,7,6
21,60,8.34234015200911,4.840384871602278,-1,6,-1,5
22,60,4.37764671336466,6.227731667704379,6,8,-1,-1
23,60,3.932063304782437,7.7168426413106594,4,-1,5,3
24,60,8.918616900789909,9.323100821545673,-1,6,5,8
25,60,8.38145647189381,0.5692320412712966,-1,-1,4,-1
26,60,7.356133089733701,1.1635691943791835,-1,-1,-1,1
27,60,4.302367257216227,3.1490859003530574,8,8,-1,-1
28,60,9.393979775466551,11.335298910262296,6,-1,-1,8
29,60,7.562704472115938,10.623749710713913,6,6,-1,7
0,65,6.443218488953899,6.61758163246279,-1,-1,-1,4
1,65,3.756670243268922,5.333548898505968,-1,-1,-1,3
2,65,10.43807537040118,7.554296548434701,-1,-1,-1,5
3,65,11.780721900330075,8.103143997697487,5,-1,5,-1
4,65,10.984624259275392,4.7601576603774856,-1,-1,5,5
5,65,10.798745783579138,7.124550437144064,-1,-1,5,5
6,65,0.7788124760657524,5.440880963659039,-1,-1,-1,3
7,65,6.836680388409865,9.275514347744348,6,-1,-1,7
8,65,2.632790159423517,2.593955726580265,8,8,-1,0
9,65,8.220314245860425,4.695828323118668,6,-1,-1,5
10,65,9.65888871209006,2.4243535276458594,-1,-1,5,-1
11,65,11.951523789374011,2.6922776045941235,-1,-1,5,2
12,65,1.448184580375515,1.506908651974256,-1,-1,-1,0
13,65,9.503701494417248,6.703359795268745,6,6,-1,5
14,65,1.1876659933978595,0.0,6,6,-1,0
15,65,9.379992427558657,5.790537510550121,6,-1,-1,5
16,65,7.358236341562788,0.6976791193758333,-1,-1,4,1
17,65,7.656300627716841,6.53819326295791,-1,-1,-1,4
18,65,10.228253567531135,4.082302887539951,8,-1,-1,5
19,65,1.2044218072615924,8.710294770134166,-1,-1,-1,6
20,65,0.0,12.0,7,-1,7,6
21,65,8.29185400905978,4.829990568031185,-1,8,-1,5
22,65,4.314243284796216,6.248191416886575,6,6,-1,-1
23,65,3.9178936442301335,7.7669903661198845,4,-1,5,3
24,65,8.914931316935034,9.296113390441,-1,6,5,8
25,65,8.403034820859636,0.6036454397334239,-1,-1,4,-1
26,65,7.315835865562235,1.172449300216519,-1,-1,-1,1
27,65,4.259649761588766,3.15758883250287,8,8,-1,-1
28,65,9.374933878674344,11.311392901253082,6,-1,-1,8
29,65,7.609879064373169,10.590211461798487,6,6,-1,7
0,70,6.467681948573357,6.56834356067152,-1,-1,-1,4
1,70,3.819529242194839,5.36254142884576,-1,-1,-1,3
2,70,10.416490425425575,7.579418458315086,-1,-1,-1,5
3,70,11.787862757945842,8.05771201687373,5,-1,5,-1
4,70,10.98055618366105,4.794969172708427,-1,-1,5,5
5,70,10.863185579759865,7.1321110159949175,-1,-1,5,5
6,70,0.7511693588904004,5.393015160245038,-1,-1,-1,3
7,70,6.82601290357511,9.225184657390122,6,-1,-1,7
8,70,2.67367188498342,2.5679633163529525,8,8,-1,0
9,70,8.238489835662406,4.758516531688454,6,-1,-1,5
10,70,9.70540467963728,2.453675316340932,-1,-1,5,-1
11,70,11.894361457580986,2.7276615875972805,-1,-1,5,2
12,70,1.399072858665913,1.5490562121819944,-1,-1,-1,0
13,70,9.524559802808728,6.731667357487625,6,6,-1,5
14,70,1.1309254251533756,0.0,6,6,-1,0
15,70,9.341193435080385,5.7745830404027645,6,-1,-1,5
16,70,7.376424658439299,0.7353658043317342,-1,-1,4,1
17,70,7.696098811828088,6.569741746545368,-1,-1,-1,4
18,70,10.18719259200373,4.086564467843004,8,-1,-1,5
19,70,1.2117511518680126,8.736338440777185,-1,-1,-1,6
20,70,0.0,12.0,7,-1,7,6
21,70,8.24495494469294,4.820749172279613,-1,8,-1,5
22,70,4.310388844522265,6.236046169213081,6,6,-1,-1
23,70,3.9013261821985847,7.823269968219423,4,-1,5,3
24,70,8.912301658069246,9.27856400661342,-1,6,5,8
25,70,8.431798981057863,0.6467885948543548,-1,-1,4,-1
26,70,7.2335256253945,1.192738058250196,-1,-1,-1,1
27,70,4.184025514834406,3.17285798979326,8,8,-1,-1
28,70,9.337296020061416,11.263042594067215,6,-1,-1,8
29,70,7.630290513108124,10.576262296771068,6,6,-1,7
0,75,6.489902773545808,6.523580056926882,-1,-1,-1,4
1,75,3.875438726933233,5.387241835606877,-1,-1,-1,3
2,75,10.39037980569086,7.609306058397794,-1,-1,-1,5
3,75,11.799973364746108,7.989209313949598,5,-1,5,-1
4,75,10.975996806073312,4.8446733842922045,-1,-1,5,5
5,75,10.9091119401504,7.137894952252283,-1,-1,5,5
6,75,0.7254727611344084,5.349763360395071,-1,-1,-1,3
7,75,6.816307692638872,9.178461034482678,6,-1,-1,7
8,75,2.7253018792895363,2.5352111932219685,8,8,-1,0
9,75,8.257814309205429,4.82548524249843,6,-1,-1,5
10,75,9.75836788322261,2.485243206907418,-1,-1,5,-1
11,75,11.861644995294826,2.746794612906163,-1,-1,5,2
12,75,1.3541204496586283,1.586776226557518,-1,-1,-1,0
13,75,9.563101925272068,6.7811211800104205,6,6,-1,5
14,75,1.08549180056775,0.0,6,6,-1,0
15,75,9.298490369200548,5.757244128251541,6,-1,-1,5
16,75,7.409813035952884,0.8001282773385093,-1,-1,4,1
17,75,7.753800711659279,6.618248598621307,-1,-1,-1,4
18,75,10.110897891559333,4.094091674473471,8,-1,-1,5
19,75,1.218359664785117,8.763925914135571,-1,-1,-1,6
20,75,0.0,12.0,7,-1,7,6
21,75,8.180598040865446,4.80788647218604,-1,8,-1,5
22,75,4.290168952669366,6.177804283592006,6,6,-1,-1
23,75,3.8883180285901817,7.8673631607923,4,-1,5,3
24,75,8.904911906468026,9.228339215612417,-1,6,5,8
25,75,8.446471401123905,0.6681478500335323,-1,-1,4,-1
26,75,7.155831162278456,1.2132839516495109,-1,-1,-1,1
27,75,4.127627329804054,3.1838849791991284,8,8,-1,-1
28,75,9.276659157041513,11.191296405265769,6,-1,-1,8
29,75,7.69217898988924,10.536316620390506,6,6,-1,7
0,80,6.50826163013103,6.488378157823113,-1,-1,-1,4
1,80,3.934587344247578,5.414722816734598,-1,-1,-1,3
2,80,10.35874891476859,7.643564424846363,-1,-1,-1,5
3,80,11.812256418456624,7.921250680346001,5,-1,5,-1
4,80,10.96997057281281,4.915750373971824,-1,-1,5,5
5,80,10.961812434488431,7.14538811592475,-1,-1,5,5
6,80,0.703203989941561,5.308130576486866,-1,-1,-1,3
7,80,6.812808348890483,9.157991213461475,6,-1,-1,7
8,80,2.788125407036908,2.496609454439753,8,8,-1,0
9,80,8.271154906405398,4.871625210572579,6,-1,-1,5
10,80,9.803513785571385,2.510901379690861,-1,-1,5,-1
11,80,11.830258072726105,2.7650639301676097,-1,-1,5,2
12,80,1.312012906973324,1.6215117016271603,-1,-1,-1,0
13,80,9.59993417075471,6.827963882433673,6,6,-1,5
14,80,1.0449302433297505,0.0,6,6,-1,0
15,80,9.253632828286134,5.739912975598034,6,-1,-1,5
16,80,7.4379422818327745,0.8529182666896862,-1,-1,4,1
17,80,7.79816469035208,6.65657778604669,-1,-1,-1,4
18,80,10.067627538640195,4.098204645522802,8,-1,-1,5
19,80,1.228556583281882,8.805463266151447,-1,-1,-1,6
20,80,0.0,11.999949184320428,7,-1,7,6
21,80,8.110828088894667,4.7937597349250165,-1,8,-1,5
22,80,4.271916855904907,6.124383091851005,6,8,-1,-1
23,80,3.8709597955192456,7.926348741374407,4,-1,5,3
24,80,8.897993242181862,9.17635058888101,-1,6,5,8
25,80,8.481589216134353,0.7196531210325308,-1,-1,4,-1
26,80,7.090426130287218,1.2309339033109032,-1,-1,-1,1
27,80,4.061873547927796,3.197853144712357,8,8,-1,-1
28,80,9.236655102283631,11.142428920561906,6,-1,-1,8
29,80,7.747385517810716,10.5026820258786,6,6,-1,7
0,85,6.536803949701574,6.4373213490946455,-1,-1,-1,4
1,85,3.9797282715040168,5.436932247356704,-1,-1,-1,3
2,85,10.32551322927116,7.679037192528617,-1,-1,-1,5
3,85,11.822572385153611,7.855198736613913,5,-1,5,-1
4,85,10.964882467476226,4.98197389661824,-1,-1,5,5
5,85,11.0171891647817,7.152426801131867,-1,-1,5,5
6,85,0.6835242136459286,5.270034678043238,-1,-1,-1,3
7,85,6.803617087205718,9.098324775067448,6,-1,-1,7
8,85,2.841310070160278,2.4657518666148444,8,8,-1,0
9,85,8.28623852854444,4.927571170579583,6,-1,-1,5
10,85,9.861133415881906,2.5451424969500387,-1,-1,5,-1
11,85,11.77606097511832,2.7972657537064656,-1,-1,5,2
12,85,1.2716473499002912,1.652847413801182,-1,-1,-1,0
13,85,9.643937749118598,6.793471377223073,6,6,-1,5
14,85,0.9968344524213836,0.0,6,6,-1,0
15,85,9.208812700526062,5.7221526150844175,6,-1,-1,5
16,85,7.461144896072611,0.8964520118612753,-1,-1,4,1
17,85,7.843750995756664,6.699905413984463,-1,-1,-1,4
18,85,10.00925609206721,4.103772493560496,8,-1,-1,5
19,85,1.238127147945547,8.84221397865646,-1,-1,-1,6
20,85,0.0,12.0,7,-1,7,6
21,85,8.04915441052048,4.780781918500799,-1,8,-1,5
22,85,4.254496737846685,6.075024004233898,6,6,-1,-1
23,85,3.853619633544684,7.982539419934959,4,-1,5,3
24,85,8.890066468258112,9.121329181297831,-1,6,5,8
25,85,8.520646275018782,0.7745145240653363,-1,-1,4,-1
26,85,7.047787792340275,1.2418329104209913,-1,-1,-1,1
27,85,3.995439717712568,3.213054748363769,8,8,-1,-1
28,85,9.194029682158376,11.092719326529156,6,-1,-1,8
29,85,7.80827429789511,10.466995353471347,6,6,-1,7
0,90,6.567070774120497,6.381986236334909,-1,-1,-1,4
1,90,4.039067729841984,5.464766533117436,-1,-1,-1,4
2,90,10.301889328792813,7.705846448691715,-1,-1,-1,5
3,90,11.833164079135946,7.791998594878245,5,-1,5,-1
4,90,10.962620922551002,5.021418359286371,-1,-1,5,5
5,90,11.091613253395998,7.1613436726946205,-1,-1,5,5
6,90,0.6569821402050933,5.217051210029591,-1,-1,-1,3
7,90,6.797033949340634,9.058936379598808,6,-1,-1,7
8,90,2.902996125589121,2.4297116417432907,8,8,-1,0
9,90,8.298783275033848,4.969605969558781,6,-1,-1,5
10,90,9.941630061559916,2.592707630008781,-1,-1,5,-1
11,90,11.728421981745138,2.827283128628235,-1,-1,5,2
12,90,1.2445924793983056,1.6728957365425174,-1,-1,-1,0
13,90,9.67393560417904,6.767809960172418,6,6,-1,5
14,90,0.955051732188872,0.0,6,6,-1,0
15,90,9.154451604075268,5.701146261454594,6,-1,-1,5
16,90,7.490331605456286,0.9528339468342404,-1,-1,4,1
17,90,7.862023785453939,6.718282318233053,-1,-1,-1,4
18,90,9.940820646530224,4.110037367394988,8,-1,-1,5
19,90,1.252294549838422,8.89628500301331,-1,-1,-1,6
20,90,0.0,12.0,7,-1,7,6
21,90,7.956807762519789,4.763295774918359,-1,8,-1,4
22,90,4.229098130612706,6.006434838835398,6,6,-1,-1
23,90,3.837704881818148,8.036728244449423,4,-1,5,6
24,90,8.882928883106029,9.070473996418029,-1,6,5,8
25,90,8.54586276918929,0.8093983622860572,-1,-1,4,-1
26,90,6.9872998343978825,1.2558404570803654,-1,-1,-1,1
27,90,3.9288840526898943,3.2277105269185262,8,8,-1,-1
28,90,9.154803592113934,11.046595561265502,6,-1,-1,8
29,90,7.856350300137127,10.43808725510814,6,6,-1,7
0,95,6.587411424821579,6.345007692195686,-1,-1,-1,4
1,95,4.073236187156367,5.479623799175388,-1,-1,-1,4
2,95,10.257733359855656,7.755790329538589,-1,-1,-1,5
3,95,11.840416486459238,7.745753188911546,5,-1,5,-1
4,95,10.960302128080206,5.086246152187298,-1,-1,5,5
5,95,11.143006054882155,7.165786779501245,-1,-1,5,5
6,95,0.6286448581167111,5.163002993966059,-1,-1,-1,3
7,95,6.791909328154622,9.029442229700464,6,-1,-1,7
8,95,2.9596257967129302,2.395841779286766,8,8,-1,0
9,95,8.310237440569761,5.008888069919458,6,-1,-1,5
10,95,9.98135357725135,2.6162173295329287,-1,-1,5,-1
11,95,11.681665423480537,2.858476239104744,-1,-1,5,2
12,95,1.21077521507677,1.6963471179071437,-1,-1,-1,0
13,95,9.693437997462016,6.750954619543721,6,6,-1,5
14,95,0.9153621918506742,0.0,6,6,-1,0
15,95,9.117014540423597,5.685945858397892,6,-1,-1,5
16,95,7.504766513378684,0.979742063716197,-1,-1,4,1
17,95,7.913302982621802,6.766127491653395,-1,-1,-1,4
18,95,9.877597638898472,4.115813802639547,8,-1,-1,5
19,95,1.270148581255328,8.962516267013202,-1,-1,-1,6
20,95,0.0,12.0,7,-1,7,6
21,95,7.883200088710274,4.746884036265434,-1,8,-1,4
22,95,4.203349579060727,5.939089463955627,6,6,-1,-1
23,95,3.819843012992383,8.092009311120046,4,-1,5,6
24,95,8.874366072839836,9.019603479725715,-1,6,5,8
25,95,8.576517477562735,0.8522343413638724,-1,-1,4,-1
26,95,6.925646451895694,1.2717928505602096,-1,-1,-1,1
27,95,3.883918527661842,3.2383826246460377,8,8,-1,-1
28,95,9.114739087233785,10.99985635890866,6,-1,-1,8
29,95,7.933541603917505,10.39518135446628,6,6,-1,7
0,100,6.624045470293448,6.277687155224447,-1,-1,-1,4
1,100,4.121451941778361,5.500004037936349,-1,-1,-1,4
2,100,10.218861016921082,7.797677814048531,-1,-1,-1,5
3,100,11.853872648184366,7.6778973903423235,5,-1,5,-1
4,100,10.958502625012688,5.128579465252924,-1,-1,5,5
5,100,11.218333313188472,7.171774592050726,-1,-1,5,5
6,100,0.6046635680547743,5.11608114930318,-1,-1,-1,3
7,100,6.705429299532295,9.046491983519058,6,-1,-1,7
8,100,3.013510761745956,2.36475602426767,8,8,-1,0
9,100,8.333625692272461,5.088231773296427,6,-1,-1,5
10,100,10.03074229719924,2.645934866217809,-1,-1,5,-1
11,100,11.617457631511453,2.8994142144573574,-1,-1,5,2
12,100,1.1799998414165347,1.7163145817307257,-1,-1,-1,0
13,100,9.728536988454197,6.720626379153344,6,6,-1,5
14,100,0.8640356155090838,0.0,6,6,-1,0
15,100,9.088542063995249,5.674014909830436,6,-1,-1,5
16,100,7.536582645736478,1.0415837391353977,-1,-1,5,1
17,100,7.956144002134457,6.807639268686947,-1,-1,-1,4
18,100,9.833630794829649,4.120128303970153,8,-1,-1,5
19,100,1.2833090021274378,9.013440878481124,-1,-1,-1,6
20,100,0.0,12.0,7,-1,7,6
21,100,7.825450671786063,4.733888458661674,-1,8,-1,4
22,100,4.180653178720424,5.886443249283888,6,8,-1,-1
23,100,3.808269268403921,8.13027582249074,4,-1,5,6
24,100,8.864422368226412,8.969548138282178,-1,6,5,8
25,100,8.615793051422338,0.9075715049824618,-1,-1,4,-1
26,100,6.867618917119131,1.2878758380639683,-1,-1,-1,1
27,100,3.831517377796817,3.25032166514667,8,8,-1,-1
28,100,9.088878778731267,10.969823259976184,6,-1,-1,8
29,100,7.969969785326465,10.375176350221215,6,6,-1,7
0,105,6.651282285597741,6.224973053547672,-1,-1,-1,4
1,105,4.179678440709965,5.522393311424628,-1,-1,-1,4
2,105,10.175201791687416,7.843566327399456,-1,-1,-1,5
3,105,11.864852988915604,7.616802251170456,5,-1,5,-1
4,105,10.956309147028056,5.193219715244,-1,-1,5,5
5,105,11.263280109865953,7.17667389794528,-1,-1,5,5
6,105,0.5777162917279335,5.065257740559164,-1,-1,-1,3
7,105,6.6420355285949455,9.060998461048856,6,-1,-1,7
8,105,3.0566697999825228,2.3399030542190142,8,8,-1,0
9,105,8.346027126134896,5.130422472016788,6,-1,-1,5
10,105,10.090271304358774,2.68151104713918,-1,-1,5,-1
11,105,11.556998970067257,2.938385151255035,-1,-1,5,2
12,105,1.1539426474284449,1.732843203780512,-1,-1,-1,0
13,105,9.77207300254632,6.683186234921179,6,6,-1,5
14,105,0.8180430093925068,0.0,6,6,-1,0
15,105,9.055430210069227,5.660457754668673,6,-1,-1,5
16,105,7.565447514544127,1.0940602983320615,-1,-1,5,1
17,105,7.984638149397431,6.835396488704345,-1,-1,-1,4
18,105,9.773314550359052,4.123264521969152,8,-1,-1,5
19,105,1.298045398946766,9.067991786611678,-1,-1,-1,6
20,105,0.0,12.0,7,-1,7,6
21,105,7.779073983909898,4.723152393521969,-1,8,-1,4
22,105,4.15391493967192,5.82509225254241,6,6,-1,-1
23,105,3.7959908415363866,8.170581369968941,5,-1,5,6
24,105,8.854375341469172,8.915961048379284,-1,6,5,8
25,105,8.65146075715499,0.9558247716059094,-1,-1,4,-1
26,105,6.826618938554902,1.2994694497178596,-1,-1,-1,1
27,105,3.774664807088376,3.263664687538961,8,8,-1,-1
28,105,9.045083888620276,10.920357373893898,6,-1,-1,8
29,105,8.010313276520744,10.35318139125619,6,6,-1,8
0,110,6.683605513283236,6.167644748337281,-1,-1,-1,4
1,110,4.245438116387287,5.549707582382058,-1,-1,-1,4
2,110,10.128922543828002,7.89435780871695,-1,-1,-1,5
3,110,11.872009622448134,7.577353441587549,5,-1,5,-1
4,110,10.954712475962394,5.250185315113532,-1,-1,5,5
5,110,11.314719584921129,7.184002781610699,-1,-1,5,5
6,110,0.5563269018670445,5.026506782078099,-1,-1,-1,3
7,110,6.5874104007388805,9.0742650708113,6,-1,-1,7
8,110,3.081179998012834,2.3250711519819327,8,8,-1,0
9,110,8.36260506404076,5.1857664830300685,6,-1,-1,5
10,110,10.118734122913237,2.6990023813691,-1,-1,5,-1
11,110,11.508799388440362,2.972424521414575,-1,-1,5,2
12,110,1.11764211591495,1.756458412901507,-1,-1,-1,0
13,110,9.811384961740274,6.650335625989335,6,6,-1,5
14,110,0.7909461601982106,0.0,6,6,-1,0
15,110,9.027980448751167,5.648763135383309,6,-1,-1,5
16,110,7.595967831063956,1.1465530538078357,-1,-1,5,1
17,110,8.019957333353082,6.8709648637196565,-1,-1,-1,5
18,110,9.705901714314722,4.125351945433422,8,-1,-1,5
19,110,1.3110485266432113,9.11721687292109,-1,-1,-1,6
20,110,0.0,12.0,7,-1,7,6
21,110,7.715970880169905,4.707846744428803,-1,8,-1,4
22,110,4.133600148335339,5.776436424203783,6,6,-1,-1
23,110,3.78136762083102,8.221921072736837,5,-1,5,6
24,110,8.840571767699146,8.847777894283425,-1,6,5,8
25,110,8.695630174671193,1.018662914168681,-1,-1,4,-1
26,110,6.7782442460903525,1.314215494189669,-1,-1,-1,1
27,110,3.7289903045883785,3.2753527768007022,8,8,-1,-1
28,110,9.01843750141182,10.887876630757006,6,-1,-1,8
29,110,8.055597367807808,10.329131373355622,6,6,-1,8
0,115,6.7065719628377165,6.124926879648711,-1,-1,-1,4
1,115,4.287359764059399,5.567139164200464,-1,-1,-1,4
2,115,10.089062951531997,7.937081677955288,-1,-1,-1,5
3,115,11.880988473779643,7.5163470234312495,5,-1,5,-1
4,115,10.952066786307268,5.32884021830824,-1,-1,5,5
5,115,11.371950874800936,7.192586692057302,-1,-1,5,5
6,115,0.525443727434253,4.970732975292506,-1,-1,-1,3
7,115,6.540432382609041,9.087459713417228,6,-1,-1,7
8,115,3.1352748636319303,2.292294841239669,8,8,-1,0
9,115,8.385599341662727,5.255486705903946,6,-1,-1,5
10,115,10.153885665608035,2.722281787364084,-1,-1,5,-1
11,115,11.467237435667734,3.001255431020816,-1,-1,5,2
12,115,1.065124747614784,1.7887197934528891,-1,-1,-1,0
13,115,9.860827713594215,6.607303705495997,6,6,-1,5
14,115,0.7177451886942106,0.0,6,6,-1,0
15,115,8.970578023678014,5.624667888729624,6,-1,-1,5
16,115,7.632879282489746,1.21487159324331,-1,-1,5,1
17,115,8.068690870749805,6.916703177116838,-1,-1,-1,5
18,115,9.637052283739072,4.126378349704829,8,-1,-1,5
19,115,1.3286927259091597,9.18167269649084,-1,-1,-1,6
20,115,0.0,11.999493629542451,7,-1,7,6
21,115,7.6626617918369,4.693859252720042,-1,8,-1,4
22,115,4.114456235335151,5.72990348552852,6,8,-1,-1
23,115,3.7674592709515102,8.267242962061598,5,-1,5,6
24,115,8.829414114598867,8.799064809426232,-1,6,5,8
25,115,8.740767472679176,1.082130981494158,-1,-1,4,-1
26,115,6.720591454127422,1.33177565680532,-1,-1,-1,1
27,115,3.6483361999907102,3.2960273014304238,8,8,-1,-1
28,115,8.980463499874936,10.8417754603838,6,-1,-1,8
29,115,8.106257525951555,10.302151087121992,6,6,-1,8
0,120,6.737723984046803,6.067660030467752,-1,-1,-1,4
1,120,4.330702801694668,5.584784909898237,-1,-1,-1,4
2,120,10.040167302047973,7.990264823101035,-1,-1,-1,5
3,120,11.886409288906858,7.471156692899436,5,-1,5,-1
4,120,10.951058540285084,5.356422933125351,-1,-1,5,5
5,120,11.424713226245714,7.201930684025857,-1,-1,5,5
6,120,0.4941504732383121,4.913314858832464,-1,-1,-1,3
7,120,6.489671505614558,9.10170691495114,6,-1,-1,7
8,120,3.1860004016553174,2.262416102922159,8,8,-1,0
9,120,8.397897435348117,5.293198039508823,6,-1,-1,5
10,120,10.195733441271564,2.7503733197842126,-1,-1,5,-1
11,120,11.429293765947076,3.0271777599995806,-1,-1,5,2
12,120,1.0260002495800218,1.8132995541141728,-1,-1,-1,0
13,120,9.911005868101102,6.561312353635737,6,6,-1,5
14,120,0.6628635534193561,0.0,6,6,-1,0
15,120,8.909930231721358,5.600535655251356,6,-1,-1,5
16,120,7.658193729043017,1.260890224551312,-1,-1,5,1
17,120,8.095557174390466,6.94258944866006,-1,-1,-1,5
18,120,9.559559580810577,4.126533684070078,8,-1,-1,5
19,120,1.33978523399564,9.220995859003532,-1,-1,-1,6
20,120,0.0,11.999355706208378,7,-1,7,6
21,120,7.611687782731912,4.679641870992363,-1,8,-1,4
22,120,4.10128129660295,5.6960189373458165,6,6,-1,-1
23,120,3.751845116881357,8.317659947576656,5,-1,5,6
24,120,8.816444090721323,8.739349344038098,-1,6,5,8
25,120,8.769238536950212,1.1224290331111824,-1,-1,4,-1
26,120,6.6808314085464495,1.343917504435175,-1,-1,-1,1
27,120,3.574967973784676,3.312629727107688,8,8,-1,-1
28,120,8.93629326915953,10.79084460700657,6,-1,-1,8
29,120,8.158984179056977,10.2734363069519,6,6,-1,8
0,125,6.7464266485632445,6.052487698771595,-1,-1,-1,4
1,125,4.381038878465468,5.606282696000562,-1,-1,-1,4
2,125,9.992891036986146,8.041853976050872,-1,-1,-1,8
3,125,11.892503084037456,7.417405464054946,5,-1,5,-1
4,125,10.94897328402123,5.400074644007677,-1,-1,5,5
5,125,11.463993868923652,7.207809492911021,-1,-1,5,5
6,125,0.4790882316286338,4.884451257196443,-1,-1,-1,3
7,125,6.423020137768976,9.121943069577748,6,-1,-1,7
8,125,3.223263592807134,2.2394876523592715,8,8,-1,0
9,125,8.425124805074923,5.375359409214016,6,-1,-1,5
10,125,10.232008440496282,2.774111125367112,-1,-1,5,-1
11,125,11.389263167897864,3.0547633203869093,-1,-1,5,2
12,125,0.9855781807693296,1.8373511326090295,-1,-1,-1,0
13,125,9.950250004729904,6.522657259543072,6,6,-1,5
14,125,0.6184349569150454,0.0,6,6,-1,0
15,125,8.900188929222633,5.623887645137549,6,-1,-1,5
16,125,7.6714448567384,1.2847514762105603,-1,-1,5,1
17,125,8.126885732413587,6.97186301573893,-1,-1,-1,5
18,125,9.494404333644342,4.126081669383715,8,-1,-1,5
19,125,1.3566283821068263,9.2805174178157,-1,-1,-1,6
20,125,0.0,11.99960817094648,7,-1,7,6
21,125,7.556310605568721,4.665221570476265,-1,8,-1,4
22,125,4.085803370201902,5.652525755209926,6,6,-1,-1
23,125,3.73043906252112,8.384393530591572,5,-1,5,6
24,125,8.809065670929245,8.708090714499718,-1,6,5,8
25,125,8.806335727801027,1.1724076221395054,-1,-1,4,-1
26,125,6.63038118978581,1.3600826994898343,-1,-1,-1,1
27,125,3.5137289723105924,3.327443209303574,8,8,-1,-1
28,125,8.897819531214196,10.749717138394267,6,-1,-1,8
29,125,8.207832340855857,10.245948067844264,6,6,-1,8
0,130,6.777216081784972,6.00012839332337,-1,-1,-1,4
1,130,4.436833744258809,5.631030258372074,-1,-1,-1,4
2,130,9.956781470362817,8.078833610778034,-1,-1,-1,8
3,130,11.897494584257934,7.374614917069,5,-1,5,-1
4,130,10.94801819517382,5.4495205071899,-1,-1,5,5
5,130,11.503605909898328,7.214119495494058,-1,-1,5,5
6,130,0.463531355851021,4.856173571883358,-1,-1,-1,3
7,130,6.40566350718494,9.060637424487396,6,-1,-1,7
8,130,3.2696881689790813,2.2097514787981094,8,8,-1,0
9,130,8.441775617841527,5.429470995051433,6,-1,-1,5
10,130,10.27981973994454,2.8070669170077034,-1,-1,5,-1
11,130,11.319098655293956,3.10450931516812,-1,-1,5,2
12,130,0.945411704660306,1.860740365422188,-1,-1,-1,0
13,130,9.99027439990362,6.4851059403005005,6,6,-1,5
14,130,0.549332652869321,0.0,6,6,-1,0
15,130,8.885732691063883,5.657654698164626,6,-1,-1,5
16,130,7.706140551155318,1.3467558411185263,-1,-1,4,1
17,130,8.160529990115066,7.002011324075273,-1,-1,-1,5
18,130,9.459026107879012,4.126123954195445,8,-1,-1,5
19,130,1.3728651505672538,9.338347001909373,-1,-1,-1,6
20,130,0.0,12.0,7,-1,7,6
21,130,7.534958263168183,4.659872494918634,-1,8,-1,4
22,130,4.065536661381035,5.591566341878846,6,6,-1,-1
23,130,3.716913216391067,8.429545837767849,5,-1,5,6
24,130,8.789264815698516,8.625663309952873,-1,6,5,8
25,130,8.836151064001882,1.2108401056092262,-1,-1,4,-1
26,130,6.583004216860087,1.3770639857507303,-1,-1,-1,1
27,130,3.455315179272909,3.3416983295886644,8,8,-1,-1
28,130,8.860812994657229,10.710866720933558,6,-1,-1,8
29,130,8.257858015276682,10.217567888215523,6,6,-1,8
0,135,6.807814477966737,5.949161712329375,-1,-1,-1,4
1,135,4.48295969217206,5.649966027373441,-1,-1,-1,4
2,135,9.916084214952772,8.119612361503373,-1,-1,-1,8
3,135,11.90239510534556,7.325431556385188,5,-1,5,-1
4,135,10.947258944198056,5.498339941499032,-1,-1,5,5
5,135,11.564086001774571,7.224280758662072,-1,-1,5,5
6,135,0.4284156892132851,4.791604446542575,-1,-1,-1,3
7,135,6.385419076179709,8.993345737241855,6,-1,-1,7
8,135,3.323805278635398,2.1758901657996006,8,8,-1,0
9,135,8.455870326504664,5.478403240048601,6,-1,-1,5
10,135,10.328192388024476,2.8417537458774613,-1,-1,5,-1
11,135,11.280150520290348,3.1342143361981534,-1,-1,5,2
12,135,0.9036548182160002,1.88445119642553,-1,-1,-1,0
13,135,10.035469235778638,6.444420924242808,6,6,-1,5
14,135,0.4751405458077946,0.0,6,6,-1,0
15,135,8.861604546323015,5.710988756899452,6,-1,-1,5
16,135,7.730455954405025,1.389723716474933,-1,-1,4,1
17,135,8.207968590406889,7.046714401579087,-1,-1,-1,5
18,135,9.40059507109878,4.12779865635207,8,-1,-1,5
19,135,1.389309449539354,9.404203932380993,-1,-1,-1,6
20,135,0.0,12.0,7,-1,7,6
21,135,7.475321599227515,4.644627289284313,-1,8,-1,4
22,135,4.048873848280637,5.54462086012363,6,6,-1,-1
23,135,3.70392996977932,8.470195714007748,5,-1,5,6
24,135,8.777761813318712,8.583905990647605,-1,6,5,8
25,135,8.872458013813416,1.2587502953600604,-1,-1,4,-1
26,135,6.522686222991437,1.3982187893747862,-1,-1,-1,1
27,135,3.403826648761213,3.3539872323641227,8,8,-1,-1
28,135,8.807267694274916,10.6567578785597,6,-1,-1,8
29,135,8.299239200846383,10.195305053736272,6,6,-1,8
0,140,6.831680313192327,5.910389837127874,-1,-1,-1,4
1,140,4.524488729515773,5.667958553227682,-1,-1,-1,4
2,140,9.87268180144738,8.162069630651178,-1,-1,-1,8
3,140,11.908430779014836,7.247010141552732,5,-1,5,-1
4,140,10.944764365316145,5.561164660667537,-1,-1,4,5
5,140,11.616846796607724,7.233127126073519,-1,-1,5,5
6,140,0.40488289864994,4.747499865667179,-1,-1,-1,3
7,140,6.372837106373881,8.952081209957285,6,-1,-1,7
8,140,3.347422062603976,2.160537807430968,8,8,-1,0
9,140,8.4708519192867,5.531553517523846,6,-1,-1,5
10,140,10.362186143917585,2.865788946662455,-1,-1,5,-1
11,140,11.246557647797282,3.16033434864504,-1,-1,5,2
12,140,0.8366434931373805,1.9225832273151555,-1,-1,-1,0
13,140,10.060174841095424,6.4222084768191054,6,6,-1,5
14,140,0.3929185970873126,0.0,6,6,-1,0
15,140,8.839058568119174,5.764042318544727,6,-1,-1,5
16,140,7.75051360662163,1.426228151807302,-1,-1,4,1
17,140,8.249473684420442,7.087514176675957,-1,-1,-1,5
18,140,9.358893839099837,4.129553340654803,8,-1,-1,5
19,140,1.403934444606673,9.462081278210084,-1,-1,-1,6
20,140,0.0,12.0,7,-1,7,6
21,140,7.410127296434014,4.627444356844856,-1,8,-1,4
22,140,4.028184425381066,5.490587509743586,6,6,-1,-1
23,140,3.6586133019925646,8.455866607310886,5,-1,5,6
24,140,8.755378901814503,8.503702058127226,-1,6,5,8
25,140,8.899107684517704,1.2933164130564352,-1,-1,4,-1
26,140,6.468481071097154,1.4183785401098388,-1,-1,-1,1
27,140,3.3816573161993517,3.2509129290752448,8,8,-1,-1
28,140,8.786925240782093,10.636739053355903,6,-1,-1,8
29,140,8.363609381246807,10.158510851441694,6,6,-1,8
0,145,6.881420616227926,5.835774803902172,-1,-1,-1,4
1,145,4.580462267511632,5.693260469226264,-1,-1,-1,4
2,145,9.821149124655214,8.214197178721678,-1,-1,-1,8
3,145,11.910928216488683,7.201388462550154,5,-1,5,-1
4,145,10.942882164438586,5.619244794382106,-1,-1,5,5
5,145,11.690929812523466,7.246108704399197,-1,-1,5,5
6,145,0.3802079690054744,4.700940006951495,-1,-1,-1,3
7,145,6.3532355061729335,8.890028985772348,6,-1,-1,7
8,145,3.406802018944639,2.1224570607333497,8,8,-1,0
9,145,8.488361918943378,5.588400177274645,6,-1,-1,5
10,145,10.407741949786107,2.8964621228127467,-1,-1,5,-1
11,145,11.222167607705751,3.179638910117028,-1,-1,5,2
12,145,0.8065513579733595,1.93869742126903,-1,-1,-1,0
13,145,10.104190400265637,6.383317675174116,6,6,-1,5
14,145,0.333532981555692,0.0,6,6,-1,0
15,145,8.817742137771958,5.814995692082183,6,-1,-1,5
16,145,7.778283320392793,1.4773550122403916,-1,-1,4,1
17,145,8.283848068525842,7.122768144434959,-1,-1,-1,5
18,145,9.296138595578617,4.132180144497223,8,-1,-1,5
19,145,1.416559965311045,9.512336947509832,-1,-1,-1,6
20,145,0.0,12.0,7,-1,7,6
21,145,7.347854037101114,4.609803472038335,-1,8,-1,4
22,145,4.014258905235611,5.459076566466668,6,6,-1,-1
23,145,3.600898258154177,8.435839226872167,5,-1,5,6
24,145,8.74517942613329,8.469429258638757,-1,6,5,8
25,145,8.938389725000887,1.2636924582701543,-1,-1,4,-1
26,145,6.435375103847713,1.4317053979892744,-1,-1,-1,1
27,145,3.432380892485546,3.240927818537126,8,8,-1,-1
28,145,8.747593899282688,10.59767728479589,6,-1,-1,8
29,145,8.409929692969094,10.13207604962058,6,6,-1,8
0,150,6.910147840184824,5.792886551017796,-1,-1,-1,4
1,150,4.629247344126818,5.716181502242636,-1,-1,-1,4
2,150,9.788927507735,8.245016987893324,-1,-1,-1,8
3,150,11.913179222598895,7.1517889901321805,5,-1,5,-1
4,150,10.941796510906716,5.637987150030207,-1,-1,5,5
5,150,11.757403031852586,7.256224337478871,-1,-1,5,5
6,150,0.3679288596411718,4.676824583382406,-1,-1,-1,3
7,150,6.333596414527956,8.830448139007862,6,-1,-1,7
8,150,3.44335228052871,2.098843804945561,8,8,-1,0
9,150,8.503855083113915,5.639332008877308,6,-1,-1,5
10,150,10.464718337023903,2.933897974274332,-1,-1,5,-1
11,150,11.191622105845129,3.205119931688638,-1,-1,5,2
12,150,0.7515533110732934,1.969613760448208,-1,-1,-1,0
13,150,10.132418988473836,6.357668666969979,6,6,-1,5
14,150,0.2839347988446357,0.0,6,6,-1,0
15,150,8.791435077086556,5.874348957636819,6,-1,-1,5
16,150,7.800994410782787,1.5220014048770087,-1,-1,4,1
17,150,8.329997488481512,7.171042383714647,-1,-1,-1,5
18,150,9.22055093844952,4.134860869392006,8,-1,-1,5
19,150,1.4325767632671416,9.56828352459402,-1,-1,-1,6
20,150,0.0,12.0,7,-1,7,6
21,150,7.296538913261858,4.593750448134937,-1,8,-1,4
22,150,3.98357890518034,5.391074498893757,6,6,-1,-1
23,150,3.569360558249918,8.42481547534193,5,-1,5,6
24,150,8.731954645791644,8.428457015675031,-1,6,5,8
25,150,8.997549486280695,1.2189380014506417,-1,-1,4,-1
26,150,6.409485677349255,1.4429896072627018,-1,-1,-1,1
27,150,3.48771279280358,3.2289995303343675,8,8,-1,-1
28,150,8.709314086369075,10.558527707878389,6,-1,-1,8
29,150,8.44760546166427,10.110179896785963,6,6,-1,8
0,155,6.942095038615487,5.741204639570843,-1,-1,-1,4
1,155,4.685229990954088,5.743040094786101,-1,-1,-1,4
2,155,9.757770910176315,8.274922582790099,-1,-1,-1,8
3,155,11.916324552483706,7.096399878766543,5,-1,5,-1
4,155,10.940305544091258,5.684147119182905,-1,-1,5,5
5,155,11.835088645729508,7.269188233005383,-1,-1,5,5
6,155,0.3468196558614481,4.633042808093569,-1,-1,-1,3
7,155,6.30993843629514,8.762772305035996,6,-1,-1,7
8,155,3.483514867896626,2.07220943986009,8,8,-1,0
9,155,8.517904018034413,5.688482992635092,6,-1,-1,5
10,155,10.51530062359672,2.967892285601748,-1,-1,5,-1
11,155,11.133241704751,3.254088813154357,-1,-1,5,2
12,155,0.6898738801345117,2.005709004013757,-1,-1,-1,0
13,155,10.179562184536978,6.314866832037429,6,6,-1,5
14,155,0.241662178453472,0.0,6,6,-1,0
15,155,8.771853598499128,5.92484800779749,6,-1,-1,5
16,155,7.819359964654769,1.5592152927598228,-1,-1,5,1
17,155,8.369895811826256,7.212350806239403,-1,-1,-1,5
18,155,9.162069938449118,4.135974940702865,8,-1,-1,5
19,155,1.449767896642493,9.621112155257244,-1,-1,-1,6
20,155,0.0,12.0,7,-1,7,6
21,155,7.257851235987822,4.581681953798329,-1,8,-1,4
22,155,3.958303385202365,5.3366130724403735,6,6,-1,-1
23,155,3.52431815858787,8.410946492666005,5,-1,5,6
24,155,8.70851214544808,8.36146412315163,-1,6,5,8
25,155,9.046919874929255,1.1819793295893064,-1,-1,4,-1
26,155,6.383531820515839,1.4553407590808938,-1,-1,-1,1
27,155,3.5182543677531024,3.2224489994175607,8,8,-1,-1
28,155,8.657929303932828,10.50700486580334,6,-1,-1,8
29,155,8.480399273815717,10.092271663953229,6,6,-1,8
0,160,6.9636298066769164,5.705726278379228,-1,-1,-1,4
1,160,4.727289051936197,5.763708300337547,-1,-1,-1,4
2,160,9.727636899571031,8.303305683407924,-1,-1,-1,8
3,160,11.91830295289392,7.037254506395256,5,-1,5,-1
4,160,10.935480805255732,5.747431103962379,-1,-1,5,5
5,160,11.906205637698298,7.280456781163408,-1,-1,5,5
6,160,0.3156896420723593,4.564498777869092,-1,-1,-1,3
7,160,6.286053856265076,8.69795219116632,6,-1,-1,7
8,160,3.5415597378312422,2.0350995581465776,8,8,-1,0
9,160,8.528766342462546,5.73027280508032,6,-1,-1,5
10,160,10.559858890753372,2.996729546871441,-1,-1,5,-1
11,160,11.08082480556702,3.2985492740646363,-1,-1,5,2
12,160,0.6512600732612654,2.027893640193125,-1,-1,-1,0
13,160,10.207421827066424,6.289655093707675,6,6,-1,5
14,160,0.1956828589612737,0.0,6,6,-1,0
15,160,8.750283806245879,5.985816207171185,6,-1,-1,5
16,160,7.84959921674014,1.6180409882334417,-1,-1,5,1
17,160,8.411718968240628,7.253943524202921,-1,-1,-1,5
18,160,9.134629033193214,4.13664739053377,8,-1,-1,5
19,160,1.4699858894382565,9.68060560399733,-1,-1,-1,6
20,160,0.0,12.0,7,-1,7,6
21,160,7.206456710347646,4.564329195809765,-1,8,-1,4
22,160,3.9348218909834967,5.284647034579924,6,6,-1,-1
23,160,3.460158639111956,8.390485992181206,5,-1,5,6
24,160,8.6900084094507,8.3099485848818,-1,6,5,8
25,160,9.10420175380338,1.1398583674150955,-1,-1,4,-1
26,160,6.330481578651397,1.481290480691624,-1,-1,-1,1
27,160,3.596792136210669,3.205037994718814,8,8,-1,-1
28,160,8.622345399539597,10.47240453369374,6,-1,-1,8
29,160,8.546160823018996,10.053260313396803,6,6,-1,8
0,165,7.001577780745451,5.648204154590622,-1,-1,-1,4
1,165,4.788249514221897,5.79357692659686,-1,-1,-1,4
2,165,9.670170421863409,8.356439486958054,-1,-1,-1,8
3,165,11.918983782245748,6.978009708549593,5,-1,5,-1
4,165,10.931379153977222,5.81476898879422,-1,-1,5,5
5,165,11.97918659053145,7.291298968559672,-1,-1,5,5
6,165,0.2995583293426335,4.529838218175525,-1,-1,-1,3
7,165,6.26783011717598,8.64430602349959,6,-1,-1,7
8,165,3.607877325132485,1.9920087089711247,8,8,-1,0
9,165,8.540267879130267,5.7773004365846825,6,-1,-1,5
10,165,10.604345596632411,3.024895489375612,-1,-1,5,-1
11,165,11.044029821715831,3.3282485302079783,-1,-1,5,2
12,165,0.6205443773655521,2.0464888722091445,-1,-1,-1,0
13,165,10.255390543411307,6.2477860109950845,6,6,-1,5
14,165,0.1471939755881414,0.0,6,6,-1,0
15,165,8.74141039460936,6.01084859537688,6,-1,-1,5
16,165,7.884356550422811,1.6857600348811117,-1,-1,5,1
17,165,8.43771112427267,7.279482930487171,-1,-1,-1,5
18,165,9.095888203472304,4.137926931205972,8,-1,-1,5
19,165,1.4891848188714123,9.738745546810954,-1,-1,-1,6
20,165,0.0,12.0,7,-1,7,6
21,165,7.140987740297764,4.541450161181152,-1,8,-1,4
22,165,3.923943727329264,5.260667427368394,6,6,-1,-1
23,165,3.400424575270809,8.369425353050568,5,-1,5,6
24,165,8.679667203702625,8.280963196649852,-1,6,5,8
25,165,9.161699979400773,1.097209541013758,-1,-1,4,-1
26,165,6.291923594419246,1.500118556614015,-1,-1,-1,1
27,165,3.656889871012389,3.192240710613799,8,8,-1,-1
28,165,8.582020643708061,10.4313909374509,6,-1,-1,8
29,165,8.607355832834994,10.015915263593548,6,6,-1,8
0,170,7.042027097834579,5.586852856241741,-1,-1,-1,4
1,170,4.841899320215997,5.820858557718607,-1,-1,-1,4
2,170,9.633046005022024,8.392665479312262,-1,-1,-1,8
3,170,11.919292108874792,6.895848399112237,5,-1,5,-1
4,170,10.928901641420005,5.856172518649351,-1,-1,5,5
5,170,12.0,7.297004001512276,-1,-1,5,5
6,170,0.2680259500091304,4.459699411315933,-1,-1,-1,3
7,170,6.246989424334712,8.582701251546979,6,-1,-1,7
8,170,3.649241334371504,1.965889417653777,8,8,-1,0
9,170,8.55098001416721,5.820960479656222,6,-1,-1,5
10,170,10.657535932840023,3.06009539377716,-1,-1,5,-1
11,170,10.99750886351723,3.3650340375244108,-1,-1,5,2
12,170,0.5869402855410468,2.0672872396288358,-1,-1,-1,0
13,170,10.30351831842939,6.2062541557891775,6,6,-1,5
14,170,0.089073128395961,0.0,6,6,-1,0
15,170,8.724077949893918,6.058761636341165,6,-1,-1,5
16,170,7.91129031625551,1.7405980769009213,-1,-1,5,1
17,170,8.4650278686441,7.307926111029412,-1,-1,-1,5
18,170,9.03852218562704,4.140543776855868,8,-1,-1,5
19,170,1.5054770124995778,9.790410967302334,-1,-1,-1,6
20,170,0.0,12.0,7,-1,7,6
21,170,7.110716041859852,4.530602206009414,-1,8,-1,4
22,170,3.902930902837552,5.211994730356556,6,6,-1,-1
23,170,3.354294674671725,8.352909188222517,5,-1,5,6
24,170,8.670615904632383,8.255626635486923,-1,6,5,8
25,170,9.188264850012862,1.0778575908051706,-1,-1,4,-1
26,170,6.250137285392869,1.5209519447407287,-1,-1,-1,1
27,170,3.70173048522371,3.1828205930817024,8,8,-1,-1
28,170,8.558889187027175,10.409658101573694,6,-1,-1,8
29,170,8.651936984307678,9.988865822978116,6,6,-1,8
0,175,7.080397626941836,5.530087960216843,-1,-1,-1,4
1,175,4.866595637433991,5.8325780066184985,-1,-1,-1,4
2,175,9.599212566287594,8.425384111092843,-1,-1,-1,8
3,175,11.919182476031372,6.854711107000009,5,-1,5,-1
4,175,10.92642851192756,5.88666870598175,-1,-1,5,5
5,175,12.0,7.305393954738768,-1,-1,5,5
6,175,0.2389001466950394,4.391679183187396,-1,-1,-1,3
7,175,6.324371915165401,8.555451052829497,6,-1,-1,7
8,175,3.695646585433396,1.935796415174169,8,8,-1,0
9,175,8.560802055281597,5.859816675661502,6,-1,-1,5
10,175,10.702964987596603,3.089794658780237,-1,-1,5,-1
11,175,10.943389823562237,3.4077599225321795,-1,-1,5,2
12,175,0.5411031601347084,2.095716778552455,-1,-1,-1,0
13,175,10.35950482436829,6.1579465259358415,6,6,-1,5
14,175,0.0254381459472048,0.0,6,6,-1,0
15,175,8.715505749332616,6.081896269322715,6,-1,-1,5
16,175,7.934444026353036,1.788474064999824,-1,-1,5,1
17,175,8.502682214068596,7.347970659653919,-1,-1,-1,5
18,175,8.997293052788748,4.142976201673624,8,-1,-1,5
19,175,1.525170988619747,9.852591193831564,-1,-1,-1,6
20,175,0.0,11.999660661546423,7,-1,7,6
21,175,7.023706750042983,4.501809703523614,-1,8,-1,4
22,175,3.877772773559799,5.152978696157744,6,6,-1,-1
23,175,3.293363373523232,8.332710963951055,5,-1,5,6
24,175,8.654556489114016,8.213634122850063,-1,6,5,8
25,175,9.242378228942142,1.0366981970113929,-1,-1,4,-1
26,175,6.208839441853062,1.5417931386218715,-1,-1,-1,1
27,175,3.786555828147526,3.1651091766379467,8,8,-1,-1
28,175,8.517738774946997,10.371638506553072,6,-1,-1,8
29,175,8.705990123793889,9.956972294483144,6,6,-1,8
0,180,7.103954208390049,5.497027553082576,-1,-1,-1,4
1,180,4.895977567828818,5.847031642306418,-1,-1,-1,4
2,180,9.564972970864932,8.460400632007998,-1,-1,-1,8
3,180,11.920998473887412,6.774481883499257,5,-1,5,-1
4,180,10.9193445662523,5.977368508518338,-1,-1,5,5
5,180,12.0,7.311322256829099,-1,-1,5,5
6,180,0.2182150573875229,4.343666476752897,-1,-1,-1,3
7,180,6.383347296325109,8.535245297956775,6,-1,-1,7
8,180,3.743826197169621,1.905120050481898,8,8,-1,0
9,180,8.574176623852452,5.909829177014421,6,-1,-1,5
10,180,10.743605326623994,3.1153143991998284,-1,-1,5,-1
11,180,10.921511717164266,3.423904890051482,-1,-1,5,2
12,180,0.4968921141657436,2.1224250668596425,-1,-1,-1,0
13,180,10.417731670754035,6.1067244320005925,6,6,-1,5
14,180,0.0,0.0,6,6,-1,0
15,180,8.698007910850237,6.124333858293955,6,-1,-1,5
16,180,7.957913054070883,1.839787073140823,-1,-1,5,1
17,180,8.542187768502107,7.3877720871487425,-1,-1,-1,5
18,180,8.955348668308151,4.145482563656479,8,-1,-1,5
19,180,1.5391504338220785,9.89770999068483,-1,-1,-1,6
20,180,0.0,11.99880504864294,7,-1,7,6
21,180,6.955718170769,4.476627652280431,-1,8,-1,4
22,180,3.8497564707186593,5.086451393838531,6,6,-1,-1
23,180,3.249013364444508,8.317681328337803,5,-1,5,6
24,180,8.633442640427813,8.159798227580243,-1,6,5,8
25,180,9.307570328071654,0.9902181012245876,-1,-1,4,-1
26,180,6.116977863426681,1.589886298159618,-1,-1,-1,1
27,180,3.821370354038231,3.158058995887158,8,8,-1,-1
28,180,8.483665020117572,10.339519699479297,6,-1,-1,8
29,180,8.764878713670688,9.923490854093574,6,6,-1,8
0,185,7.118212798675804,5.476305711577512,-1,-1,-1,4
1,185,4.943219989002364,5.869125666752205,-1,-1,-1,4
2,185,9.517271292997728,8.51007628711975,-1,-1,-1,8
3,185,11.923609432512704,6.7119290726438585,5,-1,5,-1
4,185,10.916433778873454,6.0104549063765145,-1,-1,5,5
5,185,12.0,7.318903678342879,-1,-1,5,5
6,185,0.1998236545524594,4.2988379610763365,-1,-1,-1,3
7,185,6.417915446629688,8.523684242963412,6,-1,-1,7
8,185,3.78436110321286,1.8789186569512324,8,8,-1,0
9,185,8.586666351236214,5.955799963044087,6,-1,-1,5
10,185,10.774135577076445,3.1339994032262206,-1,-1,5,-1
11,185,10.919071832345166,3.4257400453506723,-1,-1,5,2
12,185,0.4464578229985091,2.153047109578122,-1,-1,-1,0
13,185,10.469214533267367,6.059898188354007,6,6,-1,5
14,185,0.0,0.0,6,6,-1,0
15,185,8.68362693612769,6.160591515715493,6,-1,-1,5
16,185,7.9850189959543965,1.8974842133917675,-1,-1,5,1
17,185,8.581765622597233,7.425266357890552,-1,-1,-1,5
18,185,8.862051274775085,4.1512792563183165,8,-1,-1,5
19,185,1.5554689932608874,9.949995838913264,-1,-1,-1,6
20,185,0.0,11.99822595357838,7,-1,7,6
21,185,6.910308404663347,4.459481431733355,-1,8,-1,4
22,185,3.8239807812618247,5.022214348283338,6,8,-1,-1
23,185,3.202033702240816,8.300365285973417,5,-1,5,6
24,185,8.611938502775741,8.10470073283633,-1,6,5,8
25,185,9.356689719611683,0.9551048715665916,-1,-1,4,-1
26,185,6.061735050506296,1.6172122554530857,-1,-1,-1,1
27,185,3.884218220304885,3.1442718830556458,8,8,-1,-1
28,185,8.446456982297311,10.302406359647597,6,-1,-1,8
29,185,8.832681121265757,9.882962216365128,6,6,-1,8
0,190,7.078409884385359,5.448373345529751,-1,-1,-1,4
1,190,5.001165503653741,5.897719411028136,-1,-1,-1,4
2,190,9.472292290255014,8.55898405542458,-1,-1,-1,8
3,190,11.924960484129633,6.656447406455048,5,-1,5,-1
4,190,10.913810192025382,6.056477324537427,-1,-1,5,5
5,190,12.0,7.328225963577285,-1,-1,5,5
6,190,0.1856355101812598,4.262983524686745,-1,-1,-1,3
7,190,6.475945547620481,8.504584602590462,6,-1,-1,7
8,190,3.843341589622871,1.8437021917018717,8,8,-1,0
9,190,8.598676547932056,6.004546710094644,6,-1,-1,5
10,190,10.801009362338808,3.149720310285577,-1,-1,5,-1
11,190,10.872655858919726,3.459987159638785,-1,-1,5,2
12,190,0.3994791610238519,2.1809712744517014,-1,-1,-1,0
13,190,10.490286978985177,6.0391856264601245,6,6,-1,5
14,190,0.0,0.0,6,6,-1,0
15,190,8.65797051954758,6.220907385925327,6,-1,-1,5
16,190,7.998734324716594,1.926997877570592,-1,-1,4,1
17,190,8.610102911295636,7.451451307506227,-1,-1,-1,5
18,190,8.842496296783628,4.152573934034443,8,-1,-1,5
19,190,1.5792815784531788,10.026825552001537,-1,-1,-1,6
20,190,0.0,11.99845661904516,7,-1,7,6
21,190,6.847496374285345,4.433116858024278,-1,8,-1,4
22,190,3.7932926113103753,4.947648066766198,6,8,-1,-1
23,190,3.151397040809596,8.282261401656227,5,-1,5,6
24,190,8.589504639362854,8.048813941117022,-1,6,5,8
25,190,9.405759072416153,0.9240275659734852,-1,-1,4,-1
26,190,6.019501229554121,1.6391102986200567,-1,-1,-1,1
27,190,3.936823022053433,3.1314354545087904,8,8,-1,-1
28,190,8.428824283656422,10.284687345632294,6,-1,-1,8
29,190,8.882423811123463,9.853961496655488,6,6,-1,8
0,195,7.038177202849829,5.4200749810146105,-1,-1,-1,4
1,195,5.052055920026394,5.925349682457879,-1,-1,-1,4
2,195,9.424675378234406,8.610233173080097,-1,-1,-1,8
3,195,11.927505946071676,6.592120963104275,5,-1,5,-1
4,195,10.91325166686581,6.102978775970195,-1,-1,5,5
5,195,12.0,7.334003532168154,-1,-1,5,5
6,195,0.1671264427233125,4.218061780515253,-1,-1,-1,3
7,195,6.526725349610411,8.487120712639578,6,-1,-1,7
8,195,3.8883221454437376,1.8157414932334108,8,8,-1,0
9,195,8.61405992390125,6.065857931124936,6,-1,-1,5
10,195,10.84367204406259,3.1744679421217583,-1,-1,5,-1
11,195,10.837821702666607,3.486175859195513,-1,-1,5,2
12,195,0.3553009297494036,2.207240613722341,-1,-1,-1,0
13,195,10.516694629891152,6.012481009419022,6,6,-1,5
14,195,0.0,0.0,6,6,-1,0
15,195,8.633223036441798,6.279400974978536,6,-1,-1,5
16,195,8.021852350026416,1.9758536484279143,-1,-1,5,2
17,195,8.648818324579409,7.488625737954575,-1,-1,-1,5
18,195,8.802704186240902,4.155037571429186,8,-1,-1,5
19,195,1.5935889573500708,10.072975327148756,-1,-1,-1,6
20,195,0.0,11.998763998179554,7,-1,7,6
21,195,6.791266407280897,4.411502002070532,-1,8,-1,4
22,195,3.777621856161307,4.908021350662772,6,6,-1,-1
23,195,3.118031194810075,8.270290825009088,5,-1,5,6
24,195,8.569089019674927,8.00077986766424,-1,6,5,8
25,195,9.438448811451767,0.9048203537632542,-1,-1,4,-1
26,195,5.977145514436468,1.6602763250251324,-1,-1,-1,1
27,195,4.001800406571589,3.1139404207345254,8,8,-1,-1
28,195,8.382295759544368,10.239240666602594,6,-1,-1,8
29,195,8.929500070082446,9.824663721535094,6,6,-1,8
0,200,7.010441437891615,5.400830191978264,-1,-1,-1,4
1,200,5.102274282061469,5.950716504814047,-1,-1,-1,4
2,200,9.378806641113814,8.65689013418023,-1,-1,-1,8
3,200,11.930044626617482,6.543815948097151,5,-1,5,-1
4,200,10.912096930688628,6.156749827533501,-1,-1,5,5
5,200,12.0,7.343710001280452,-1,-1,5,5
6,200,0.1399495673735924,4.155250122124725,-1,-1,-1,3
7,200,6.5415098023168445,8.52997397765404,6,-1,-1,7
8,200,3.931082251947109,1.788843267217327,8,8,-1,0
9,200,8.628874981251748,6.122446408055152,6,-1,-1,5
10,200,10.890542133749996,3.2014953982862697,-1,-1,5,-1
11,200,10.783542352705773,3.528533198755693,-1,-1,5,2
12,200,0.3021637858305487,2.239761840480229,-1,-1,-1,0
13,200,10.565817009623071,5.961104902169216,6,6,-1,5
14,200,0.0,0.0,6,6,-1,0
15,200,8.609754360848566,6.335931624748596,6,-1,-1,5
16,200,8.047670244825733,2.026710944366229,-1,-1,4,2
17,200,8.686026527788798,7.524861903093784,-1,-1,-1,5
18,200,8.727313478250537,4.160999540247812,8,-1,-1,5
19,200,1.6142877626602383,10.138784482659238,-1,-1,-1,6
20,200,0.0,12.0,7,-1,7,6
21,200,6.757292558515707,4.398965899369713,-1,8,-1,4
22,200,3.7540897648309626,4.850450826161701,6,6,-1,-1
23,200,3.080440613942142,8.256316882045434,4,-1,5,6
24,200,8.556206282610804,7.970566195998215,-1,6,5,5
25,200,9.495535997260951,0.8728453829817202,-1,-1,4,-1
26,200,5.924157874167891,1.686525419761579,-1,-1,-1,1
27,200,4.064720158709751,3.0981015906882274,8,8,-1,-1
28,200,8.343125799987218,10.20071598988478,6,-1,-1,8
29,200,8.960033813943674,9.80650351876404,6,6,-1,8
0,205,6.957354061345103,5.362404839226206,-1,-1,-1,4
1,205,5.157942109328819,5.977955472646218,-1,-1,-1,4
2,205,9.334457582793316,8.703059369407127,-1,-1,-1,8
3,205,11.932431905311809,6.5075077660357925,5,-1,5,-1
4,205,10.911354809683548,6.192999856577371,-1,-1,5,5
5,205,12.0,7.349757477729519,-1,-1,5,5
6,205,0.1172640144213417,4.102353640459003,-1,-1,-1,3
7,205,6.552384474674542,8.561092581287388,6,-1,-1,7
8,205,3.9784879878214983,1.7577225679555246,8,8,-1,0
9,205,8.648211798428788,6.197414765101533,6,-1,-1,5
10,205,10.940341190307644,3.2310949866092766,-1,-1,5,-1
11,205,10.748285250571705,3.5556810349577748,-1,-1,5,2
12,205,0.2673732250457277,2.2624496430818213,-1,-1,-1,0
13,205,10.628405002458369,5.898372356159013,6,6,-1,5
14,205,0.0,0.0,6,6,-1,0
15,205,8.594569299615495,6.37123505156281,6,-1,-1,5
16,205,8.079793639567676,2.0871969872872267,-1,-1,5,2
17,205,8.719541640713805,7.559040937442846,-1,-1,-1,5
18,205,8.65297931419104,4.166539729645721,8,-1,-1,5
19,205,1.6406261520428336,10.21884565829442,-1,-1,-1,6
20,205,0.0,12.0,7,-1,7,6
21,205,6.694004904882695,4.377060094335818,-1,8,-1,4
22,205,3.738701141770569,4.811711132629116,6,6,-1,-1
23,205,3.036278297330477,8.241270646148394,4,-1,5,6
24,205,8.532763785014097,7.914333704402471,-1,6,5,5
25,205,9.547549785627576,0.8424827321414379,-1,-1,4,-1
26,205,5.882146536930246,1.7080526458072147,-1,-1,-1,1
27,205,4.113358952628593,3.0869108598802937,8,8,-1,-1
28,205,8.322380468455597,10.180904618197635,6,-1,-1,8
29,205,8.999385749059396,9.784545194225345,6,6,-1,8
0,210,6.902036922897092,5.323243260123491,-1,-1,-1,4
1,210,5.197188771472009,5.998134211384315,-1,-1,-1,4
2,210,9.294935570181584,8.742918169796168,-1,-1,-1,8
3,210,11.935873955841965,6.442323593827331,5,-1,5,-1
4,210,10.91075457317678,6.2190936817626445,-1,-1,5,5
5,210,12.0,7.358793113197216,-1,-1,5,5
6,210,0.0898017954076869,4.036300879241065,-1,-1,-1,3
7,210,6.571309104030463,8.619470474930813,6,-1,-1,7
8,210,4.031810645378427,1.7194303726611937,8,8,-1,1
9,210,8.666362621163017,6.268787140695348,6,-1,-1,5
10,210,10.991802040075148,3.2606481701636008,-1,-1,5,-1
11,210,10.714574643789168,3.5817147339780564,-1,-1,5,2
12,210,0.2368422035832569,2.283760838002254,-1,-1,-1,0
13,210,10.663913243848574,5.8645362416539015,6,6,-1,5
14,210,0.0,0.0,6,6,-1,0
15,210,8.571612617768022,6.425907420821034,6,-1,-1,5
16,210,8.10221550337254,2.1279756751953918,-1,-1,5,2
17,210,8.766383791519422,7.60417506556963,-1,-1,-1,5
18,210,8.648042012986778,4.113083995065691,8,-1,-1,5
19,210,1.6572425424418933,10.26704771819663,-1,-1,-1,6
20,210,0.0,12.0,7,-1,7,6
21,210,6.647603311592246,4.361044955128283,-1,8,-1,4
22,210,3.7215669397949553,4.767394264817276,6,6,-1,-1
23,210,2.992723826528957,8.224968095782032,5,-1,5,6
24,210,8.507990068471507,7.858741234129138,-1,6,5,5
25,210,9.604900480195898,0.8110915144945727,-1,-1,4,-1
26,210,5.817386393495207,1.74041510819172,-1,-1,-1,1
27,210,4.100677489516511,3.032211774964737,6,8,-1,-1
28,210,8.260290109888668,10.12045965480339,6,-1,-1,8
29,210,9.061645703956312,9.75136079885966,6,6,-1,8
0,215,6.843223628830265,5.280615643955287,-1,-1,-1,4
1,215,5.252810927439806,6.026899620040195,-1,-1,-1,4
2,215,9.265991342170803,8.771365712674548,-1,-1,-1,8
3,215,11.937178045087569,6.382501347293032,5,-1,5,-1
4,215,10.910586810340734,6.266226228353295,-1,-1,5,5
5,215,12.0,7.36823144997188,-1,-1,5,5
6,215,0.0602743172750721,3.9729841140725104,-1,-1,-1,0
7,215,6.578341652818451,8.642685410518661,6,-1,-1,7
8,215,4.086641577037423,1.6792254399764457,8,8,-1,1
9,215,8.67683464142415,6.312131086945115,8,-1,-1,5
10,215,11.039820346821564,3.288598613572422,-1,-1,5,-1
11,215,10.67267182991859,3.611588375234507,-1,-1,5,2
12,215,0.2119107313173965,2.300491868099407,-1,-1,-1,0
13,215,10.702051659913945,5.826909324387968,6,6,-1,5
14,215,0.0,0.0,6,6,-1,0
15,215,8.546726356966065,6.4859952861548456,6,-1,-1,5
16,215,8.142041485969209,2.198466490307738,-1,-1,5,2
17,215,8.817893527546996,7.6501130289946495,-1,-1,-1,5
18,215,8.640092143375746,4.029331074626421,8,-1,-1,5
19,215,1.6798901925812395,10.335747568226594,-1,-1,-1,6
20,215,0.0,12.0,7,-1,7,6
21,215,6.5993904065110645,4.344472431439353,-1,8,-1,4
22,215,3.701076384597045,4.713766763118846,6,6,-1,-1
23,215,2.935488070352567,8.203565595717077,4,-1,5,6
24,215,8.475590255198991,7.784698260833657,-1,6,5,5
25,215,9.650506313018628,0.7859158474374034,-1,-1,4,-1
26,215,5.755660769871727,1.7700425286651107,-1,-1,-1,1
27,215,4.090860075935297,2.989000259284847,6,8,-1,-1
28,215,8.222629277124062,10.082946254993647,6,-1,-1,8
29,215,9.11499705434642,9.723347630885849,6,6,-1,8
0,220,6.7971443827376,5.247658916329399,-1,-1,-1,4
1,220,5.303347373883922,6.051528544893963,-1,-1,-1,4
2,220,9.246983143131434,8.789643409866178,-1,-1,-1,8
3,220,11.938341587293326,6.346352258475439,5,-1,5,-1
4,220,10.911209280001552,6.328330684794647,-1,-1,5,5
5,220,12.0,7.379367177724975,-1,-1,5,5
6,220,0.0298165832200053,3.9058998983975934,-1,-1,-1,0
7,220,6.592617233851963,8.694398173604448,6,-1,-1,7
8,220,4.129280413717441,1.6477473898610313,8,8,-1,1
9,220,8.685767876489745,6.352547487841366,6,-1,-1,5
10,220,11.086443212986058,3.3165900116417,-1,-1,5,-1
11,220,10.615628698227406,3.650903456076102,-1,-1,5,2
12,220,0.1599090312973217,2.334104791392753,-1,-1,-1,0
13,220,10.72955404213834,5.79929524381572,6,6,-1,5
14,220,0.0,0.0,6,6,-1,0
15,220,8.528229228839445,6.535245668095318,6,-1,-1,5
16,220,8.159102223900344,2.232096851502099,-1,-1,5,2
17,220,8.852493581307058,7.681995385626197,-1,-1,-1,5
18,220,8.635324945208636,3.973591920056125,8,-1,-1,2
19,220,1.6994107858048042,10.395875058744798,-1,-1,-1,6
20,220,0.0,12.0,7,-1,7,6
21,220,6.544923024687462,4.325189577897953,-1,8,-1,4
22,220,3.682615952451615,4.669354756595282,6,6,-1,-1
23,220,2.882827195366758,8.183348978446105,4,-1,5,6
24,220,8.442587741798164,7.714312719647955,-1,6,5,5
25,220,9.716641125370504,0.7494595528296827,-1,-1,4,-1
26,220,5.69137836422525,1.799761323913873,-1,-1,-1,1
27,220,4.079507267669217,2.9382554496866176,8,8,-1,-1
28,220,8.18568732011617,10.04699556448356,6,-1,-1,8
29,220,9.169878671139946,9.69315522380674,6,6,-1,8
0,225,6.757839874069121,5.218515911851955,-1,-1,-1,4
1,225,5.3538626921898045,6.077214168206107,-1,-1,-1,4
2,225,9.201337707411216,8.834574346805939,-1,-1,-1,8
3,225,11.938960410070743,6.279365422717315,5,-1,5,-1
4,225,10.910821042301835,6.379710047041494,-1,-1,5,5
5,225,12.0,7.385810753935783,-1,-1,5,5
6,225,0.0073573167033966,3.857295856333199,-1,-1,-1,0
7,225,6.604957619495558,8.74154997293629,6,-1,-1,7
8,225,4.168218344832255,1.618873832274405,8,8,-1,1
9,225,8.697210217051593,6.400850222852259,6,-1,-1,5
10,225,11.13966055398257,3.346525911417212,-1,-1,5,-1
11,225,10.577844416705096,3.678332599453186,-1,-1,5,2
12,225,0.1318139023259844,2.35281308799167,-1,-1,-1,0
13,225,10.776663288847084,5.751808406990514,6,6,-1,5
14,225,0.0,0.0,6,6,-1,0
15,225,8.514162747483747,6.57091252924525,6,-1,-1,5
16,225,8.182360804021913,2.279087468199004,-1,-1,5,2
17,225,8.891557494637363,7.716802027286286,-1,-1,-1,5
18,225,8.63130325802808,3.931157727437072,8,-1,-1,2
19,225,1.7253841830901138,10.469723586207651,-1,-1,-1,6
20,225,0.0012436696605698,12.0,7,-1,7,6
21,225,6.492203627852164,4.306407897129649,-1,8,-1,4
22,225,3.6550532665659463,4.6009894299852725,6,6,-1,-1
23,225,2.8364256364741243,8.16649156156136,4,-1,5,6
24,225,8.421854781022946,7.672046278824172,-1,6,5,5
25,225,9.765802765349124,0.7203990829663842,-1,-1,4,-1
26,225,5.629721484912057,1.827189268099235,-1,-1,-1,1
27,225,4.06836878222049,2.890294606146657,8,8,-1,-1
28,225,8.13176278804044,9.993980581110137,6,-1,-1,8
29,225,9.230481182142826,9.660872303211216,6,6,-1,8
0,230,6.713692815481606,5.185738360653633,-1,-1,-1,4
1,230,5.415529536306472,6.108019622420481,-1,-1,-1,4
2,230,9.155652855053669,8.875769828970014,-1,-1,-1,8
3,230,11.938821381623807,6.227495637898572,5,-1,5,-1
4,230,10.910243834003085,6.432166992832098,-1,-1,5,5
5,230,12.0,7.391218069741539,-1,-1,5,5
6,230,0.0,3.816645626043513,-1,-1,-1,0
7,230,6.61621900929666,8.78838746525356,6,-1,-1,7
8,230,4.221087601219182,1.57929857638822,8,8,-1,1
9,230,8.710744187426542,6.456736405460201,6,-1,-1,5
10,230,11.200189067893811,3.380654480947461,-1,-1,5,-1
11,230,10.517880350657911,3.720390477516105,-1,-1,5,2
12,230,0.0848879702396299,2.386354672060881,-1,-1,-1,0
13,230,10.811621028395718,5.715541852288495,6,6,-1,5
14,230,0.0,0.0,6,6,-1,0
15,230,8.495172979741774,6.619106600469502,6,-1,-1,5
16,230,8.207325865243702,2.3318809580287696,-1,-1,5,2
17,230,8.92760502417461,7.750699730543225,-1,-1,-1,5
18,230,8.626708687226499,3.887794950434114,8,-1,-1,2
19,230,1.7323676634067786,10.488556119468432,-1,-1,-1,6
20,230,0.0018130207340389,12.0,7,-1,7,6
21,230,6.454192959068021,4.293362417478139,-1,8,-1,4
22,230,3.637052255751633,4.559376062673345,6,6,-1,-1
23,230,2.785575898572109,8.147520228696589,4,-1,5,6
24,230,8.397088323495023,7.618998008481848,-1,6,5,5
25,230,9.81119584040492,0.6933457043571138,-1,-1,4,-1
26,230,5.555522284489323,1.8605541059317496,-1,-1,-1,1
27,230,4.055627376136913,2.836842972444736,8,8,-1,-1
28,230,8.096743358755553,9.959704692481283,6,-1,-1,8
29,230,9.2730390168544,9.637741016531928,6,6,-1,8
0,235,6.677616479564552,5.159044944811915,-1,-1,-1,4
1,235,5.472136546618123,6.13675336826221,-1,-1,-1,4
2,235,9.114315641144444,8.911390639672646,-1,-1,-1,8
3,235,11.938453522696586,6.168552840739327,5,-1,5,-1
4,235,10.910151728248334,6.483866273081226,-1,-1,5,5
5,235,12.0,7.395933288037042,-1,-1,5,5
6,235,0.0,3.774820985715393,-1,-1,-1,0
7,235,6.631569323626684,8.857919448874421,6,-1,-1,7
8,235,4.266881060742667,1.5464514594543626,8,8,-1,1
9,235,8.721279320692325,6.501911267609247,6,-1,-1,5
10,235,11.243709412987393,3.4061691571322563,-1,-1,5,-1
11,235,10.466976929236736,3.756318616689548,-1,-1,5,2
12,235,0.0311413355175231,2.4239348394469595,-1,-1,-1,0
13,235,10.854635186648192,5.672756827753116,6,6,-1,5
14,235,0.0,0.0,6,6,-1,0
15,235,8.474782304374532,6.672973407756481,6,-1,-1,5
16,235,8.219782309625844,2.3586250263361794,-1,-1,5,2
17,235,8.982759830623452,7.803122648587159,-1,-1,-1,5
18,235,8.618935874119789,3.821197342096893,8,-1,-1,2
19,235,1.7541555977534256,10.546288397125052,-1,-1,-1,6
20,235,0.0028981330599739,12.0,7,-1,7,6
21,235,6.397585752758887,4.273119318752546,-1,8,-1,4
22,235,3.6187887905235576,4.518739798283985,6,6,-1,-1
23,235,2.7551975173800733,8.13625585171189,4,-1,5,6
24,235,8.365501798544905,7.550331211214133,-1,6,5,5
25,235,9.840321703315768,0.6767077860722668,-1,-1,4,-1
26,235,5.482811917568734,1.8920823734329024,-1,-1,-1,1
27,235,4.044368843578754,2.792715976636179,8,8,-1,-1
28,235,8.057919186675942,9.920506004811282,6,-1,-1,8
29,235,9.328220074238972,9.606014391117627,6,6,-1,8
0,240,6.642973656276412,5.134508864198853,-1,-1,-1,4
1,240,5.52978980634607,6.165277047430523,-1,-1,-1,4
2,240,9.07847911240201,8.942966241873881,-1,-1,-1,8
3,240,11.937580124706116,6.129146789631973,5,-1,5,-1
4,240,10.908933590668504,6.572400168119778,-1,-1,5,5
5,240,12.0,7.403544475291273,-1,-1,5,5
6,240,0.0,3.729152902745555,-1,-1,-1,0
7,240,6.637980169065281,8.887799898687476,6,-1,-1,7
8,240,4.284486042439832,1.5330161195369267,8,8,-1,1
9,240,8.729520220998204,6.537973921368935,6,-1,-1,5
10,240,11.28643751439051,3.4325231947119472,-1,-1,5,-1
11,240,10.423423809727838,3.7852074544804895,-1,-1,5,2
12,240,0.0,2.465703751986137,-1,-1,-1,0
13,240,10.8932965920162,5.634298797114829,6,6,-1,5
14,240,0.0,0.0,6,6,-1,0
15,240,8.459897018804716,6.717756198664831,6,-1,-1,5
16,240,8.253421115921386,2.428022080819612,-1,-1,5,2
17,240,9.018641025663644,7.836078564864183,-1,-1,-1,5
18,240,8.614754205584106,3.782495618664873,8,-1,-1,2
19,240,1.767540376525986,10.583089583861476,-1,-1,-1,6
20,240,0.0062240719912699,12.0,7,-1,7,6
21,240,6.330983998354183,4.249322651082935,-1,8,-1,4
22,240,3.600063405154629,4.475871499469191,6,6,-1,-1
23,240,2.6947877047390167,8.113336602735894,4,-1,5,6
24,240,8.344158598048445,7.498508606448799,-1,6,5,5
25,240,9.881628247372578,0.6528010425993629,-1,-1,4,-1
26,240,5.427453144552314,1.9157598508846108,-1,-1,-1,1
27,240,4.036065852958086,2.759014904012115,8,8,-1,-1
28,240,8.007473128303007,9.871627850488755,6,-1,-1,8
29,240,9.367365349942515,9.58514049960644,6,6,-1,8
0,245,6.59525038294017,5.09997515839386,-1,-1,-1,4
1,245,5.587785184520659,6.19375314125713,-1,-1,-1,4
2,245,9.03901382034076,8.978432842463555,-1,-1,-1,8
3,245,11.935463359882435,6.073465388072896,5,-1,5,-1
4,245,10.908902740259832,6.615173123371974,-1,-1,5,5
5,245,12.0,7.409848985977481,-1,-1,5,5
6,245,0.0,3.662968015753559,-1,-1,-1,0
7,245,6.654449206324856,8.960019974834797,6,-1,-1,7
8,245,4.333221993452601,1.4972834185710178,8,8,-1,1
9,245,8.74484919519416,6.610336408238745,6,-1,-1,5
10,245,11.345887696266873,3.470039890080244,-1,-1,5,-1
11,245,10.381082408853633,3.811594848604339,-1,-1,5,2
12,245,0.0,2.486750606267838,-1,-1,-1,0
13,245,10.926224239963222,5.600053621372252,6,6,-1,5
14,245,0.0,0.0,6,6,-1,0
15,245,8.436746830336569,6.785779704491891,6,-1,-1,5
16,245,8.276496212225323,2.474783713332142,-1,-1,5,2
17,245,9.039339093197889,7.856296938653055,-1,-1,-1,5
18,245,8.606471664317546,3.702328573105785,8,-1,-1,2
19,245,1.8023096448971103,10.57065311250038,-1,-1,-1,6
20,245,0.0068149448258454,12.0,7,-1,7,6
21,245,6.255092462357865,4.222873971051572,-1,8,-1,4
22,245,3.570978421062896,4.408781172726019,6,6,-1,-1
23,245,2.631689082300283,8.087224833974151,4,-1,5,6
24,245,8.322770551066654,7.444014390221426,-1,6,5,5
25,245,9.929129201997824,0.6245449266935241,-1,-1,4,-1
26,245,5.360062830503789,1.9420670152810844,-1,-1,-1,1
27,245,4.020821701335708,2.700268011805574,8,8,-1,-1
28,245,7.981735799282098,9.84500798474227,6,-1,-1,7
29,245,9.41334231827636,9.5590785160105,6,6,-1,8
0,250,6.562203889114972,5.074436839345253,-1,-1,-1,4
1,250,5.653031674794708,6.227091381144494,-1,-1,-1,4
2,250,9.018864781340632,8.995444152149782,-1,-1,-1,8
3,250,11.933982165647906,6.009098923310439,5,-1,5,-1
4,250,10.90761627303964,6.663282966594036,-1,-1,5,5
5,250,12.0,7.41603495725202,-1,-1,5,5
6,250,0.0,3.612512332862335,-1,-1,-1,0
7,250,6.667142523339159,9.014767652117028,6,-1,-1,7
8,250,4.37208610097655,1.4695768322379723,8,8,-1,1
9,250,8.758296725755214,6.671498337273103,6,-1,-1,5
10,250,11.38693344242206,3.49675928540739,-1,-1,5,-1
11,250,10.33273002183938,3.842814912491672,-1,-1,5,2
12,250,0.0,2.516384232165035,-1,-1,-1,0
13,250,10.958198099304935,5.567158843164196,6,6,-1,5
14,250,0.0,0.0,6,6,-1,0
15,250,8.410398406908966,6.872451333353528,6,-1,-1,5
16,250,8.29935330987855,2.5194243328490264,-1,-1,5,2
17,250,9.081649590561357,7.897026416531083,-1,-1,-1,5
18,250,8.6007722334506,3.6532730934988606,8,-1,-1,2
19,250,1.8483663835992892,10.553337465017366,-1,-1,-1,6
20,250,0.0089077466834099,12.0,7,-1,7,6
21,250,6.187246891198459,4.199994231553912,-1,8,-1,4
22,250,3.542309115255471,4.344017335000354,6,6,-1,-1
23,250,2.5757680479835785,8.063137668191025,4,-1,5,6
24,250,8.306719816994105,7.404164661797399,-1,6,4,5
25,250,9.959971069510477,0.6050256520776198,-1,-1,4,-1
26,250,5.29818595184088,1.9650307595910317,-1,-1,-1,1
27,250,4.000613633891787,2.628162978139718,8,8,-1,-1
28,250,7.939119536697955,9.801730612395108,6,-1,-1,7
29,250,9.471206792899896,9.525931058354429,6,6,-1,8
0,255,6.530316358390392,5.049203733924414,-1,-1,-1,4
1,255,5.701021889108668,6.251600676447785,-1,-1,-1,4
2,255,8.967016105246717,9.039126290617734,-1,-1,-1,8
3,255,11.933178532274573,5.958743614706587,5,-1,5,-1
4,255,10.905501859751652,6.722712616717141,-1,-1,5,5
5,255,12.0,7.420476311319894,-1,-1,5,5
6,255,0.0,3.5598338340961297,-1,-1,-1,0
7,255,6.678524566592915,9.063784033800522,6,-1,-1,7
8,255,4.426621647053403,1.4315266738818526,8,8,-1,1
9,255,8.775667903336654,6.743826873386861,6,-1,-1,5
10,255,11.43966745676779,3.533711110230666,-1,-1,5,-1
11,255,10.276649295645194,3.879257591538563,-1,-1,5,2
12,255,0.0,2.550066460672561,-1,-1,-1,0
13,255,10.988645674970382,5.533812388065901,8,6,-1,5
14,255,0.0,0.0,6,6,-1,0
15,255,8.396440157045665,6.920494788523383,6,-1,-1,5
16,255,8.316410952444187,2.551420948241759,-1,-1,5,2
17,255,9.118737131293528,7.932991729925662,-1,-1,-1,5
18,255,8.595107818647577,3.6084950048902513,8,-1,-1,2
19,255,1.915582141660681,10.52835885274647,-1,-1,-1,6
20,255,0.011567263610779,12.0,7,-1,7,6
21,255,6.123256680103086,4.178585253703958,-1,8,-1,4
22,255,3.5142738154946995,4.280597337264254,6,6,-1,-1
23,255,2.5422231272932683,8.047520829145244,4,-1,5,6
24,255,8.283985268610568,7.344655085318302,-1,6,4,5
25,255,9.940869345923131,0.5739153842630424,-1,-1,4,-1
26,255,5.241321193767601,1.9874096231451923,-1,-1,-1,1
27,255,3.983654762859937,2.568392589519616,8,8,-1,-1
28,255,7.986280941765066,9.754611260214086,6,-1,-1,7
29,255,9.513536893143987,9.502193194662135,6,6,-1,8
0,260,6.490284368841088,5.017161487773458,-1,-1,-1,4
1,260,5.7350758931799,6.269589850261501,-1,-1,-1,4
2,260,8.924918194476353,9.076649890623028,-1,-1,-1,8
3,260,11.932327966591476,5.9115592028164,5,-1,5,-1
4,260,10.9024449119005,6.786047707213669,-1,-1,5,5
5,260,12.0,7.424186808788324,-1,-1,5,5
6,260,0.0,3.513085657338822,-1,-1,-1,0
7,260,6.688714546646251,9.108246936378125,6,-1,-1,7
8,260,4.462562597489056,1.407772329218284,8,8,-1,1
9,260,8.789170336851376,6.796581302978767,6,-1,-1,5
10,260,11.486623141299305,3.5655127229495536,-1,-1,5,-1
11,260,10.210283711895428,3.9223638753811407,-1,-1,5,2
12,260,0.0,2.5881661579942445,-1,-1,-1,0
13,260,11.01571366348479,5.503313510092804,8,6,-1,5
14,260,0.0,0.0,6,6,-1,0
15,260,8.375243231434617,6.992807986990767,6,-1,-1,5
16,260,8.343855030049971,2.6023406486707747,-1,-1,5,2
17,260,9.160483083117114,7.974769455167133,-1,-1,-1,5
18,260,8.586144515778338,3.5533017262213806,8,-1,-1,2
19,260,1.9681796271847536,10.508891985600233,-1,-1,-1,6
20,260,0.0150661099844642,12.0,7,-1,7,6
21,260,6.059572860773347,4.157359958997258,-1,8,-1,4
22,260,3.4862990419090267,4.21593597931852,6,6,-1,-1
23,260,2.5006696108455477,8.028875507062025,4,-1,5,6
24,260,8.384699391737417,7.303895263789386,-1,6,4,5
25,260,9.916014024024603,0.5347752432212675,-1,-1,4,-1
26,260,5.178396702696503,2.0113372586785165,-1,-1,-1,1
27,260,3.9709358871755223,2.5227676643653467,8,8,-1,-1
28,260,8.007912892019299,9.732960683251532,6,-1,-1,8
29,260,9.565925023844557,9.473416656810556,6,6,-1,8
0,265,6.437200893223888,4.975353805484062,-1,-1,-1,4
1,265,5.771698395474548,6.289015013440106,-1,-1,-1,4
2,265,8.87831604442556,9.11870713464596,-1,-1,-1,8
3,265,11.9315316205743,5.886597908427091,5,-1,5,-1
4,265,10.90168993115493,6.8213827606468005,-1,-1,5,5
5,265,12.0,7.427710415943542,-1,-1,5,5
6,265,0.0,3.45266810660144,-1,-1,-1,0
7,265,6.700200809150775,9.156793349292816,6,-1,-1,7
8,265,4.498441622448679,1.3822408218282494,8,8,-1,1
9,265,8.801302819572363,6.848999152937642,6,-1,-1,5
10,265,11.534524377517364,3.597716127566376,-1,-1,5,-1
11,265,10.158156070699558,3.956274919722335,-1,-1,5,2
12,265,0.0,2.612979691446484,-1,-1,-1,0
13,265,11.03562677800167,5.478840121266989,8,6,-1,5
14,265,0.0,0.0,6,6,-1,0
15,265,8.363151394923346,7.031712325757723,6,-1,-1,5
16,265,8.358236727493935,2.629619113882488,-1,-1,5,2
17,265,9.201050452062804,8.014471399732408,-1,-1,-1,8
18,265,8.574028214395797,3.483129583994365,8,-1,-1,2
19,265,2.031773942984423,10.48549106111376,-1,-1,-1,6
20,265,0.0175565650088085,12.0,7,-1,7,6
21,265,6.000460649673617,4.135444831124884,-1,8,-1,4
22,265,3.4748625790506176,4.191024159686321,6,6,-1,-1
23,265,2.434099557265494,7.997987542720804,4,-1,5,3
24,265,8.437852198503212,7.282603151905142,-1,6,4,5
25,265,9.888932685735586,0.4934770575925221,-1,-1,4,-1
26,265,5.142721896145203,2.025457471500376,-1,-1,-1,1
27,265,3.9613974436758665,2.4870576084557587,8,8,-1,-1
28,265,8.045932450190064,9.695014128921136,6,-1,-1,8
29,265,9.601916790099558,9.45352506360591,6,6,-1,8
0,270,6.4061512271420336,4.948374706482723,-1,-1,-1,4
1,270,5.831805941682911,6.3174645417977615,-1,-1,-1,4
2,270,8.818840010335016,9.171230023640264,-1,-1,-1,8
3,270,11.930943426026245,5.847307798307945,5,-1,5,-1
4,270,10.901584248526635,6.856493364541927,-1,-1,5,5
5,270,12.0,7.432581841333115,-1,-1,5,5
6,270,0.0,3.403509414919483,-1,-1,-1,0
7,270,6.71252289428639,9.21345982011876,6,-1,-1,7
8,270,4.536875822236038,1.354248483487972,8,8,-1,1
9,270,8.815887809603169,6.916068808752159,6,-1,-1,5
10,270,11.584526247808023,3.631315097801764,-1,-1,5,-1
11,270,10.128496476806935,3.975025122979442,-1,-1,5,2
12,270,0.0,2.6622653532544707,-1,-1,-1,0
13,270,11.073907442184712,5.431200133044046,8,6,-1,5
14,270,0.0,0.0,6,6,-1,0
15,270,8.349474227275339,7.077975342038593,6,-1,-1,5
16,270,8.370577465288873,2.6535119569376437,-1,-1,5,2
17,270,9.240437827918528,8.052775343586795,-1,-1,-1,8
18,270,8.562559774366619,3.4234831325204342,7,-1,-1,2
19,270,2.089070783294217,10.464131011655097,-1,-1,-1,6
20,270,0.0688947368248293,11.998811128733346,7,-1,7,6
21,270,5.955519995280091,4.120194238423929,-1,8,-1,4
22,270,3.456186506201012,4.14992449613011,6,6,-1,-1
23,270,2.3758274733933518,7.972273555832495,4,-1,5,3
24,270,8.479085447443227,7.265119823870377,-1,6,5,5
25,270,9.854573041176351,0.4421589107025827,-1,-1,4,-1
26,270,5.098744286385351,2.043392255211939,-1,-1,-1,1
27,270,3.947477643528169,2.42884630417515,8,8,-1,-1
28,270,8.085551560960063,9.655770576262524,6,-1,-1,8
29,270,9.649208034018695,9.427452784447135,6,6,-1,8
0,275,6.339397694340195,4.892965998350403,-1,-1,-1,4
1,275,5.863883396698867,6.332727576254887,-1,-1,-1,4
2,275,8.779418852332151,9.204271816154112,-1,-1,-1,8
3,275,11.932922471555472,5.773372724502034,5,-1,5,-1
4,275,10.902330147745191,6.937830853244023,-1,-1,5,5
5,275,12.0,7.435093655838892,-1,-1,5,5
6,275,0.0,3.343297346138084,-1,-1,-1,0
7,275,6.725091179853249,9.269608832790986,6,-1,-1,7
8,275,4.568979521854964,1.3299598738379337,8,8,-1,1
9,275,8.834216146419482,7.000249729150271,6,-1,-1,5
10,275,11.63192956071659,3.6644434357713536,-1,-1,5,-1
11,275,10.072844947208996,4.010682234532033,-1,-1,5,5
12,275,0.0,2.709850875940017,-1,-1,-1,0
13,275,11.10680222815106,5.390529977113588,8,6,-1,5
14,275,0.0,0.0,6,6,-1,0
15,275,8.335954522898682,7.12140181826049,6,-1,-1,5
16,275,8.394256510354134,2.7004054420251444,-1,-1,5,2
17,275,9.287362336439603,8.096692753337637,-1,-1,-1,8
18,275,8.5542567275073,3.3778635081817274,7,-1,-1,2
19,275,2.1463837202582714,10.443738585139526,-1,-1,-1,6
20,275,0.1192613118407335,11.997390410004222,7,-1,7,6
21,275,5.907511528277152,4.104010783088879,-1,8,-1,4
22,275,3.436961121626524,4.11022497297309,6,6,-1,-1
23,275,2.322307799343606,7.9482738706002865,4,-1,5,3
24,275,8.53933884662083,7.237646660026733,-1,6,4,5
25,275,9.821422290822843,0.390212307751879,-1,-1,4,-1
26,275,5.033185739208921,2.06961467668619,-1,-1,-1,1
27,275,3.932960847779798,2.371650336132361,8,8,-1,-1
28,275,8.130953837559968,9.612156881159605,6,-1,-1,8
29,275,9.676084559442952,9.412613737253894,6,6,-1,8
0,280,6.284364833693968,4.843500234970271,-1,-1,-1,4
1,280,5.926833331461131,6.36080059991273,-1,-1,-1,4
2,280,8.730391313886566,9.245776995951672,-1,-1,-1,8
3,280,11.935592436341627,5.6953684554317805,5,-1,5,-1
4,280,10.902785099355793,7.008147351278099,-1,-1,5,5
5,280,12.0,7.4347999649865,-1,-1,5,5
6,280,0.0,3.2977395537845453,-1,-1,-1,0
7,280,6.738741863568988,9.327847465247231,6,-1,-1,7
8,280,4.609328305537943,1.298181182267241,8,8,-1,1
9,280,8.844228549334275,7.040346399496474,6,-1,-1,5
10,280,11.679780776644115,3.697912192912431,-1,-1,5,-1
11,280,10.035595305017322,3.9519189618235058,-1,-1,5,2
12,280,0.0,2.74268265263169,-1,-1,-1,0
13,280,11.131593010671804,5.3601002928838986,8,6,-1,5
14,280,0.0,0.0,6,6,-1,0
15,280,8.32037621230503,7.169038578936488,6,-1,-1,5
16,280,8.427336773835778,2.7651593627289537,-1,-1,5,2
17,280,9.316227248805898,8.122952240920768,-1,-1,-1,8
18,280,8.544591346955544,3.326308055804278,7,-1,-1,2
19,280,2.2080437465917924,10.420900279973427,-1,-1,-1,6
20,280,0.1604664307152202,11.995248397865156,7,-1,7,6
21,280,5.845247615572671,4.084145556436721,-1,8,-1,4
22,280,3.406176147352756,4.047848128867362,6,6,-1,-1
23,280,2.249663917586445,7.914203182692661,4,-1,5,3
24,280,8.592986713711792,7.212661488209718,-1,6,5,5
25,280,9.79515949993806,0.349653402283984,-1,-1,4,-1
26,280,4.953121429007579,2.099034029784628,-1,-1,-1,1
27,280,3.9168848552005713,2.3117149360451106,8,8,-1,-1
28,280,8.172231795296858,9.571759876599309,6,-1,-1,8
29,280,9.720478506949108,9.388352581268624,6,6,-1,8
0,285,6.245145460941547,4.808992640033171,-1,-1,-1,4
1,285,5.977069061765584,6.3834891384200505,-1,-1,-1,4
2,285,8.673740834633216,9.29268946634762,-1,-1,-1,8
3,285,11.937418696288637,5.633595049625698,5,-1,5,-1
4,285,10.90369858151164,7.069369622336952,-1,-1,5,5
5,285,12.0,7.434356445100904,-1,-1,5,5
6,285,0.0,3.244674908928053,-1,-1,-1,0
7,285,6.750205824805886,9.381311560376547,6,-1,-1,7
8,285,4.652496268621892,1.2617854180351074,8,8,-1,1
9,285,8.85295419497774,7.078539875941937,6,-1,-1,5
10,285,11.723827412469918,3.729151956630981,-1,-1,5,-1
11,285,10.005062004918823,3.905678803788349,-1,-1,5,2
12,285,0.0,2.778291531389005,-1,-1,-1,0
13,285,11.170113131455077,5.3111222051934375,8,6,-1,5
14,285,0.0,0.0,6,6,-1,0
15,285,8.300077448287912,7.232581971050322,6,-1,-1,5
16,285,8.4397250561382,2.7892414675546218,-1,-1,5,2
17,285,9.361841965576806,8.163682043487244,-1,-1,-1,8
18,285,8.534270623360309,3.272126732814585,7,-1,-1,2
19,285,2.241504021291381,10.409688621533672,-1,-1,-1,6
20,285,0.1991839978482995,11.993219883346535,7,-1,7,6
21,285,5.827233181618835,4.14943363034758,-1,8,-1,4
22,285,3.382090852801899,3.999277916014348,6,6,-1,-1
23,285,2.193862510608782,7.888193621635245,4,-1,5,3
24,285,8.652533770182309,7.186660160023759,-1,6,5,5
25,285,9.77364103030288,0.3147345903214986,-1,-1,4,-1
26,285,4.922698549030478,2.1101130633596354,-1,-1,-1,1
27,285,3.905599453183924,2.268453472118821,8,8,-1,-1
28,285,8.212997767664175,9.614506678667862,6,-1,-1,8
29,285,9.76004660328315,9.366921752453852,6,6,-1,8
0,290,6.20275892053795,4.7733904416695285,-1,-1,-1,4
1,290,6.029776703761677,6.4071841690478015,-1,-1,-1,4
2,290,8.646113006565225,9.315059168461897,-1,-1,-1,8
3,290,11.937896105750845,5.595145855555498,5,-1,5,-1
4,290,10.906342714320576,7.138246347235374,-1,-1,5,5
5,290,12.0,7.434212927945848,-1,-1,5,5
6,290,0.0,3.202964040208709,-1,-1,-1,0
7,290,6.758654019814275,9.427337213145014,6,-1,-1,7
8,290,4.698522081183652,1.2238335240900342,8,8,-1,1
9,290,8.861719141978504,7.119132737564054,6,-1,-1,5
10,290,11.769823590004956,3.759451610549573,-1,-1,5,-1
11,290,9.96820687536559,3.849005748952772,-1,-1,5,2
12,290,0.0,2.807668321878636,-1,-1,-1,0
13,290,11.215406928379712,5.250758218967548,8,6,-1,5
14,290,0.0,0.0,6,6,-1,0
15,290,8.275771942139954,7.306173323671415,6,-1,-1,5
16,290,8.466357380008922,2.8399534055882403,-1,-1,5,2
17,290,9.402863723350787,8.200483897950908,-1,-1,-1,8
18,290,8.520930366821352,3.205843465091658,7,-1,-1,2
19,290,2.282080059411639,10.397619285546654,-1,-1,-1,6
20,290,0.2531597912028077,11.990862564365717,7,-1,7,6
21,290,5.816126975056786,4.186626993975925,-1,8,-1,4
22,290,3.351773235168577,3.9320276028816874,6,6,-1,-1
23,290,2.154894901482348,7.87007579882491,4,-1,5,3
24,290,8.705105493983659,7.162285769429281,-1,6,4,5
25,290,9.74541995757259,0.2695983236397305,-1,-1,4,-1
26,290,4.871726840241379,2.1279772869288163,-1,-1,-1,1
27,290,3.8866614680490734,2.1997459534523305,8,8,-1,-1
28,290,8.279952791575752,9.683738604983953,6,-1,-1,8
29,290,9.806490961228397,9.34165100479669,6,6,-1,8
0,295,6.153472993059099,4.732185990855247,-1,-1,-1,4
1,295,6.068087342823285,6.4240443973885215,-1,-1,-1,4
2,295,8.605535474517989,9.347015059560684,-1,-1,-1,8
3,295,11.939241713485377,5.523040752693723,5,-1,5,-1
4,295,10.90904699887099,7.186253807597321,-1,-1,5,5
5,295,12.0,7.434244498245696,-1,-1,5,5
6,295,0.0,3.154486884251372,-1,-1,-1,0
7,295,6.771865609724893,9.505337688364648,6,-1,-1,7
8,295,4.729561892328954,1.1974233731186237,8,8,-1,1
9,295,8.873874872734904,7.165371306510744,6,-1,-1,5
10,295,11.82951878347896,3.79914534825989,-1,-1,5,-1
11,295,9.931244429411969,3.795184513748684,-1,-1,5,2
12,295,0.0,2.8412189102910834,-1,-1,-1,0
13,295,11.250794879683772,5.20338105709242,8,6,-1,5
14,295,0.0,0.0,6,6,-1,0
15,295,8.25489851068751,7.364429966034991,6,-1,-1,5
16,295,8.487903780121226,2.880449435426617,-1,-1,5,2
17,295,9.463436270444932,8.258923672643455,-1,-1,-1,8
18,295,8.511596179712628,3.1588752331626297,7,-1,-1,2
19,295,2.341485457911123,10.378154425288855,-1,-1,-1,6
20,295,0.2846048852533784,11.989005502274813,7,-1,7,6
21,295,5.80346713988618,4.228858722460669,-1,8,-1,4
22,295,3.332820546707819,3.8880655432288567,6,6,-1,-1
23,295,2.0795543569810944,7.834381478360494,4,-1,5,3
24,295,8.763545029551201,7.136257452400477,-1,6,5,5
25,295,9.71160717381294,0.21727231606922,-1,-1,4,-1
26,295,4.807232723403295,2.149952441264896,-1,-1,-1,1
27,295,3.8656378842268335,2.1327211961287897,8,8,-1,-1
28,295,8.29968967276642,9.705427164086563,6,-1,-1,8
29,295,9.832328556565436,9.32686529043018,6,6,-1,8
