0,0,11.997523948683805,8.071507599223933,-1,-1,-1,-1,-1,8
1,0,2.0096318732162617,8.940578197326435,-1,-1,4,-1,-1,-1
2,0,3.9731329730194505,3.942115854914608,-1,-1,-1,0,-1,-1
3,0,7.041740414887153,0.0171695304700169,-1,5,-1,1,1,1
4,0,12.0,1.959384033271186,2,-1,-1,-1,2,2
5,0,10.943800947666292,9.967233989451744,-1,2,-1,8,-1,-1
6,0,7.009436094162759,0.9597286656553556,-1,-1,-1,1,-1,-1
7,0,0.9904258369983232,1.0452161624552647,-1,-1,-1,-1,-1,0
8,0,6.938478882003708,2.008949813873056,-1,-1,-1,1,-1,-1
9,0,2.0015353998750443,10.935821449519208,-1,-1,-1,-1,6,-1
10,0,7.040653830267731,4.018463029158071,-1,2,-1,-1,-1,4
11,0,1.990267378594528,3.96707448116365,-1,5,5,-1,-1,-1
12,0,0.0,5.006296995235785,-1,-1,-1,-1,3,-1
13,0,0.0,6.013491360498615,2,-1,-1,-1,3,-1
14,0,12.0,2.0191123645093016,2,2,2,2,-1,-1
15,0,8.989037039979875,3.0337809236475137,-1,-1,-1,2,-1,-1
16,0,10.01101425862798,0.9539128543072092,-1,-1,-1,2,2,-1
17,0,11.963741611035443,10.029308925710616,2,2,-1,-1,-1,8
18,0,6.967985154598794,4.042986097084443,-1,-1,-1,-1,-1,4
19,0,4.032314962265895,1.0575288672146277,-1,-1,-1,1,1,-1
20,0,4.002554437358628,9.954479690236692,6,-1,-1,-1,-1,-1
21,0,2.9449748375992786,0.0,3,-1,-1,-1,0,-1
22,0,0.0242768342481063,0.0586366336121036,-1,5,5,-1,0,-1
23,0,11.965731291917107,11.970992979184066,-1,-1,-1,8,8,8
24,0,5.933104799385292,3.9859395223797542,4,-1,4,-1,-1,-1
25,0,8.971455459881323,9.939874038074436,-1,-1,-1,-1,8,-1
26,0,10.070972682965548,8.991007636207051,7,-1,-1,-1,8,8
27,0,12.0,5.953483211404784,3,3,-1,-1,-1,-1
28,0,1.0372990592984854,5.986706671291,-1,2,-1,3,-1,-1
29,0,7.012031510419334,9.945091229285952,-1,-1,3,-1,-1,7
0,5,11.993466148952631,8.119254188536203,-1,-1,-1,-1,-1,8
1,5,2.0187116357659014,8.88178638258394,-1,-1,4,-1,-1,-1
2,5,3.9433307330323775,3.87442018109196,-1,-1,-1,0,-1,-1
3,5,7.107985123637887,0.0443741793997486,-1,5,-1,1,1,1
4,5,12.0,1.9272536445947752,2,-1,-1,-1,2,2
5,5,10.889256413524995,9.936909567808236,-1,2,-1,8,-1,-1
6,5,7.021297821131226,0.9119618500210604,-1,-1,-1,1,-1,-1
7,5,0.9784123769538848,1.116500873672537,-1,-1,-1,-1,-1,0
8,5,6.892218316378483,2.0141803534594813,-1,-1,-1,1,-1,-1
9,5,2.0028834214958477,10.904639193465451,-1,-1,-1,-1,6,-1
10,5,7.12203771495443,4.054303190347431,-1,2,-1,-1,-1,4
11,5,1.9770524415477504,3.92213114375601,-1,5,5,-1,-1,-1
12,5,0.0,5.011460576935754,-1,-1,-1,-1,3,-1
13,5,0.0,6.029304766631471,2,-1,-1,-1,3,-1
14,5,12.0,2.0473133470798985,2,2,2,2,-1,-1
15,5,8.970855193251804,3.086723962228632,-1,-1,-1,2,-1,-1
16,5,10.02832342099932,0.8819406030349174,-1,-1,-1,2,2,-1
17,5,11.918771300345322,10.06517661873734,5,2,-1,-1,-1,8
18,5,6.947152569395941,4.072214379545617,-1,-1,-1,-1,-1,4
19,5,4.06720869222829,1.1146895375968673,-1,-1,-1,1,1,-1
20,5,4.007925005356068,9.875546470226524,6,-1,-1,-1,-1,-1
21,5,2.888779703901028,0.0,5,-1,-1,-1,0,-1
22,5,0.0505821847860137,0.1234168796632373,-1,5,5,-1,0,-1
23,5,11.914915250844038,11.930063858966935,-1,-1,-1,8,8,8
24,5,5.880750026661844,3.975587262344384,2,-1,2,-1,-1,-1
25,5,8.942191608741627,9.87956780322306,-1,-1,-1,-1,8,-1
26,5,10.118160344552136,8.986680642271947,7,-1,-1,-1,8,8
27,5,12.0,5.905429941810151,4,3,-1,-1,-1,-1
28,5,1.0805068860130211,5.972067335020777,-1,2,-1,3,-1,-1
29,5,7.026812603382291,9.877398292293686,-1,-1,3,-1,-1,7
0,10,11.98909303649985,8.170515138529314,-1,-1,-1,-1,-1,8
1,10,2.0279949364174192,8.826352352964443,-1,-1,4,-1,-1,-1
2,10,3.925269345914818,3.833098859892088,-1,-1,-1,0,-1,-1
3,10,7.159191649824978,0.0651197244382746,-1,5,-1,1,1,1
4,10,12.0,1.8897009634083872,2,-1,-1,-1,2,2
5,10,10.8715386245069,9.926823299965331,-1,2,-1,8,-1,-1
6,10,7.0383196981010565,0.8382902557620759,-1,-1,-1,1,-1,-1
7,10,0.9702588481965856,1.172403982867779,-1,-1,-1,-1,-1,0
8,10,6.837591715145271,2.020800092725111,-1,-1,-1,1,-1,-1
9,10,2.003616997865633,10.872521196584966,-1,-1,-1,-1,6,-1
10,10,7.157291573528755,4.068622909447337,-1,2,-1,-1,-1,4
11,10,1.9634510469247783,3.87883780178225,-1,5,5,-1,-1,-1
12,10,0.0,5.019752844166909,-1,-1,-1,-1,3,-1
13,10,0.0,6.046371697264277,2,-1,-1,-1,3,-1
14,10,12.0,2.06995208943425,5,2,2,2,-1,-1
15,10,8.954368951339093,3.13501749814838,-1,-1,-1,2,-1,-1
16,10,10.0449912702918,0.8137984684847115,-1,-1,-1,2,2,-1
17,10,11.873374247319717,10.099997174931362,3,3,-1,-1,-1,8
18,10,6.915705994250548,4.1154725003793615,-1,-1,-1,-1,-1,4
19,10,4.094228714858134,1.1613907916475252,-1,-1,-1,1,1,-1
20,10,4.011941335781549,9.822547835058655,6,-1,-1,-1,-1,-1
21,10,2.820598412696301,0.0,3,-1,-1,-1,0,-1
22,10,0.0727485274045145,0.1760690665819026,-1,2,2,-1,0,-1
23,10,11.881629390442347,11.902104631913414,-1,-1,-1,8,8,8
24,10,5.83439118443718,3.967513028787818,2,-1,2,-1,-1,-1
25,10,8.918484092326251,9.836417212320372,-1,-1,-1,-1,8,-1
26,10,10.164562153614447,8.983604231873002,7,-1,-1,-1,8,8
27,10,12.0,5.853669053599488,3,3,-1,-1,-1,-1
28,10,1.139358750027153,5.9505533994369975,-1,7,-1,3,-1,-1
29,10,7.035263124079007,9.840015486752115,-1,-1,3,-1,-1,7
0,15,11.986417708883785,8.21904566745972,-1,-1,-1,-1,-1,8
1,15,2.036168302422852,8.776362812898295,-1,-1,4,-1,-1,-1
2,15,3.9030400619772734,3.781688999435828,-1,-1,-1,0,-1,-1
3,15,7.230397421799078,0.0941682361990769,-1,5,-1,1,1,1
4,15,12.0,1.8639333656995225,3,-1,-1,-1,2,2
5,15,10.81432347651597,9.893806774346157,-1,2,-1,8,-1,-1
6,15,7.055595342684142,0.7572530166524466,-1,-1,-1,1,-1,-1
7,15,0.9623986247306376,1.228148811360272,-1,-1,-1,-1,-1,0
8,15,6.7845661152185865,2.0274969198129,-1,-1,-1,1,-1,-1
9,15,2.0058551520469328,10.815365218322889,-1,-1,-1,-1,6,-1
10,15,7.229601367506158,4.099105946520964,-1,2,-1,-1,-1,4
11,15,1.9433052435219411,3.820088073078972,-1,5,5,-1,-1,-1
12,15,0.0,5.025954438398944,-1,-1,-1,-1,3,-1
13,15,0.0,6.065027612636532,2,-1,-1,-1,3,-1
14,15,12.0,2.099443113800633,2,5,5,2,-1,-1
15,15,8.942768866440323,3.1679656894543973,-1,-1,-1,2,-1,-1
16,15,10.05490139611833,0.7756578694668717,-1,-1,-1,2,2,-1
17,15,11.837421991613592,10.127628405704629,2,2,-1,-1,-1,8
18,15,6.886754995556278,4.156536369446506,-1,-1,-1,-1,-1,4
19,15,4.123191466663933,1.2134836893098035,-1,-1,-1,1,1,-1
20,15,4.01585790966724,9.766713170207012,4,-1,-1,-1,-1,-1
21,15,2.746382529467671,0.0,3,-1,-1,-1,0,-1
22,15,0.0909113125786982,0.2236854561397269,-1,2,2,-1,0,-1
23,15,11.842434438607636,11.868734825735304,-1,-1,-1,8,8,8
24,15,5.774480775592732,3.956504288707837,7,-1,2,-1,-1,-1
25,15,8.890540917337828,9.787299674215628,-1,-1,-1,-1,8,-1
26,15,10.224883225815674,8.981808828118318,7,-1,-1,-1,8,8
27,15,12.0,5.805032773744277,3,3,-1,-1,-1,-1
28,15,1.2021731651277012,5.926528820741816,-1,5,-1,3,-1,-1
29,15,7.043959317920243,9.80707971046059,-1,-1,3,-1,-1,7
0,20,11.983839280703858,8.294301488299515,-1,-1,-1,-1,-1,8
1,20,2.0477038647502197,8.710770795101608,-1,-1,3,-1,-1,-1
2,20,3.875905433782852,3.715786639250557,-1,-1,-1,0,-1,-1
3,20,7.285907771677801,0.1169127583629308,-1,3,-1,1,1,1
4,20,12.0,1.843120531138284,3,-1,-1,-1,2,2
5,20,10.790134380486784,9.879875941031134,-1,2,-1,8,-1,-1
6,20,7.06581534585447,0.7078729194829603,-1,-1,-1,1,-1,-1
7,20,0.9548379284332004,1.2799575930229672,-1,-1,-1,-1,-1,0
8,20,6.719686877284053,2.0382771210078223,-1,-1,-1,1,-1,-1
9,20,2.0063700830459883,10.756094276255016,-1,-1,-1,-1,6,-1
10,20,7.266179802747853,4.114511597120812,-1,2,-1,-1,-1,4
11,20,1.9316346656489285,3.786750331405148,-1,5,5,-1,-1,-1
12,20,0.0,5.034058598214033,-1,-1,-1,-1,3,-1
13,20,0.0,6.082251095988995,2,-1,-1,-1,3,-1
14,20,12.0,2.1111165806218937,2,5,5,2,-1,-1
15,20,8.92508767457605,3.2199415733234327,-1,-1,-1,2,-1,-1
16,20,10.066323212476012,0.7292228828258489,-1,-1,-1,2,2,-1
17,20,11.7853094823172,10.16796002298399,2,2,-1,-1,-1,8
18,20,6.849841663768156,4.207932994763785,-1,-1,-1,-1,-1,4
19,20,4.142126444212379,1.2461011440510892,-1,-1,-1,1,1,-1
20,20,4.019909238197735,9.71600709902511,4,-1,-1,-1,-1,-1
21,20,2.695367554229237,0.0,5,-1,-1,-1,0,-1
22,20,0.1065958038893787,0.2638681293522934,-1,2,2,-1,0,-1
23,20,11.79340193646917,11.824721953845703,-1,-1,-1,8,8,8
24,20,5.690805124827705,3.9432274311163007,7,-1,2,-1,-1,-1
25,20,8.866336630259697,9.743401551506626,-1,-1,-1,-1,8,-1
26,20,10.277595199107882,8.979981127845267,7,-1,-1,-1,8,8
27,20,12.0,5.724161395162817,3,3,-1,-1,-1,-1
28,20,1.2407801488038428,5.912343200809651,-1,5,-1,3,-1,-1
29,20,7.057486457151016,9.75091412697762,-1,-1,5,-1,-1,7
0,25,11.98380545102732,8.327263350116334,-1,-1,-1,-1,-1,8
1,25,2.065161857090366,8.627108619890878,-1,-1,3,-1,-1,-1
2,25,3.857122772865395,3.669268447794792,-1,-1,-1,0,-1,-1
3,25,7.348517566931677,0.1424681970857942,-1,3,-1,1,1,1
4,25,12.0,1.813992926813972,3,-1,-1,-1,2,2
5,25,10.715183036018306,9.839330497791211,-1,2,-1,8,-1,-1
6,25,7.087899664730908,0.6052335480086525,-1,-1,-1,1,-1,-1
7,25,0.9467632329336058,1.3417014003704426,-1,-1,-1,-1,-1,0
8,25,6.662106873730979,2.0459888692528687,-1,-1,-1,1,-1,-1
9,25,2.0067285767397807,10.728452558482724,-1,-1,-1,-1,6,-1
10,25,7.337849695442407,4.143246395651774,-1,2,-1,-1,-1,4
11,25,1.9154246228872176,3.7393779549605215,-1,5,5,-1,-1,-1
12,25,0.0,5.040259407914731,-1,-1,-1,-1,3,-1
13,25,0.0,6.1046207091067215,2,-1,-1,-1,3,-1
14,25,12.0,2.130807901437335,2,5,5,2,-1,-1
15,25,8.90485925522949,3.2856411693576137,-1,-1,-1,2,-1,-1
16,25,10.080276115416885,0.6765619222221849,-1,-1,-1,2,2,-1
17,25,11.751634653106724,10.194396930400057,2,2,-1,-1,-1,8
18,25,6.885206988717979,4.233961246052962,-1,-1,-1,-1,-1,4
19,25,4.188057581419829,1.3216947402283503,-1,-1,-1,1,1,-1
20,25,4.026099221976353,9.649446703901155,4,-1,-1,-1,-1,-1
21,25,2.6566450227349137,0.0,5,-1,-1,-1,0,-1
22,25,0.1253602645094289,0.3170783384709943,-1,2,2,-1,0,-1
23,25,11.751240997421734,11.785370460115574,-1,-1,-1,8,8,8
24,25,5.647630360167987,3.934817153307097,2,-1,2,-1,-1,-1
25,25,8.835474007464953,9.688892226915698,-1,-1,-1,-1,8,-1
26,25,10.3366729498596,8.977857788435886,7,-1,-1,-1,8,8
27,25,12.0,5.691814201934961,3,3,-1,-1,-1,-1
28,25,1.3058418489795556,5.886625650693111,-1,5,-1,3,-1,-1
29,25,7.069366538121264,9.705564790326854,-1,-1,5,-1,-1,7
0,30,11.984070090458872,8.377534061543624,-1,-1,-1,-1,-1,8
1,30,2.076450071100277,8.57269740812155,-1,-1,3,-1,-1,-1
2,30,3.826254060082607,3.5940195613810544,-1,-1,-1,0,-1,-1
3,30,7.391949420512495,0.161246243262002,-1,3,-1,1,1,1
4,30,12.0,1.791495603528093,5,-1,-1,-1,2,2
5,30,10.687321336292742,9.823291577912226,-1,2,-1,8,-1,-1
6,30,7.096485769318571,0.5682977126269637,-1,-1,-1,1,-1,-1
7,30,0.937623994238045,1.4116630114108857,-1,-1,-1,-1,-1,0
8,30,6.605962005613781,2.054311075459784,-1,-1,-1,1,-1,-1
9,30,2.0076709215763624,10.6604906316895,-1,-1,-1,-1,6,-1
10,30,7.417129266985102,4.176306180087735,-1,4,-1,-1,-1,4
11,30,1.8959704490382048,3.681916453361944,-1,5,5,-1,-1,-1
12,30,0.0,5.048263376333421,-1,-1,-1,-1,3,-1
13,30,0.0,6.11973818968363,2,-1,-1,-1,3,-1
14,30,12.0,2.1514377025681464,2,5,5,2,-1,-1
15,30,8.89021431988169,3.3310171297096423,-1,-1,-1,2,-1,-1
16,30,10.100529913919171,0.6133096714253083,-1,-1,-1,2,2,-1
17,30,11.702552731927456,10.234022200894902,2,2,-1,-1,-1,8
18,30,6.934663120171853,4.2715454293751645,-1,-1,-1,-1,-1,4
19,30,4.2286501527991,1.390679967788224,-1,-1,-1,1,1,-1
20,30,4.029943289591352,9.605940151676526,6,-1,-1,-1,-1,-1
21,30,2.604708573464164,0.0,5,-1,-1,-1,0,-1
22,30,0.1430830469876828,0.3688343191216075,-1,2,2,-1,0,-1
23,30,11.69912804407181,11.73827441004854,-1,-1,-1,8,8,8
24,30,5.590795224591767,3.924015221722365,2,-1,2,-1,-1,-1
25,30,8.814271688181451,9.6509156899404,-1,-1,-1,-1,8,-1
26,30,10.379105815160733,8.976350842491343,7,-1,-1,-1,8,8
27,30,12.0,5.636770316687814,3,3,-1,-1,-1,-1
28,30,1.3757137921581426,5.859330141632849,-1,5,-1,3,-1,-1
29,30,7.076354338993452,9.678005480516097,-1,-1,5,-1,-1,7
0,35,11.98614366198484,8.435937999015035,-1,-1,-1,-1,-1,8
1,35,2.088089053332265,8.51990069600055,-1,-1,3,-1,-1,-1
2,35,3.810923042293652,3.5566951678794307,-1,-1,-1,0,-1,-1
3,35,7.418435670249573,0.1724470878532947,-1,4,-1,1,1,1
4,35,12.0,1.760845004593271,5,-1,-1,-1,2,2
5,35,10.61875247411965,9.784412819410417,-1,2,-1,8,-1,-1
6,35,7.110410040822729,0.5084797570857372,-1,-1,-1,1,-1,-1
7,35,0.930963625104816,1.4664928676951383,-1,-1,-1,-1,-1,0
8,35,6.5455227505652,2.0630975710657515,-1,-1,-1,1,-1,-1
9,35,2.008687672638457,10.618267072862514,-1,-1,-1,-1,6,-1
10,35,7.445498921628797,4.18736053192513,-1,4,-1,-1,-1,4
11,35,1.872480360149784,3.619313064527694,-1,5,5,-1,-1,-1
12,35,0.0,5.053733474716738,-1,-1,-1,-1,3,-1
13,35,0.0,6.137393416366603,2,-1,-1,-1,3,-1
14,35,12.0,2.1717682495694524,5,5,5,2,-1,-1
15,35,8.872101479918163,3.3843130806746538,-1,-1,-1,2,-1,-1
16,35,10.118850041847008,0.5532791604622714,-1,-1,-1,2,2,-1
17,35,11.679039987445709,10.253567994585008,2,2,-1,-1,-1,8
18,35,6.962861773386561,4.2930110572428735,-1,-1,-1,-1,-1,4
19,35,4.255256984488561,1.4353937080514418,-1,-1,-1,1,1,-1
20,35,4.0359141046552,9.54940199874066,6,-1,-1,-1,-1,-1
21,35,2.5514731074214003,0.0,5,-1,-1,-1,0,-1
22,35,0.1621918594710599,0.4284033865880188,-1,2,2,-1,0,-1
23,35,11.663861755454644,11.706271143534236,-1,-1,-1,8,8,8
24,35,5.5293188208017074,3.911043555124373,2,-1,2,-1,-1,-1
25,35,8.78318419031252,9.595146404310691,-1,-1,-1,-1,8,-1
26,35,10.438729859264251,8.976078568508337,7,-1,-1,-1,8,8
27,35,12.0,5.583659923112129,3,3,-1,-1,-1,-1
28,35,1.4329713121290548,5.835891393109156,-1,5,-1,3,-1,-1
29,35,7.093606199072733,9.61531752403834,-1,-1,3,-1,-1,7
0,40,11.987147903972913,8.468174250013583,-1,-1,-1,-1,-1,8
1,40,2.094936042204576,8.48599449451742,-1,-1,3,-1,-1,-1
2,40,3.789901010490373,3.505583220872764,-1,-1,-1,0,-1,-1
3,40,7.456314843249733,0.1889018762793675,-1,4,-1,1,1,1
4,40,12.0,1.7316284515649725,5,-1,-1,-1,2,2
5,40,10.566295937945569,9.75454461033317,-1,2,-1,8,-1,-1
6,40,7.121292699807557,0.4634706368471797,-1,-1,-1,1,-1,-1
7,40,0.9264613944682604,1.509978743739157,-1,-1,-1,-1,-1,0
8,40,6.493156186543143,2.0696392353088395,-1,-1,-1,1,-1,-1
9,40,2.009431835326493,10.563841368531302,-1,-1,-1,-1,6,-1
10,40,7.511958826150294,4.213009518777773,-1,4,-1,-1,-1,4
11,40,1.846837909414613,3.5547529938218885,-1,5,5,-1,-1,-1
12,40,0.0,5.061755493110614,-1,-1,-1,-1,3,-1
13,40,0.0,6.150650981157395,2,-1,-1,-1,3,-1
14,40,12.0,2.1899939467380816,5,5,5,2,-1,-1
15,40,8.854559709251447,3.4383041840416664,-1,-1,-1,2,-1,-1
16,40,10.135272843472311,0.5059571522238789,-1,-1,-1,2,2,-1
17,40,11.63672098139111,10.28774616301996,2,2,-1,-1,-1,8
18,40,6.986274507661444,4.3111772406157245,-1,-1,-1,-1,-1,4
19,40,4.291872532285876,1.4960197311504904,-1,-1,-1,1,1,-1
20,40,4.039392261057185,9.514502466703748,6,-1,-1,-1,-1,-1
21,40,2.510315529575876,0.0,5,-1,-1,-1,0,-1
22,40,0.1767178420985209,0.4739768920725671,-1,2,2,-1,0,-1
23,40,11.625812795108583,11.673343451286808,-1,-1,-1,8,8,8
24,40,5.491487139483993,3.903012789042576,2,-1,2,-1,-1,-1
25,40,8.760837313927308,9.553602913954128,-1,-1,-1,-1,8,-1
26,40,10.50193057505891,8.977535609033264,7,-1,-1,-1,8,8
27,40,12.0,5.533924086604123,3,3,-1,-1,-1,-1
28,40,1.4845634426100138,5.813032272094986,-1,2,-1,3,-1,-1
29,40,7.102334363651318,9.583304767779351,-1,-1,3,-1,-1,7
0,45,11.988583702117058,8.516601285616362,-1,-1,-1,-1,-1,8
1,45,2.105888377468123,8.432996659491282,-1,-1,4,-1,-1,-1
2,45,3.7727406248085193,3.456352621571314,-1,-1,-1,0,-1,-1
3,45,7.538845474800846,0.2238075353500651,-1,4,-1,1,1,1
4,45,12.0,1.6942358804963789,5,-1,-1,-1,2,2
5,45,10.531637564852264,9.73496172167842,-1,2,-1,8,-1,-1
6,45,7.1359481494228,0.4046277032486119,-1,-1,-1,1,-1,-1
7,45,0.9216522413044476,1.5489301531297188,-1,-1,-1,-1,-1,0
8,45,6.435874388273046,2.0777604834324235,-1,-1,-1,1,-1,-1
9,45,2.010297300662281,10.495408560192802,-1,-1,-1,-1,6,-1
10,45,7.540193818222362,4.223637426442536,-1,4,-1,-1,-1,4
11,45,1.8258218545230576,3.499601003831234,-1,5,5,-1,-1,-1
12,45,0.0,5.067138080646681,-1,-1,-1,-1,3,-1
13,45,0.0,6.172440842025278,2,-1,-1,-1,3,-1
14,45,12.0,2.2126731413722727,5,5,3,2,-1,-1
15,45,8.838805822788629,3.484870754432537,-1,-1,-1,2,-1,-1
16,45,10.144305694990402,0.4816073413024052,-1,-1,-1,2,2,-1
17,45,11.60371174167431,10.313522457123236,2,2,-1,-1,-1,8
18,45,7.017599740377297,4.334092219593063,-1,-1,-1,-1,-1,4
19,45,4.324349935601888,1.5520198929075435,-1,-1,-1,1,1,-1
20,45,4.044279403569487,9.47660020697314,6,-1,-1,-1,-1,-1
21,45,2.4794112912815973,0.0,5,-1,-1,-1,0,-1
22,45,0.1859648983378807,0.5020062423639381,-1,2,2,-1,0,-1
23,45,11.593546397802529,11.645693794066217,-1,-1,-1,8,8,8
24,45,5.419722068173637,3.884378577311556,7,-1,7,-1,-1,-1
25,45,8.736806945009606,9.510162612251642,-1,-1,-1,-1,8,-1
26,45,10.559189944846974,8.978407210196947,2,-1,-1,-1,8,8
27,45,12.0,5.494734447212776,3,3,-1,-1,-1,-1
28,45,1.5353690302656584,5.791342206526201,-1,2,-1,3,-1,-1
29,45,7.116337509123416,9.53575456119298,-1,-1,3,-1,-1,7
0,50,11.990575659135288,8.577327180818793,-1,-1,-1,-1,-1,8
1,50,2.1163276056517484,8.389610615893847,-1,-1,4,-1,-1,-1
2,50,3.7589156249919866,3.412776900496987,-1,-1,-1,0,-1,-1
3,50,7.6063098357973535,0.2528180212496096,-1,4,-1,1,1,1
4,50,12.0,1.6592781633279057,5,-1,-1,-1,2,2
5,50,10.485861333101148,9.71026101509226,-1,7,-1,8,-1,-1
6,50,7.147328628642487,0.3592787719274439,-1,-1,-1,1,-1,-1
7,50,0.9185555468799406,1.580622551085546,-1,-1,-1,-1,-1,0
8,50,6.375355968011335,2.0869509209218746,-1,-1,-1,1,-1,-1
9,50,2.010286389529625,10.437498888871916,-1,-1,-1,-1,6,-1
10,50,7.599972566825266,4.245732331571467,-1,4,-1,-1,-1,4
11,50,1.810180629027298,3.4596947427343543,-1,5,5,-1,-1,-1
12,50,0.0,5.075257473807762,-1,-1,-1,-1,3,-1
13,50,0.0,6.139857789156292,2,-1,-1,-1,3,-1
14,50,12.0,2.2323985913796243,5,5,5,2,-1,-1
15,50,8.817047193776832,3.5515363100259,-1,-1,-1,2,-1,-1
16,50,10.1632131162167,0.4312581250008217,-1,-1,-1,2,2,-1
17,50,11.544700658983745,10.35906037737879,2,2,-1,-1,-1,8
18,50,7.069522054423972,4.37120902227261,-1,-1,-1,-1,-1,4
19,50,4.338246915203082,1.5759853342150043,-1,-1,-1,1,1,-1
20,50,4.051227622910736,9.412046713241114,6,-1,-1,-1,-1,-1
21,50,2.4377080045326944,0.0,5,-1,-1,-1,0,-1
22,50,0.2014108526552074,0.5556044279758834,-1,2,2,-1,0,-1
23,50,11.549499912740002,11.609579271172905,-1,-1,-1,8,8,8
24,50,5.354014455921967,3.867435697376684,7,-1,2,-1,-1,-1
25,50,8.713611036399543,9.467813364678854,-1,-1,-1,-1,8,-1
26,50,10.627283872114708,8.976802948326792,2,-1,-1,-1,8,8
27,50,12.0,5.461988773473071,3,3,-1,-1,-1,-1
28,50,1.5673453813226157,5.776902021972986,-1,7,-1,3,-1,-1
29,50,7.12904289910889,9.489047687397964,-1,-1,3,-1,-1,7
0,55,11.992950889148428,8.62555984367782,-1,-1,-1,-1,-1,8
1,55,2.1300515693330366,8.333833099254873,-1,-1,4,-1,-1,-1
2,55,3.748211464053204,3.377039806136662,-1,-1,-1,0,-1,-1
3,55,7.646797666502934,0.271170751077404,-1,4,-1,1,1,1
4,55,12.0,1.6291804736486877,5,-1,-1,-1,2,2
5,55,10.459100889229434,9.69688446943157,-1,7,-1,8,-1,-1
6,55,7.1643257293967135,0.2963760176163749,-1,-1,-1,1,-1,-1
7,55,0.9138496786622534,1.6369385573496893,-1,-1,-1,-1,-1,0
8,55,6.303568851712068,2.097236036477515,-1,-1,-1,1,-1,-1
9,55,2.008965608478648,10.381864663301164,-1,-1,-1,-1,6,-1
10,55,7.659649970099437,4.26657870102983,-1,4,-1,-1,-1,4
11,55,1.7912188856599864,3.413867676593354,-1,5,5,-1,-1,-1
12,55,0.0,5.08073553815436,-1,-1,-1,-1,3,-1
13,55,0.0,6.097535641696203,2,-1,-1,-1,3,-1
14,55,12.0,2.255177993830068,5,5,5,2,-1,-1
15,55,8.806179954422056,3.58311641630725,-1,-1,-1,2,-1,-1
16,55,10.180831204713815,0.382074025532794,-1,-1,-1,2,2,-1
17,55,11.48823557946525,10.402968415761496,2,2,-1,-1,-1,8
18,55,7.10073469817068,4.394594273092158,-1,-1,-1,-1,-1,4
19,55,4.3669503194253725,1.6253170269951038,-1,-1,-1,1,1,-1
20,55,4.054044290532707,9.372016229575827,6,-1,-1,-1,-1,-1
21,55,2.3942544957620524,0.0,5,-1,-1,-1,0,-1
22,55,0.1715284501449799,0.5643912934762393,-1,2,2,-1,0,-1
23,55,11.52596444711764,11.590081031980429,-1,-1,-1,8,8,8
24,55,5.330573624184668,3.8618961164425136,2,-1,2,-1,-1,-1
25,55,8.691636993788727,9.427991518118963,-1,-1,-1,-1,8,-1
26,55,10.687861549993722,8.976475661584058,2,-1,-1,-1,8,8
27,55,12.0,5.413070326265346,3,3,-1,-1,-1,-1
28,55,1.5979128250891514,5.76393530157216,-1,7,-1,3,-1,-1
29,55,7.141220915472737,9.446579513404377,-1,-1,3,-1,-1,7
0,60,11.996420710683635,8.701413952155155,-1,-1,-1,-1,-1,8
1,60,2.142423202655223,8.286022595050722,-1,-1,3,-1,-1,-1
2,60,3.732545386863464,3.3286871552688573,-1,-1,-1,0,-1,-1
3,60,7.697970845544185,0.2924470639734747,-1,4,-1,1,1,1
4,60,12.0,1.5971719439338736,5,-1,-1,-1,2,2
5,60,10.397733114648483,9.667022864751184,-1,7,-1,8,-1,-1
6,60,7.184317362775438,0.221174527673033,-1,-1,-1,1,-1,-1
7,60,0.906235383146845,1.7069686757652345,-1,-1,-1,-1,-1,0
8,60,6.272853438359318,2.1011332251749346,-1,-1,-1,1,-1,-1
9,60,2.006516415789991,10.328001823556894,-1,-1,-1,-1,6,-1
10,60,7.7473713811305265,4.299058244941627,-1,4,-1,-1,-1,4
11,60,1.7755732097767811,3.377165721086227,-1,5,5,-1,-1,-1
12,60,0.0,5.087231012148296,-1,-1,-1,-1,3,-1
13,60,0.0,6.049403814414398,2,-1,-1,-1,3,-1
14,60,12.0,2.276235807276023,5,5,5,2,-1,-1
15,60,8.793144260102652,3.620065379622589,-1,-1,-1,2,-1,-1
16,60,10.1977557527695,0.3341262359742786,-1,-1,-1,2,2,-1
17,60,11.45626190616258,10.426568653077128,2,2,-1,-1,-1,8
18,60,7.146665466055678,4.429569395363938,-1,-1,-1,-1,-1,4
19,60,4.4018356311225215,1.6837692051004434,-1,-1,-1,1,1,-1
20,60,4.057994684606322,9.296528425819965,6,-1,-1,-1,-1,-1
21,60,2.345195189366741,0.0,5,-1,-1,-1,0,-1
22,60,0.1299408585388321,0.5766247013637122,-1,2,2,-1,0,-1
23,60,11.476756606496403,11.54875769616354,-1,-1,-1,8,8,8
24,60,5.263568007471077,3.84667006097969,4,-1,4,-1,-1,-1
25,60,8.65882494221979,9.3709409658026,-1,-1,-1,-1,8,-1
26,60,10.73163701709326,8.977017914588664,2,-1,-1,-1,8,8
27,60,12.0,5.364320606477988,3,3,-1,-1,-1,-1
28,60,1.6602044227162758,5.738456260191449,-1,2,-1,3,-1,-1
29,60,7.159909893265305,9.381213462847503,-1,-1,3,-1,-1,7
0,65,11.997427180190249,8.726450146303641,-1,-1,-1,-1,-1,8
1,65,2.1528914250155555,8.248329158742019,-1,-1,3,-1,-1,-1
2,65,3.717526079224515,3.2828841922414167,-1,-1,-1,0,-1,-1
3,65,7.743237502509667,0.3090535333677459,-1,4,-1,1,1,1
4,65,12.0,1.5741863808485963,5,-1,-1,-1,2,2
5,65,10.345757122710337,9.64248312742752,-1,7,-1,8,-1,-1
6,65,7.195117067449075,0.1800168313998622,-1,-1,-1,1,-1,-1
7,65,0.8983254611513735,1.7674862441187584,-1,-1,-1,-1,-1,0
8,65,6.208857028720173,2.108923458153668,-1,-1,-1,1,-1,-1
9,65,2.001929772257666,10.258720921446224,-1,-1,-1,-1,6,-1
10,65,7.78673735252426,4.313589749275864,-1,4,-1,-1,-1,4
11,65,1.710353903950777,3.4047468929610063,-1,5,5,-1,-1,-1
12,65,0.0,5.092770087633852,-1,-1,-1,-1,3,-1
13,65,0.0,5.978266615731406,2,-1,-1,-1,3,-1
14,65,12.0,2.2864732347123806,5,5,5,2,-1,-1
15,65,8.779402586713871,3.6538473041753408,-1,-1,-1,2,-1,-1
16,65,10.217509493675893,0.2745266284425587,-1,-1,-1,2,2,-1
17,65,11.399450063138516,10.467081542906524,2,2,-1,-1,-1,8
18,65,7.186302409429146,4.4619280951717695,-1,-1,-1,-1,-1,4
19,65,4.430514840840681,1.7307945213003073,-1,-1,-1,1,1,-1
20,65,4.060035746429357,9.261440041395334,6,-1,-1,-1,-1,-1
21,65,2.3015419001788104,0.0,5,-1,-1,-1,0,-1
22,65,0.0776944933285191,0.5926970126406287,-1,2,2,-1,0,-1
23,65,11.431685086374632,11.5089365586151,-1,-1,-1,8,8,8
24,65,5.208670221899409,3.833135173559203,4,-1,4,-1,-1,-1
25,65,8.62569116165495,9.314893467320935,-1,-1,-1,-1,8,-1
26,65,10.784851829854857,8.978472683981428,2,-1,-1,-1,8,8
27,65,12.0,5.337755963548508,3,3,-1,-1,-1,-1
28,65,1.703012756166813,5.720595533756005,-1,2,-1,3,-1,-1
29,65,7.175022591570558,9.329201242147304,-1,-1,3,-1,-1,7
0,70,12.0,8.776499730801893,-1,-1,-1,-1,-1,8
1,70,2.2034784944289774,8.26206366478525,-1,-1,3,-1,-1,-1
2,70,3.7018760624973375,3.2335356828406963,-1,-1,-1,0,-1,-1
3,70,7.772930317840546,0.3192116366274606,-1,4,-1,1,1,1
4,70,12.0,1.551076564754546,5,-1,-1,-1,2,2
5,70,10.316697104528822,9.62827749599549,-1,7,-1,8,-1,-1
6,70,7.213096944913812,0.1156176531089512,-1,-1,-1,1,-1,-1
7,70,0.8915574064055436,1.819492273091772,-1,-1,-1,-1,-1,0
8,70,6.166414480320682,2.114063699716399,-1,-1,-1,1,-1,-1
9,70,1.9968972036097872,10.195525028860592,-1,-1,-1,-1,6,-1
10,70,7.827144283984642,4.327504747629038,-1,4,-1,-1,-1,4
11,70,1.6598350769811918,3.4256552405574583,-1,5,5,-1,-1,-1
12,70,0.0,5.095073848767617,-1,-1,-1,-1,3,-1
13,70,0.0,5.899847441675168,2,-1,-1,-1,3,-1
14,70,12.0,2.3039902442001816,5,5,5,2,-1,-1
15,70,8.758727690662518,3.704564905101897,-1,-1,-1,2,-1,-1
16,70,10.229633445200612,0.2386923304058911,-1,-1,-1,2,2,-1
17,70,11.361091678313096,10.493686543912297,2,2,-1,-1,-1,8
18,70,7.225051812814463,4.4964673750965805,-1,-1,-1,-1,-1,4
19,70,4.470311428243687,1.796982004615877,-1,-1,-1,1,1,-1
20,70,4.06115883526912,9.209746167898716,6,-1,-1,-1,-1,-1
21,70,2.228193757043007,0.0,3,-1,-1,-1,0,-1
22,70,0.0281741756240692,0.6058119415463771,-1,2,2,-1,0,-1
23,70,11.37900176094494,11.462433978654516,-1,-1,-1,8,8,8
24,70,5.156595950774868,3.820087150764368,2,-1,2,-1,-1,-1
25,70,8.592627260666305,9.256741045625668,-1,-1,-1,-1,8,-1
26,70,10.860954116393446,8.981026821933582,2,-1,-1,-1,8,8
27,70,12.0,5.300271517418757,3,3,-1,-1,-1,-1
28,70,1.7707268019767448,5.6934659039326165,-1,2,-1,3,-1,-1
29,70,7.188094142343615,9.280555837171848,-1,-1,3,-1,-1,7
0,75,12.0,8.828223924686627,-1,-1,-1,-1,-1,8
1,75,2.2726737710477813,8.281895877004654,-1,-1,3,-1,-1,-1
2,75,3.688299653551272,3.190900703417653,-1,-1,-1,0,-1,-1
3,75,7.812283415443296,0.3340649543818714,-1,4,-1,1,1,1
4,75,12.0,1.5174250733907846,5,-1,-1,-1,2,2
5,75,10.269828091131616,9.604352677798255,-1,7,-1,8,-1,-1
6,75,7.226539665714417,0.0646517013483779,-1,-1,-1,1,-1,-1
7,75,0.8865374318974679,1.8647615836024811,-1,-1,-1,-1,-1,0
8,75,6.126845689315478,2.1196937548746875,-1,-1,-1,1,-1,-1
9,75,1.9928231393621367,10.131849170452604,-1,-1,-1,-1,6,-1
10,75,7.893675670757786,4.352642857299928,-1,4,-1,-1,-1,4
11,75,1.6051264034275057,3.447964599674965,-1,5,5,-1,-1,-1
12,75,0.0,5.096883172105955,-1,-1,-1,-1,3,-1
13,75,0.0,5.840845231157702,2,-1,-1,-1,3,-1
14,75,12.0,2.326413674823518,5,5,5,2,-1,-1
15,75,8.74155369346812,3.749946545125917,-1,-1,-1,2,-1,-1
16,75,10.249173186853035,0.1788525353689891,-1,-1,-1,2,2,-1
17,75,11.303639526328633,10.532752740340536,2,2,-1,-1,-1,8
18,75,7.271191654201575,4.536519030020081,-1,-1,-1,-1,-1,4
19,75,4.492809117531175,1.833843563536468,-1,-1,-1,1,1,-1
20,75,4.06222879972921,9.159930846371738,6,-1,-1,-1,-1,-1
21,75,2.177906108536175,0.0,5,-1,-1,-1,0,-1
22,75,0.0,0.6242185634403278,-1,2,2,-1,0,-1
23,75,11.34732402056234,11.43536350690861,-1,-1,-1,8,8,8
24,75,5.108690230301916,3.807971586966433,2,-1,2,-1,-1,-1
25,75,8.561075098969678,9.203518790400976,-1,-1,-1,-1,8,-1
26,75,10.926412577885246,8.983925258424541,2,-1,-1,-1,8,8
27,75,12.0,5.255480288688459,3,3,-1,-1,-1,-1
28,75,1.8289894540781104,5.668665631708239,-1,5,-1,3,-1,-1
29,75,7.203537222728221,9.22225602059789,-1,-1,3,-1,-1,7
0,80,12.0,8.883711701760273,-1,-1,-1,-1,-1,8
1,80,2.3277012681602565,8.298126933059885,-1,-1,4,-1,-1,-1
2,80,3.6713077858251135,3.1384720466946625,-1,-1,-1,0,-1,-1
3,80,7.861286192475756,0.3514898191069175,-1,4,-1,1,1,1
4,80,12.0,1.486189154285226,5,-1,-1,-1,2,2
5,80,10.226554635684032,9.582068103474535,-1,7,-1,8,-1,-1
6,80,7.235474776373173,0.0290580586746059,-1,-1,-1,1,-1,-1
7,80,0.8768989236041355,1.9340841778370883,-1,-1,-1,-1,-1,0
8,80,6.060255874634231,2.130257068113513,-1,-1,-1,1,-1,-1
9,80,1.9907045307429492,10.096805661702213,-1,-1,-1,-1,6,-1
10,80,7.952142770573582,4.37397008912229,-1,4,-1,-1,-1,4
11,80,1.5423073925896742,3.473744686911367,-1,5,5,-1,-1,-1
12,80,0.0,5.097992614572522,-1,-1,-1,-1,3,-1
13,80,0.0,5.811978981901698,2,-1,-1,-1,3,-1
14,80,12.0,2.346101801806623,5,5,5,2,-1,-1
15,80,8.719147605933397,3.802538116257345,-1,-1,-1,2,-1,-1
16,80,10.200007355648353,0.1636925573410271,-1,-1,-1,2,2,-1
17,80,11.260271453369446,10.56105606976434,2,2,-1,-1,-1,8
18,80,7.320359580107548,4.5793058026858935,-1,-1,-1,-1,-1,4
19,80,4.524056775708423,1.8853198546515664,-1,-1,-1,1,1,-1
20,80,4.064654994182119,9.091803238433664,6,-1,-1,-1,-1,-1
21,80,2.137050367073192,0.0,3,-1,-1,-1,0,-1
22,80,0.0,0.6345351041395871,-1,2,2,-1,0,-1
23,80,11.302972242100298,11.397551978522795,-1,-1,-1,8,8,8
24,80,5.046272301755503,3.7908305903434343,2,-1,2,-1,-1,-1
25,80,8.531911921981697,9.155537640788673,-1,-1,-1,-1,8,-1
26,80,10.985022284312798,8.987645188705375,2,-1,-1,-1,8,8
27,80,12.0,5.204381655924951,3,3,-1,-1,-1,-1
28,80,1.876828847143425,5.647603857680738,-1,2,-1,3,-1,-1
29,80,7.223281882862527,9.14340666216372,-1,-1,3,-1,-1,7
0,85,12.0,8.963251685302843,-1,-1,-1,-1,-1,8
1,85,2.3822815042139216,8.315214330481211,-1,-1,3,-1,-1,-1
2,85,3.651318307828678,3.074987210283758,-1,-1,-1,0,-1,-1
3,85,7.9333980524522865,0.3779152557961642,-1,4,-1,1,1,1
4,85,12.0,1.4491716145960982,2,-1,-1,-1,2,2
5,85,10.178010213868657,9.556851174263764,-1,7,-1,8,-1,-1
6,85,7.248987664960824,0.0,-1,-1,-1,1,-1,-1
7,85,0.8419792082001673,1.929395381816157,-1,-1,-1,-1,-1,0
8,85,5.974987486810624,2.146872453521542,-1,-1,-1,1,-1,-1
9,85,1.9853738570658048,10.016535049082313,-1,-1,-1,-1,6,-1
10,85,7.982387612067395,4.385216734896765,-1,4,-1,-1,-1,4
11,85,1.4918126572877766,3.493811871979265,-1,5,5,-1,-1,-1
12,85,0.0,5.103731680888558,-1,-1,-1,-1,3,-1
13,85,0.0,5.753592244655111,7,-1,-1,-1,3,-1
14,85,12.0,2.3743409175487,5,5,5,2,-1,-1
15,85,8.689393166319345,3.867078989186616,-1,-1,-1,2,-1,-1
16,85,10.153760841225669,0.1473827014897874,-1,-1,-1,2,2,-1
17,85,11.211335401783126,10.59162237691055,2,2,-1,-1,-1,8
18,85,7.343911664394317,4.600257451370571,-1,-1,-1,-1,-1,4
19,85,4.549774529961626,1.9278225850986848,-1,-1,-1,1,1,-1
20,85,4.067578823751426,9.022586121232834,6,-1,-1,-1,-1,-1
21,85,2.1070072521089283,0.0,5,-1,-1,-1,0,-1
22,85,0.0,0.6475334729031749,-1,2,2,-1,0,-1
23,85,11.258253466198594,11.35755983458027,-1,-1,-1,8,8,8
24,85,4.983927539073248,3.7732526803231714,2,-1,2,-1,-1,-1
25,85,8.49834934040106,9.10003489689685,-1,-1,-1,-1,8,-1
26,85,11.02748009885793,8.989507940081136,2,-1,-1,-1,8,8
27,85,12.0,5.151941478041163,3,3,-1,-1,-1,-1
28,85,1.9408219517614624,5.619508977975813,-1,2,-1,3,-1,-1
29,85,7.238798607543925,9.09088123469384,-1,-1,3,-1,-1,7
0,90,12.0,9.02299685730564,-1,-1,-1,-1,-1,8
1,90,2.427981338758059,8.329135098454477,-1,-1,3,-1,-1,-1
2,90,3.636137904877741,3.0274604967443883,-1,-1,-1,0,-1,-1
3,90,7.980220794279411,0.3959109566827166,-1,4,-1,1,1,1
4,90,12.0,1.4126125175727662,2,-1,-1,-1,2,2
5,90,10.13455559829611,9.532996004351414,-1,7,-1,8,-1,-1
6,90,7.266228042563653,0.0,-1,-1,-1,1,-1,-1
7,90,0.7797184923259844,1.918586008101366,-1,-1,-1,-1,-1,0
8,90,5.930008887744283,2.1563744942250667,-1,-1,-1,1,-1,-1
9,90,1.981393862324201,9.96148492578166,-1,-1,-1,-1,6,-1
10,90,8.054153857364401,4.412177314985876,-1,4,-1,-1,-1,5
11,90,1.4464029615322518,3.5121528133134188,-1,5,5,-1,-1,-1
12,90,0.0,5.106869522147022,-1,-1,-1,-1,3,-1
13,90,0.0,5.712850472731357,7,-1,-1,-1,3,-1
14,90,12.0,2.3961669255665123,5,5,5,2,-1,-1
15,90,8.665036969156693,3.921252339872471,-1,-1,-1,2,-1,-1
16,90,10.143694788514935,0.1437230188434689,-1,-1,-1,2,2,-1
17,90,11.170376085177097,10.615851460803656,2,2,-1,-1,-1,8
18,90,7.380867261122212,4.634172124443053,-1,-1,-1,-1,-1,4
19,90,4.573780918106661,1.968337539116366,-1,-1,-1,1,1,-1
20,90,4.069847023150136,8.978368408163677,6,-1,-1,-1,-1,-1
21,90,2.045676594285623,0.0,5,-1,-1,-1,0,-1
22,90,0.0,0.6627476003556297,-1,2,2,-1,0,-1
23,90,11.215778863529554,11.31879714284064,-1,-1,-1,8,8,8
24,90,4.914323576697807,3.753812930200101,2,-1,2,-1,-1,-1
25,90,8.481635918774108,9.070305817836534,-1,-1,-1,-1,8,-1
26,90,11.062943060400716,8.991938155093973,2,-1,-1,-1,8,8
27,90,12.0,5.11113941028102,3,3,-1,-1,-1,-1
28,90,1.9899811664187192,5.598501052250808,-1,2,-1,3,-1,-1
29,90,7.253875230842453,9.034819446438174,-1,-1,3,-1,-1,7
0,95,12.0,9.110515595921068,-1,-1,-1,-1,-1,8
1,95,2.490117048168157,8.347042473725699,-1,-1,3,-1,-1,-1
2,95,3.619113944790724,2.9745048011734925,-1,-1,-1,0,-1,-1
3,95,8.02961076385922,0.414729044301197,-1,4,-1,2,2,2
4,95,12.0,1.3925412244571411,2,-1,-1,-1,2,2
5,95,10.062188275936776,9.49454216796422,-1,7,-1,8,-1,-1
6,95,7.278668763720547,0.0,-1,-1,-1,1,-1,-1
7,95,0.7183285897719602,1.9095813737019784,-1,-1,-1,-1,-1,0
8,95,5.863671572133639,2.170196681539533,-1,-1,-1,1,-1,-1
9,95,1.9767776452366543,9.893643527831628,-1,-1,-1,-1,6,-1
10,95,8.105778598867452,4.432556052044436,-1,4,-1,-1,-1,5
11,95,1.3976240585682216,3.5323693576251527,-1,5,5,-1,-1,-1
12,95,0.0,5.109117869677474,-1,-1,-1,-1,3,-1
13,95,0.0,5.659879151634422,7,-1,-1,-1,3,-1
14,95,12.0,2.4170624021739178,5,5,5,2,-1,-1
15,95,8.634078954140229,3.990051007181243,-1,-1,-1,2,-1,-1
16,95,10.073130222763169,0.1160725605629216,-1,-1,-1,2,2,-1
17,95,11.12148934108662,10.646319382142034,2,2,-1,-1,-1,8
18,95,7.396125853092626,4.648005066825517,-1,-1,-1,-1,-1,4
19,95,4.606931725838836,2.0274005152827472,-1,-1,-1,1,1,-1
20,95,4.0727209028373,8.901433314210955,6,-1,-1,-1,-1,-1
21,95,1.989274479918476,0.0,5,-1,-1,-1,0,-1
22,95,0.0,0.6743038286424594,-1,2,2,-1,0,-1
23,95,11.164953285989212,11.272719633371311,-1,-1,-1,8,8,8
24,95,4.87466697548669,3.743246386951692,2,-1,2,-1,-1,-1
25,95,8.444536327863908,9.006069925911065,-1,-1,-1,-1,8,-1
26,95,11.107337895980251,8.995306480185368,2,-1,-1,-1,8,8
27,95,12.0,5.046329341391638,3,3,-1,-1,-1,-1
28,95,2.05308231910558,5.570765670820572,-1,2,-1,3,-1,-1
29,95,7.26810243723579,8.983494099154331,-1,-1,3,-1,-1,7
0,100,12.0,9.142082549283224,-1,-1,-1,-1,-1,8
1,100,2.538196403099474,8.361172687948718,-1,-1,4,-1,-1,-1
2,100,3.5992187730012555,2.9158861964499265,-1,-1,-1,0,-1,-1
3,100,8.092118258261676,0.4398088010928883,-1,4,-1,2,2,2
4,100,12.0,1.36381958878386,2,-1,-1,-1,2,2
5,100,9.989040278273682,9.457846082591509,-1,7,-1,8,-1,-1
6,100,7.298372156264153,0.0,-1,-1,-1,1,-1,-1
7,100,0.667080207703734,1.902581795992741,-1,-1,-1,-1,-1,0
8,100,5.79919500620807,2.1844668818135244,-1,-1,-1,1,-1,-1
9,100,1.9745597277241211,9.85029550823747,-1,-1,-1,-1,6,-1
10,100,8.16693628552997,4.45743010089954,-1,4,-1,-1,-1,5
11,100,1.345704673431606,3.5524538915323363,-1,5,5,-1,-1,-1
12,100,0.0,5.112838936046274,-1,-1,-1,-1,3,-1
13,100,0.0,5.606707815774728,7,-1,-1,-1,3,-1
14,100,12.0,2.448445048973456,5,5,5,2,-1,-1
15,100,8.616399059653778,4.031595628149281,-1,-1,-1,5,-1,-1
16,100,10.021737568724149,0.0948145555785827,-1,-1,-1,2,2,-1
17,100,11.081473107141012,10.67249885634974,2,2,-1,-1,-1,8
18,100,7.418769846837672,4.669764591033132,-1,-1,-1,-1,-1,4
19,100,4.640716930566562,2.087239991141422,-1,-1,-1,1,1,-1
20,100,4.074340219856687,8.85625658390379,2,-1,-1,-1,-1,-1
21,100,1.9309505113809005,0.0,5,-1,-1,-1,0,-1
22,100,0.0,0.6808881732957692,-1,2,2,-1,0,-1
23,100,11.127374258240913,11.238815780436166,-1,-1,-1,8,8,8
24,100,4.812192886721418,3.725668107811009,2,-1,2,-1,-1,-1
25,100,8.422933056879584,8.970163229846396,-1,-1,-1,-1,8,-1
26,100,11.17594727743666,9.00199539849007,2,-1,-1,-1,8,8
27,100,12.0,4.995501473870768,3,3,-1,-1,-1,-1
28,100,2.118950765555041,5.540335129137809,-1,5,-1,3,-1,-1
29,100,7.27958849854067,8.937930744811563,-1,-1,3,-1,-1,7
0,105,12.0,9.172254139136562,-1,-1,-1,-1,-1,8
1,105,2.5951423569120933,8.375887038933929,-1,-1,4,-1,-1,-1
2,105,3.579608463648105,2.858623964572312,-1,-1,-1,0,-1,-1
3,105,8.109568329094856,0.3962358831551453,-1,3,-1,2,2,2
4,105,12.0,1.3371395610232124,2,-1,-1,-1,2,2
5,105,9.933520157064438,9.430895096620754,-1,7,-1,8,-1,-1
6,105,7.315688725147913,0.0,-1,-1,-1,1,-1,-1
7,105,0.6172853973599985,1.8959820486245345,-1,-1,-1,-1,-1,0
8,105,5.710157234898663,2.20486306468658,-1,-1,-1,1,-1,-1
9,105,1.9718553003947596,9.793304204241766,-1,-1,-1,-1,6,-1
10,105,8.214507426667646,4.47697443513314,-1,4,-1,-1,-1,5
11,105,1.285302303471489,3.577482342122942,-1,5,5,-1,-1,-1
12,105,0.0,5.114620312318637,-1,-1,-1,-1,3,-1
13,105,0.0,5.588082345103159,7,-1,-1,-1,3,-1
14,105,12.0,2.469583726697876,5,5,5,2,-1,-1
15,105,8.598032530684229,4.072814860475086,-1,-1,-1,5,-1,-1
16,105,9.975455453871874,0.0759254504749196,-1,-1,-1,2,2,-1
17,105,11.051098336968424,10.69285180530488,2,2,-1,-1,-1,8
18,105,7.449724938218642,4.6980365677686775,-1,-1,-1,-1,-1,4
19,105,4.663120997326208,2.1290679233962,-1,-1,-1,1,1,-1
20,105,4.076981248002188,8.772427514525756,2,-1,-1,-1,-1,-1
21,105,1.9125857143665677,0.0417725795941745,3,-1,-1,-1,0,-1
22,105,0.0,0.6941190891170322,-1,2,2,-1,0,-1
23,105,11.087048251089117,11.1996390947279,-1,-1,-1,8,8,8
24,105,4.753725876049695,3.7102825060096487,2,-1,2,-1,-1,-1
25,105,8.38874358582347,8.914133889207392,-1,-1,-1,-1,8,-1
26,105,11.235906546959042,9.008748886805195,2,-1,-1,-1,8,8
27,105,12.0,4.923732430266646,3,3,-1,-1,-1,-1
28,105,2.1481528455604293,5.527842789017107,-1,5,-1,3,-1,-1
29,105,7.29611504111619,8.874740183761256,-1,-1,3,-1,-1,7
0,110,12.0,9.2348863325222,-1,-1,-1,-1,-1,8
1,110,2.6693259963723324,8.396584600055382,-1,-1,4,-1,-1,-1
2,110,3.565946849472699,2.820588398571301,-1,-1,-1,0,-1,-1
3,110,8.129013710046637,0.3485490742458394,-1,4,-1,2,2,2
4,110,12.0,1.3140695168797094,2,-1,-1,-1,2,2
5,110,9.890450799529908,9.41048905700118,-1,7,-1,8,-1,-1
6,110,7.335049886121927,0.0,-1,-1,-1,1,-1,-1
7,110,0.5586177796361693,1.888640062628812,-1,-1,-1,-1,-1,0
8,110,5.660942170985427,2.215739096744316,-1,-1,-1,1,-1,-1
9,110,1.969475260711865,9.751442918331378,-1,-1,-1,-1,6,-1
10,110,8.286492415794376,4.507234548947549,-1,4,-1,-1,-1,5
11,110,1.2412764556317153,3.5959007546599047,-1,5,5,-1,-1,-1
12,110,0.0,5.117938287204447,-1,-1,-1,-1,3,-1
13,110,0.0,5.5323559671204885,7,-1,-1,-1,3,-1
14,110,12.0,2.478606569820803,5,5,5,2,-1,-1
15,110,8.576128271226946,4.118549163009505,-1,-1,-1,5,-1,-1
16,110,9.941699682327563,0.0624495017705588,-1,-1,-1,2,2,-1
17,110,11.013927681381931,10.7183896790536,2,2,-1,-1,-1,8
18,110,7.48702745900347,4.733465926047827,-1,-1,-1,-1,-1,4
19,110,4.698394650971823,2.194293214544284,-1,-1,-1,1,1,-1
20,110,4.080351057233295,8.710544439204483,2,-1,-1,-1,-1,-1
21,110,1.8815421784569024,0.1112815629593851,3,-1,-1,-1,0,-1
22,110,0.0,0.7040318746668809,-1,2,2,-1,0,-1
23,110,11.047758823219676,11.16236178743002,-1,-1,-1,8,8,8
24,110,4.701555158722743,3.696202331584284,2,-1,2,-1,-1,-1
25,110,8.366163370219653,8.877656842932328,-1,-1,-1,-1,8,-1
26,110,11.300221143152733,9.017282348308145,2,-1,-1,-1,8,8
27,110,12.0,4.882479498751597,3,3,-1,-1,-1,-1
28,110,2.1785792494499727,5.51505097461973,-1,5,-1,3,-1,-1
29,110,7.306342330235044,8.837551974863361,-1,-1,3,-1,-1,7
0,115,12.0,9.273042111755238,-1,-1,-1,-1,-1,8
1,115,2.7185839982980924,8.409968105091165,-1,-1,4,-1,-1,-1
2,115,3.5500892548653438,2.773237005191329,-1,-1,-1,0,-1,-1
3,115,8.151679977306598,0.2920985108645103,-1,4,-1,2,2,2
4,115,12.0,1.2892633879269966,5,-1,-1,-1,2,2
5,115,9.848706366129026,9.39126668847662,-1,7,-1,8,-1,-1
6,115,7.346901622033558,0.0,-1,-1,-1,1,-1,-1
7,115,0.5510018955633289,1.9535189085809497,-1,-1,-1,-1,-1,0
8,115,5.6172026149033565,2.2249039054118374,-1,-1,-1,1,-1,-1
9,115,1.965413696950761,9.682270600783465,-1,-1,-1,-1,6,-1
10,115,8.341538266634025,4.529939671177649,-1,3,-1,-1,-1,5
11,115,1.2055326609825536,3.611350367505284,-1,5,5,-1,-1,-1
12,115,0.0,5.122090865003576,-1,-1,-1,-1,3,-1
13,115,0.0,5.4973659679415,7,-1,-1,-1,3,-1
14,115,12.0,2.503488753468714,5,5,5,2,-1,-1
15,115,8.556827825845795,4.161076789425999,-1,-1,-1,5,-1,-1
16,115,9.897787438258678,0.0442226287703748,-1,-1,-1,2,2,-1
17,115,10.958355341065412,10.753765227128149,2,2,-1,-1,-1,8
18,115,7.529060290904488,4.771853483161907,-1,-1,-1,-1,-1,4
19,115,4.722269992306611,2.236675563534355,-1,-1,-1,1,1,-1
20,115,4.082289600551196,8.664864320163511,2,-1,-1,-1,-1,-1
21,115,1.8626327435743133,0.1538066830545895,5,-1,-1,-1,0,-1
22,115,0.0,0.7129851898053624,-1,2,2,-1,0,-1
23,115,11.00125844267428,11.11763988036315,-1,-1,-1,8,8,8
24,115,4.636790434257074,3.677011246208524,2,-1,2,-1,-1,-1
25,115,8.335739225801312,8.82895640115003,-1,-1,-1,-1,8,-1
26,115,11.344404006099058,9.023322771671682,2,-1,-1,-1,8,8
27,115,11.951329673475596,4.879252181746477,3,3,-1,-1,-1,-1
28,115,2.251536187934976,5.484276049476751,-1,5,-1,3,-1,-1
29,115,7.324381287394561,8.77648338971292,-1,-1,3,-1,-1,7
0,120,12.0,9.34171455427013,-1,-1,-1,-1,-1,8
1,120,2.7706943243146007,8.424599820856226,-1,-1,4,-1,-1,-1
2,120,3.533237949716692,2.725446066085229,-1,-1,-1,0,-1,-1
3,120,8.164992138284356,0.2597298876579138,-1,4,-1,2,2,2
4,120,12.0,1.265637869201929,2,-1,-1,-1,2,2
5,120,9.79051247434598,9.36457794599742,-1,7,-1,8,-1,-1
6,120,7.366446854848696,0.0,-1,-1,-1,1,-1,-1
7,120,0.5438879357277959,2.01043277208448,-1,-1,-1,-1,-1,0
8,120,5.570415679567088,2.235822244095976,-1,-1,-1,1,-1,-1
9,120,1.9615333236965968,9.624110042719622,-1,-1,-1,-1,6,-1
10,120,8.400351994003497,4.553966671161272,-1,3,-1,-1,-1,5
11,120,1.1413195586100275,3.6385142797024703,-1,5,5,-1,-1,-1
12,120,0.0,5.126544508881194,-1,-1,-1,-1,3,-1
13,120,0.0,5.431727657278605,2,-1,-1,-1,3,-1
14,120,12.0,2.526373571188512,5,5,5,2,-1,-1
15,120,8.537694741777456,4.203933291636697,-1,-1,-1,5,-1,-1
16,120,9.83301806583579,0.0147607575655313,-1,-1,-1,2,2,-1
17,120,10.914527138076629,10.78107021317585,2,2,-1,-1,-1,8
18,120,7.57220922497528,4.811796151311103,-1,-1,-1,-1,-1,4
19,120,4.751174710549759,2.2863807825571243,-1,-1,-1,1,1,-1
20,120,4.084487142485632,8.626319702931406,2,-1,-1,-1,-1,-1
21,120,1.839615630655827,0.2042501562675264,5,-1,-1,-1,0,-1
22,120,0.0,0.7239946958058673,-1,2,2,-1,0,-1
23,120,10.96836985099547,11.085957951524216,-1,-1,-1,8,8,8
24,120,4.565355108721183,3.6549967930378338,2,-1,2,-1,-1,-1
25,120,8.299008441997081,8.771082392882263,-1,-1,-1,-1,8,-1
26,120,11.41049676981708,9.033808545757353,2,-1,-1,-1,8,8
27,120,11.923632908319432,4.877720784290132,3,3,-1,-1,-1,-1
28,120,2.2940516314637938,5.465998759288077,-1,2,-1,3,-1,-1
29,120,7.342899820580159,8.71107967102757,-1,-1,6,-1,-1,7
0,125,12.0,9.40538834926308,-1,-1,-1,-1,-1,8
1,125,2.833437246139684,8.440243024403474,-1,-1,4,-1,-1,-1
2,125,3.5129636971369025,2.673580775078667,-1,-1,-1,0,-1,-1
3,125,8.187661909773192,0.2037671335844116,-1,4,-1,2,2,2
4,125,12.0,1.240496034067604,5,-1,-1,-1,2,2
5,125,9.751992206531655,9.347283430846256,-1,7,-1,8,-1,-1
6,125,7.373942295018252,0.0,-1,-1,-1,1,-1,-1
7,125,0.5358607321954132,2.075373062769121,-1,-1,-1,-1,-1,0
8,125,5.53703891287164,2.243625671015606,-1,-1,-1,1,-1,-1
9,125,1.9566616530529384,9.5773478834396,-1,-1,-1,-1,6,-1
10,125,8.465125052197823,4.580694937826137,-1,3,-1,-1,-1,5
11,125,1.1212102471497616,3.5897565025741227,-1,5,5,-1,-1,-1
12,125,0.0,5.1305611285621815,-1,-1,-1,-1,3,-1
13,125,0.0,5.376852030070456,2,-1,-1,-1,3,-1
14,125,12.0,2.560398523914146,5,5,5,2,-1,-1
15,125,8.512966610239259,4.261599310721968,-1,-1,-1,5,-1,-1
16,125,9.789380243076025,0.0,-1,-1,-1,2,2,-1
17,125,10.866618056788246,10.81051312168946,2,2,-1,-1,-1,8
18,125,7.616539551048138,4.85097537926257,-1,-1,-1,-1,-1,4
19,125,4.787267232444648,2.347006231961,-1,-1,-1,1,1,-1
20,125,4.086561126135314,8.575389129332294,7,-1,-1,-1,-1,-1
21,125,1.8070520904492915,0.2730779820011176,5,-1,-1,-1,0,-1
22,125,0.0,0.7329827861431941,-1,2,2,-1,0,-1
23,125,10.92945905651437,11.048028967732131,-1,-1,-1,8,8,8
24,125,4.50519835874611,3.637936402676266,2,-1,3,-1,-1,-1
25,125,8.275633064585389,8.73386844950835,-1,-1,-1,-1,8,-1
26,125,11.484129530318464,9.044061644865046,2,-1,-1,-1,8,8
27,125,11.859494233690052,4.873505587523685,3,3,-1,-1,-1,-1
28,125,2.3529592485961817,5.440847962054483,-1,2,-1,3,-1,-1
29,125,7.359809161097558,8.652812368698404,-1,-1,6,-1,-1,7
0,130,11.999908327246962,9.449832687985392,-1,-1,-1,-1,-1,8
1,130,2.8629697494489323,8.447302593120622,-1,-1,4,-1,-1,-1
2,130,3.492283802900201,2.62078316622707,-1,-1,-1,0,-1,-1
3,130,8.216229539083137,0.1334956060305794,-1,5,-1,2,2,2
4,130,12.0,1.2192829620203045,2,-1,-1,-1,2,2
5,130,9.710231371839116,9.32707166255884,-1,7,-1,8,-1,-1
6,130,7.3863138236164065,0.0,-1,-1,-1,1,-1,-1
7,130,0.5246425255145558,2.1456435008828,-1,-1,-1,-1,-1,0
8,130,5.494419006639904,2.253284915975289,-1,-1,-1,1,-1,-1
9,130,1.9503432213216727,9.523101703035811,-1,-1,-1,-1,6,-1
10,130,8.516164919512436,4.601434330711926,-1,4,-1,-1,-1,5
11,130,1.0922998096453975,3.52409569002361,-1,5,5,-1,-1,-1
12,130,0.0,5.133421911105149,-1,-1,-1,-1,3,-1
13,130,0.0,5.341708559003591,2,-1,-1,-1,3,-1
14,130,12.0,2.587260001550244,5,5,5,2,-1,-1
15,130,8.480806198705631,4.327191534628556,-1,-1,-1,5,-1,-1
16,130,9.74860120627108,0.0,-1,-1,-1,2,2,-1
17,130,10.810570556387471,10.84474813185856,2,2,-1,-1,-1,8
18,130,7.684246170737682,4.90972261163829,-1,-1,-1,-1,-1,4
19,130,4.814440589495396,2.390411782026882,-1,-1,-1,1,1,-1
20,130,4.031295941225254,8.572992534507138,7,-1,-1,-1,-1,-1
21,130,1.7739800406285329,0.3410804760732056,5,-1,-1,-1,0,-1
22,130,0.0,0.7411029552545247,-1,2,2,-1,0,-1
23,130,10.877425061356607,11.0008639357883,-1,-1,-1,8,8,8
24,130,4.433406367935936,3.616960861226671,2,-1,2,-1,-1,-1
25,130,8.263570387068306,8.714372527679984,-1,-1,-1,-1,8,-1
26,130,11.531646659539884,9.0513331376362,2,-1,-1,-1,8,8
27,130,11.797154806854868,4.870406277102461,4,4,-1,-1,-1,-1
28,130,2.3884407453277285,5.425302666351229,-1,7,-1,3,-1,-1
29,130,7.375206572705437,8.597954307300716,-1,-1,6,-1,-1,7
0,135,11.999841250743824,9.505011038407307,-1,-1,-1,-1,-1,8
1,135,2.9091313981032547,8.458333159194456,-1,-1,4,-1,-1,-1
2,135,3.4745742972222757,2.5771917265197493,-1,-1,-1,0,-1,-1
3,135,8.225967566173345,0.1099560186883103,-1,5,-1,2,2,2
4,135,12.0,1.1858065689995945,2,-1,-1,-1,2,2
5,135,9.666150781050884,9.304462801464792,-1,7,-1,8,-1,-1
6,135,7.395614281990034,0.0,-1,-1,-1,1,-1,-1
7,135,0.5152011251647655,2.2016722336275616,-1,-1,-1,-1,-1,0
8,135,5.411413416983531,2.2702778852861747,-1,-1,-1,1,-1,-1
9,135,1.9437921115233456,9.475267525390596,-1,-1,-1,-1,6,-1
10,135,8.560067148099735,4.618260316934841,-1,4,-1,-1,-1,5
11,135,1.0686358939032108,3.4706843257658564,-1,5,5,-1,-1,-1
12,135,0.0,5.1361885911717415,-1,-1,-1,-1,3,-1
13,135,0.0,5.292787383043895,7,-1,-1,-1,3,-1
14,135,12.0,2.6087986870961246,5,5,5,2,-1,-1
15,135,8.449908737841199,4.390607095869421,-1,-1,-1,5,-1,-1
16,135,9.677473950101325,0.0,-1,-1,-1,2,2,-1
17,135,10.77537979006576,10.865901932543776,2,2,-1,-1,-1,8
18,135,7.73700815390427,4.954822867949431,-1,-1,-1,-1,-1,4
19,135,4.842441718582351,2.434351185834094,-1,-1,-1,1,1,-1
20,135,3.960993202368917,8.56851477475141,7,-1,-1,-1,-1,-1
21,135,1.7522989482191378,0.385886295386009,5,-1,-1,-1,0,-1
22,135,0.0,0.7501818657428841,-1,2,2,-1,0,-1
23,135,10.828631507740251,10.955973018744492,-1,-1,-1,8,8,8
24,135,4.377958488396381,3.6010057499678094,2,-1,2,-1,-1,-1
25,135,8.22925553944953,8.661129375483464,-1,-1,-1,-1,8,-1
26,135,11.57387928757713,9.058131777104368,2,-1,-1,-1,8,8
27,135,11.740430989560425,4.867080202450882,4,4,-1,-1,-1,-1
28,135,2.429907458658033,5.408070355278193,-1,2,-1,3,-1,-1
29,135,7.38644231999018,8.558205192156988,-1,-1,6,-1,-1,7
0,140,11.998964041831131,9.539090557618463,-1,-1,-1,-1,-1,8
1,140,2.9740237980947324,8.474150506989282,-1,-1,4,-1,-1,-1
2,140,3.4485577502942744,2.508021263959848,-1,-1,-1,0,-1,-1
3,140,8.24905371715382,0.057134900561297,-1,5,-1,2,2,2
4,140,12.0,1.1648326280529948,5,-1,-1,-1,2,2
5,140,9.616083783558825,9.279942607623552,-1,7,-1,8,-1,-1
6,140,7.418786684219308,0.0,-1,-1,-1,1,-1,-1
7,140,0.5025118117159559,2.281574846056166,-1,-1,-1,-1,-1,0
8,140,5.358293331436123,2.2805527334675184,-1,-1,-1,1,-1,-1
9,140,1.9349933438239837,9.409028582278774,-1,-1,-1,-1,6,-1
10,140,8.59227839067453,4.630063550996876,-1,3,-1,-1,-1,5
11,140,1.0448625283178827,3.414475485954251,-1,5,5,-1,-1,-1
12,140,0.0,5.139632683302843,-1,-1,-1,-1,3,-1
13,140,0.0,5.222830332280156,7,-1,-1,-1,3,-1
14,140,12.0,2.62876215678206,5,5,5,2,-1,-1
15,140,8.433978894709085,4.425669857689945,-1,-1,-1,5,-1,-1
16,140,9.619101194473608,0.0,-1,-1,-1,2,2,-1
17,140,10.729494456831976,10.894103789687264,2,2,-1,-1,-1,8
18,140,7.79014881774432,4.998540364154254,-1,-1,-1,-1,-1,4
19,140,4.872418151633035,2.4806712248763985,-1,-1,-1,1,1,-1
20,140,3.896052095337391,8.563558398668107,7,-1,-1,-1,-1,-1
21,140,1.7329379396578373,0.42722719272688,5,-1,-1,-1,0,-1
22,140,0.0,0.7579790929211809,-1,2,2,-1,0,-1
23,140,10.787787286119848,10.91917883964584,-1,-1,-1,8,8,8
24,140,4.332272235934206,3.587812437751011,2,-1,2,-1,-1,-1
25,140,8.19231051494701,8.605498088205035,-1,-1,-1,-1,8,-1
26,140,11.610133753821966,9.06380236069868,2,-1,-1,-1,8,8
27,140,11.697884361601377,4.864431797499613,4,4,-1,-1,-1,-1
28,140,2.4758643002818665,5.388158534836947,-1,2,-1,3,-1,-1
29,140,7.406696545074324,8.484018338000897,-1,-1,6,-1,-1,7
0,145,11.998309009156973,9.591504673284092,-1,-1,-1,-1,-1,8
1,145,3.0272206130243853,8.486911293529374,-1,-1,4,-1,-1,-1
2,145,3.426095755327557,2.451172018359833,-1,-1,-1,0,-1,-1
3,145,8.272900779845381,0.0040448050764658,-1,5,-1,2,2,2
4,145,12.0,1.1432375458100648,5,-1,-1,-1,2,2
5,145,9.546395697703844,9.247103108633306,-1,7,-1,8,-1,-1
6,145,7.430205269835081,0.0,-1,-1,-1,1,-1,-1
7,145,0.4900896004360522,2.3501414826654297,-1,-1,-1,-1,-1,0
8,145,5.309062171625429,2.28947227600905,-1,-1,-1,1,-1,-1
9,145,1.9312778671503397,9.382167471473617,-1,-1,-1,-1,6,-1
10,145,8.64952305104141,4.65033038381636,-1,3,-1,-1,-1,5
11,145,1.0229116984359885,3.3637032074616378,-1,5,5,-1,-1,-1
12,145,0.0,5.144780046368432,-1,-1,-1,-1,3,-1
13,145,0.0,5.194991913586434,7,-1,-1,-1,3,-1
14,145,12.0,2.6564298890913065,5,5,5,2,-1,-1
15,145,8.41332922576101,4.4742355656018615,-1,-1,-1,5,-1,-1
16,145,9.56144718722437,0.0,-1,-1,-1,2,2,-1
17,145,10.67407743298659,10.928866734365856,2,2,-1,-1,-1,8
18,145,7.829744447608305,5.031412261488679,-1,-1,-1,-1,-1,4
19,145,4.904760964447022,2.529748050578648,-1,-1,-1,1,1,-1
20,145,3.850367276396236,8.559206991368464,4,-1,-1,-1,-1,-1
21,145,1.7001006815465225,0.4995985787436043,5,-1,-1,-1,0,-1
22,145,0.0,0.7704181188496415,-1,2,2,-1,0,-1
23,145,10.75163695471059,10.88555622514823,-1,-1,-1,8,8,8
24,145,4.279496994603372,3.573872231540846,2,-1,5,-1,-1,-1
25,145,8.148972844083707,8.542589135293225,-1,-1,-1,-1,8,-1
26,145,11.633421421425346,9.067048395452712,2,-1,-1,-1,8,8
27,145,11.635722894981663,4.859752786631749,4,4,-1,-1,-1,-1
28,145,2.524370987762032,5.367207353308179,-1,2,-1,3,-1,-1
29,145,7.422961894561764,8.419388116847617,-1,-1,6,-1,-1,7
0,150,11.996304562930373,9.646598009621702,-1,-1,-1,-1,-1,8
1,150,3.066104011908334,8.49591736318372,-1,-1,4,-1,-1,-1
2,150,3.4057427872860453,2.394625674326182,-1,-1,-1,0,-1,-1
3,150,8.292102437703564,0.0,-1,5,-1,2,2,2
4,150,12.0,1.1324406255821249,5,-1,-1,-1,2,2
5,150,9.491699191947102,9.22193160608873,-1,7,-1,8,-1,-1
6,150,7.446649052448726,0.0,-1,-1,-1,1,-1,-1
7,150,0.4829384785805103,2.3952285174779764,-1,-1,-1,-1,-1,0
8,150,5.245369621208303,2.301109303749882,-1,-1,-1,1,-1,-1
9,150,1.9226353464828003,9.328497087450083,-1,-1,-1,-1,6,-1
10,150,8.693256278948867,4.665405880126509,-1,3,-1,-1,-1,5
11,150,1.0149570787315103,3.3452935530523247,-1,5,5,-1,-1,-1
12,150,0.0,5.147276194584959,-1,-1,-1,-1,3,-1
13,150,0.0,5.166424095340635,7,-1,-1,-1,3,-1
14,150,12.0,2.6705318717670576,2,2,5,2,-1,-1
15,150,8.390862030015043,4.527859643422885,-1,-1,-1,5,-1,-1
16,150,9.516836472655369,0.0,-1,-1,-1,2,2,-1
17,150,10.616247075745475,10.96507252312882,2,2,-1,-1,-1,8
18,150,7.87755412702198,5.071928904810819,-1,-1,-1,-1,-1,4
19,150,4.943707533901561,2.589301004842066,-1,-1,-1,1,1,-1
20,150,3.764960922149609,8.550685303278174,4,-1,-1,-1,-1,-1
21,150,1.6811800841545246,0.5439622266650724,5,-1,-1,-1,0,-1
22,150,0.0,0.7760882755420323,-1,2,2,-1,0,-1
23,150,10.714000119453132,10.850367034240527,-1,-1,-1,8,8,8
24,150,4.21833276764184,3.5591172132222826,2,-1,5,-1,-1,-1
25,150,8.12132076838272,8.503324932360309,-1,-1,-1,-1,8,-1
26,150,11.682984617588165,9.074476995688364,2,-1,-1,-1,8,8
27,150,11.596425812653388,4.85622217556301,4,4,-1,-1,-1,-1
28,150,2.5705976922448506,5.3464613578210205,-1,2,-1,3,-1,-1
29,150,7.437270495125827,8.366334816347702,-1,-1,6,-1,-1,7
0,155,11.995185561213928,9.698831036259447,-1,-1,-1,-1,-1,8
1,155,3.1216155048806398,8.510428376780803,-1,-1,4,-1,-1,-1
2,155,3.3843103184353005,2.334691163220391,-1,-1,-1,0,-1,-1
3,155,8.324912083654612,0.0,-1,5,-1,2,2,2
4,155,12.0,1.1148171163157568,5,-1,-1,-1,2,2
5,155,9.42695327288144,9.190352970707028,-1,7,-1,8,-1,-1
6,155,7.464106291215235,0.0,-1,-1,-1,1,-1,-1
7,155,0.4736272055740565,2.4577599723910453,-1,-1,-1,-1,-1,0
8,155,5.199596726191109,2.309595702266302,-1,-1,-1,1,-1,-1
9,155,1.915882109909802,9.283239834052328,-1,-1,-1,-1,6,-1
10,155,8.727495068556257,4.67719881659576,-1,3,-1,-1,-1,5
11,155,0.9911075322577456,3.2881598332776614,-1,5,5,-1,-1,-1
12,155,0.0,5.150759516995331,-1,-1,-1,-1,3,-1
13,155,0.0,5.128207262299249,7,-1,-1,-1,3,-1
14,155,12.0,2.694743019921278,2,2,5,2,-1,-1
15,155,8.372341081730378,4.577347735978252,-1,-1,-1,5,-1,-1
16,155,9.443088260809953,0.0,-1,-1,-1,2,2,-1
17,155,10.57060689285465,10.992650229786818,2,2,-1,-1,-1,8
18,155,7.916616842531718,5.10489646735015,-1,-1,-1,-1,-1,4
19,155,4.974708453906916,2.636377841998255,-1,-1,-1,1,1,-1
20,155,3.7180099315880777,8.546007137782121,4,-1,-1,-1,-1,-1
21,155,1.6616222175468949,0.5910796571717756,5,-1,-1,-1,0,-1
22,155,0.0,0.7857309789899877,-1,2,2,-1,0,-1
23,155,10.66897495794736,10.808463568181796,-1,-1,-1,8,8,8
24,155,4.157948905628169,3.545782173657889,1,-1,6,-1,-1,-1
25,155,8.09567409666552,8.466681978463967,-1,-1,-1,-1,8,-1
26,155,11.74118695788082,9.083443170808785,2,-1,-1,-1,8,8
27,155,11.511982817773411,4.8496968574322095,4,4,-1,-1,-1,-1
28,155,2.6193050674263114,5.324196319845767,-1,2,-1,3,-1,-1
29,155,7.450773979013313,8.312622067562973,-1,-1,6,-1,-1,7
0,160,11.994553580628574,9.773750107142016,-1,-1,-1,-1,-1,8
1,160,3.159595655014201,8.520165560222578,-1,-1,4,-1,-1,-1
2,160,3.36512832535488,2.283323487752648,-1,-1,-1,0,-1,-1
3,160,8.345916445361516,0.0,-1,5,-1,2,2,2
4,160,12.0,1.0940727421702845,2,-1,-1,-1,2,2
5,160,9.369410746092504,9.162222757705049,-1,7,-1,8,-1,-1
6,160,7.4795986838914,0.0,-1,-1,-1,1,-1,-1
7,160,0.4637541334493003,2.5200935371698128,-1,-1,-1,-1,-1,0
8,160,5.143973127636968,2.320375874722461,-1,-1,-1,1,-1,-1
9,160,1.9090040882330717,9.2423893057216,-1,-1,-1,-1,6,-1
10,160,8.769707310422142,4.692522317214781,-1,4,-1,-1,-1,5
11,160,0.9636644311243115,3.2160208647133417,-1,5,5,-1,-1,-1
12,160,0.0,5.155509317602555,-1,-1,-1,-1,3,-1
13,160,0.0,5.072489075928189,7,-1,-1,-1,3,-1
14,160,12.0,2.7078936922570738,2,2,2,2,-1,-1
15,160,8.357875049938736,4.615807247376529,-1,-1,-1,5,-1,-1
16,160,9.366715980497917,0.0,-1,-1,-1,2,2,-1
17,160,10.528304785196871,11.017676584334469,2,2,-1,-1,-1,8
18,160,7.944537813272679,5.129049038050987,-1,-1,-1,-1,-1,4
19,160,4.994809334431036,2.666705524511724,-1,-1,-1,1,1,-1
20,160,3.648854119027953,8.540680667057998,2,-1,-1,-1,-1,-1
21,160,1.6389115977241384,0.6455007494268531,5,-1,-1,-1,0,-1
22,160,0.0,0.7920358491424057,-1,2,2,-1,0,-1
23,160,10.62501458732112,10.76758485566409,-1,-1,-1,8,8,8
24,160,4.077941312751627,3.526510252182308,1,-1,1,-1,-1,-1
25,160,8.044868790233428,8.395749576921036,-1,-1,-1,-1,8,-1
26,160,11.787039030056311,9.090256339319025,2,-1,-1,-1,8,8
27,160,11.493490505175744,4.848278810302729,4,4,-1,-1,-1,-1
28,160,2.6830178226829355,5.29573466337184,-1,2,-1,3,-1,-1
29,160,7.471584809974984,8.22872955759614,-1,-1,6,-1,-1,7
0,165,11.993972013951936,9.826779043694614,-1,-1,-1,-1,-1,8
1,165,3.204971460501316,8.530433597300677,-1,-1,4,-1,-1,-1
2,165,3.3503054863677386,2.2414671144891147,-1,-1,-1,0,-1,-1
3,165,8.36793383337832,0.0,-1,5,-1,2,2,2
4,165,12.0,1.0769419905022526,2,-1,-1,-1,2,2
5,165,9.339779686302206,9.149040784224782,-1,7,-1,8,-1,-1
6,165,7.490334103956393,0.0,-1,-1,-1,1,-1,-1
7,165,0.4500420778989709,2.5982253195168967,-1,-1,-1,-1,-1,0
8,165,5.071698417881018,2.3353528505947616,-1,-1,-1,1,-1,-1
9,165,1.9015558050490893,9.18501477041282,-1,-1,-1,-1,6,-1
10,165,8.817896145894435,4.710762890065895,-1,4,-1,-1,-1,5
11,165,0.9479442617083744,3.170888640896098,-1,5,5,-1,-1,-1
12,165,0.0,5.158913053561491,-1,-1,-1,-1,3,-1
13,165,0.0,5.035027675334738,2,-1,-1,-1,3,-1
14,165,12.0,2.7269092104326664,2,5,5,2,-1,-1
15,165,8.341528887671643,4.661420649543816,-1,-1,-1,5,-1,-1
16,165,9.32484178570406,0.0,-1,-1,-1,2,2,-1
17,165,10.4921561316086,11.039564303189271,2,2,-1,-1,-1,8
18,165,7.994944755982552,5.175020968890488,-1,-1,-1,-1,-1,4
19,165,5.021756033723526,2.7059781610708407,-1,-1,-1,1,1,-1
20,165,3.567468206665657,8.534882761790106,2,-1,-1,-1,-1,-1
21,165,1.615072961125971,0.7079567916611913,7,-1,-1,-1,0,-1
22,165,0.0,0.7992170514351675,-1,2,2,-1,0,-1
23,165,10.573611282335571,10.719827137799255,-1,-1,-1,8,8,8
24,165,4.017565396244058,3.510982729459778,1,-1,6,-1,-1,-1
25,165,8.025856314442677,8.369179647297075,-1,-1,-1,-1,8,-1
26,165,11.79205769992163,9.05616778573846,2,-1,-1,-1,8,8
27,165,11.448905915063463,4.844699439700038,4,4,-1,-1,-1,-1
28,165,2.7578961505361907,5.262832809333312,-1,2,-1,3,-1,-1
29,165,7.485835424442088,8.16995717789598,-1,-1,6,-1,-1,7
0,170,11.992994770294228,9.876133793847176,-1,-1,-1,-1,-1,8
1,170,3.263929110708124,8.545989389026772,-1,-1,4,-1,-1,-1
2,170,3.3279434228552525,2.1757888436685704,-1,-1,-1,0,-1,-1
3,170,8.394861753606177,0.0,-1,5,-1,2,2,2
4,170,12.0,1.056140112687955,2,-1,-1,-1,2,2
5,170,9.288093505208394,9.12551716004296,-1,7,-1,8,-1,-1
6,170,7.497248850068633,0.0,-1,-1,-1,1,-1,-1
7,170,0.4407098753794097,2.660862374811074,-1,-1,-1,-1,-1,0
8,170,5.021926068440327,2.345236230481336,-1,-1,-1,1,-1,-1
9,170,1.8959773185418851,9.14073036609931,-1,-1,-1,-1,6,-1
10,170,8.876784803514525,4.732201921520078,-1,3,-1,-1,-1,5
11,170,0.922024584341276,3.099718408236724,-1,5,3,-1,-1,-1
12,170,0.0,5.160417387296942,-1,-1,-1,-1,3,-1
13,170,0.0,4.994226897200202,2,-1,-1,-1,3,-1
14,170,12.0,2.7408499074217123,2,2,2,2,-1,-1
15,170,8.321482822150736,4.714243747093114,-1,-1,-1,5,-1,-1
16,170,9.284897472227756,0.0,-1,-1,-1,2,2,-1
17,170,10.449063134627682,11.066819709771307,2,2,-1,-1,-1,8
18,170,8.029369603101937,5.206923218977342,-1,-1,-1,-1,-1,5
19,170,5.060996568677178,2.7608409003466425,-1,-1,-1,1,1,-1
20,170,3.537664256017269,8.532614449213497,2,-1,-1,-1,-1,-1
21,170,1.5940684704808117,0.766250989064697,7,-1,-1,-1,0,-1
22,170,0.0,0.8044884506667364,-1,2,2,-1,0,-1
23,170,10.566568294273022,10.71359047935475,-1,-1,-1,8,8,8
24,170,3.970600296997092,3.498755129801466,5,-1,5,-1,-1,-1
25,170,8.000787209085258,8.332632876726523,-1,-1,-1,-1,8,-1
26,170,11.798064905386974,9.015539957108818,2,-1,-1,-1,8,8
27,170,11.389815361606557,4.839043382136857,4,4,-1,-1,-1,-1
28,170,2.820619557079274,5.237409366044667,-1,2,-1,3,-1,-1
29,170,7.494897289448688,8.132765520587201,-1,-1,6,-1,-1,7
0,175,11.992028021986023,9.911232776070989,-1,-1,-1,-1,-1,8
1,175,3.354146428615374,8.570045669562404,-1,-1,4,-1,-1,-1
2,175,3.302807744388354,2.105049568053209,-1,-1,-1,0,-1,-1
3,175,8.41081367236746,0.0,-1,5,-1,2,2,2
4,175,12.0,1.0373262237631384,2,-1,-1,-1,2,2
5,175,9.225770360173296,9.096161752214364,-1,7,-1,8,-1,-1
6,175,7.447340360990474,0.0,-1,-1,-1,1,-1,-1
7,175,0.4285983609115745,2.7354933266821293,-1,-1,-1,-1,-1,0
8,175,4.953510375186369,2.36061975405676,-1,-1,-1,1,-1,-1
9,175,1.8873078749020675,9.07189583601083,-1,-1,-1,-1,6,-1
10,175,8.890417968583446,4.737990666538932,-1,4,-1,-1,-1,5
11,175,0.8982626699363774,3.0348894476419965,-1,5,3,-1,-1,-1
12,175,0.0,5.162872891930335,-1,-1,-1,-1,3,-1
13,175,0.0,4.953134851594957,2,-1,-1,-1,3,-1
14,175,12.0,2.759920011646285,2,2,2,2,-1,-1
15,175,8.308296685713117,4.750210458327858,-1,-1,-1,5,-1,-1
16,175,9.23550333036076,0.0,-1,-1,-1,2,2,-1
17,175,10.38990600122689,11.102330707413946,2,2,-1,-1,-1,8
18,175,8.08355596893385,5.254837038456391,-1,-1,-1,-1,-1,5
19,175,5.115313737248612,2.8408686175120224,-1,-1,-1,1,1,-1
20,175,3.478209153381779,8.53026287999353,2,-1,-1,-1,-1,-1
21,175,1.584960570200811,0.7930520367061648,7,-1,-1,-1,0,-1
22,175,0.0,0.8119828713624713,-1,2,2,-1,0,-1
23,175,10.52228158982444,10.67340098240162,-1,-1,-1,8,8,8
24,175,3.900742493035338,3.480279471568914,5,-1,5,-1,-1,-1
25,175,7.974322119113705,8.29529530219638,-1,-1,-1,-1,7,-1
26,175,11.808070270522157,8.95016314437351,2,-1,-1,-1,8,8
27,175,11.330396783684758,4.832683449180131,4,4,-1,-1,-1,-1
28,175,2.886569678049504,5.213414685384841,-1,2,-1,3,-1,-1
29,175,7.509871660444546,8.069980573893847,-1,-1,6,-1,-1,7
0,180,11.988666434063289,9.997620177435124,-1,-1,-1,-1,-1,8
1,180,3.440085898381653,8.591824999639945,-1,-1,4,-1,-1,-1
2,180,3.2822197998792224,2.0518095959973706,-1,-1,-1,0,-1,-1
3,180,8.430737719373475,0.0,-1,5,-1,2,2,2
4,180,12.0,1.0198230901874998,2,-1,-1,-1,2,2
5,180,9.182794354780428,9.075751712699484,-1,7,-1,8,-1,-1
6,180,7.370921663711449,0.0,-1,-1,-1,1,-1,-1
7,180,0.4168992627454032,2.806906313248925,-1,-1,-1,-1,-1,0
8,180,4.909162548621048,2.3694434272457223,-1,-1,-1,1,-1,-1
9,180,1.8782553650967744,8.99365404252305,-1,-1,-1,-1,6,-1
10,180,8.926183443350657,4.753737742584968,-1,3,-1,-1,-1,5
11,180,0.8741841751335085,2.965874313133556,-1,5,5,-1,-1,-1
12,180,0.0,5.165263012803612,-1,-1,-1,-1,3,-1
13,180,0.0,4.893617016590835,2,-1,-1,-1,3,-1
14,180,12.0,2.779054304898674,2,2,2,2,-1,-1
15,180,8.291958412070878,4.79100903242194,-1,-1,-1,5,-1,-1
16,180,9.212818365859626,0.0652881471440026,-1,-1,-1,2,2,-1
17,180,10.330357469326287,11.136881184868644,2,2,-1,-1,-1,8
18,180,8.134275817811236,5.3000520693396895,-1,-1,-1,-1,-1,5
19,180,5.156298710808102,2.901883099457671,-1,-1,-1,1,1,-1
20,180,3.4019811231843597,8.527019649380163,4,-1,-1,-1,-1,-1
21,180,1.5631844379728272,0.8645702141748879,7,-1,-1,-1,0,-1
22,180,0.0,0.8162594768544288,-1,2,2,-1,0,-1
23,180,10.501937532246313,10.655057541799604,-1,-1,-1,8,8,8
24,180,3.8433644961379887,3.465002851342573,5,-1,5,-1,-1,-1
25,180,7.939340352356184,8.24671420430712,-1,-1,-1,-1,7,-1
26,180,11.818865502580724,8.891282922671026,2,-1,-1,-1,8,8
27,180,11.2775548499391,4.826901952320999,4,3,-1,-1,-1,-1
28,180,2.9252043241419,5.2001569790276285,-1,2,-1,3,-1,-1
29,180,7.52346049925142,8.010880752673073,-1,-1,6,-1,-1,7
0,185,11.986182453365853,10.068799367823434,-1,-1,-1,-1,-1,8
1,185,3.49238309347782,8.605564230081825,-1,-1,2,-1,-1,-1
2,185,3.2678037992014164,2.009740331776776,-1,-1,-1,0,-1,-1
3,185,8.454474183451907,0.0,-1,5,-1,2,2,2
4,185,12.0,1.0179225130509817,2,-1,-1,-1,2,2
5,185,9.108127901546087,9.040088804564396,-1,7,-1,8,-1,-1
6,185,7.306190820180825,0.0,-1,-1,-1,1,-1,-1
7,185,0.406902505831998,2.8775956101579765,-1,-1,-1,-1,-1,0
8,185,4.84998475473927,2.381883552453214,-1,-1,-1,1,-1,-1
9,185,1.8728055820720748,8.951148319991743,-1,-1,-1,-1,6,-1
10,185,8.998954420369287,4.786590678087899,-1,3,-1,-1,-1,5
11,185,0.8529210574946535,2.9006013504575923,-1,5,5,-1,-1,-1
12,185,0.0,5.168478888989919,-1,-1,-1,-1,3,-1
13,185,0.0,4.8523722763145,7,-1,-1,-1,3,-1
14,185,12.0,2.79467403655669,2,2,2,2,-1,-1
15,185,8.263410998171702,4.857394841748028,-1,-1,-1,5,-1,-1
16,185,9.191859484284178,0.1287511024113025,-1,-1,-1,2,2,-1
17,185,10.29328889083361,11.158248318190262,2,2,-1,-1,-1,8
18,185,8.166079719556762,5.330514803835508,-1,-1,-1,-1,-1,5
19,185,5.180382091765197,2.937062699102455,-1,-1,-1,1,1,-1
20,185,3.343598267570264,8.525899842498443,4,-1,-1,-1,-1,-1
21,185,1.54402098833774,0.9273879802574962,7,-1,-1,-1,0,-1
22,185,0.0,0.8202660405962732,-1,2,2,-1,0,-1
23,185,10.45751799230109,10.615967144089025,-1,-1,-1,8,8,8
24,185,3.794212026005104,3.4522328569781906,5,-1,5,-1,-1,-1
25,185,7.906586805769659,8.199109029985552,-1,-1,-1,-1,7,-1
26,185,11.863445360035602,8.90007752810907,2,-1,-1,-1,8,8
27,185,11.233229685821469,4.822596652165892,4,4,-1,-1,-1,-1
28,185,2.958872514982808,5.1887388701856025,-1,2,-1,3,-1,-1
29,185,7.540491062584285,7.941999028523084,-1,-1,6,-1,-1,4
0,190,11.985000558508563,10.151772604775358,-1,-1,-1,-1,-1,8
1,190,3.5439747125538705,8.620088425486355,-1,-1,2,-1,-1,-1
2,190,3.257504597397272,1.9816438812210109,-1,-1,-1,0,-1,-1
3,190,8.483276551392485,0.0,-1,5,-1,2,2,2
4,190,12.0,1.0016595296064557,2,-1,-1,-1,2,2
5,190,9.053010723060837,9.012750137985169,-1,2,-1,8,-1,-1
6,190,7.228173398173591,0.0,-1,-1,-1,1,-1,-1
7,190,0.3987919171430147,2.9462231244881503,-1,-1,-1,-1,-1,0
8,190,4.804115492379274,2.3914814195353884,-1,-1,-1,1,-1,-1
9,190,1.867566119787681,8.910895628998123,-1,-1,-1,-1,6,-1
10,190,9.044570047809918,4.805452434001178,-1,4,-1,-1,-1,5
11,190,0.8331743270702935,2.842770077039982,-1,5,5,-1,-1,-1
12,190,0.0,5.171550186313433,-1,-1,-1,-1,3,-1
13,190,0.0,4.787456813916675,7,-1,-1,-1,3,-1
14,190,12.0,2.8125174961284545,2,2,2,2,-1,-1
15,190,8.24410323184072,4.900537096082579,-1,-1,-1,5,-1,-1
16,190,9.182359971938489,0.1596225558913041,-1,-1,-1,2,2,-1
17,190,10.236722312318731,11.18921582727281,2,2,-1,-1,-1,8
18,190,8.201598790978869,5.363922129248278,-1,-1,-1,-1,-1,5
19,190,5.219605989687503,2.995602425361091,-1,-1,-1,1,1,-1
20,190,3.277526759034131,8.5267927123182,4,-1,-1,-1,-1,-1
21,190,1.5244339172377928,0.9883626071305516,7,-1,-1,-1,0,-1
22,190,0.0,0.8252303206320942,-1,2,2,-1,0,-1
23,190,10.407698478249126,10.573351989609227,-1,-1,-1,8,8,8
24,190,3.7485783015549594,3.440567544537306,5,-1,5,-1,-1,-1
25,190,7.875523977499165,8.154250128457578,-1,-1,-1,-1,7,-1
26,190,11.913875406065957,8.910734982357642,2,-1,-1,-1,8,8
27,190,11.179222843605718,4.816653894355516,4,4,-1,-1,-1,-1
28,190,3.026665577708387,5.163732365385028,-1,3,-1,3,-1,-1
29,190,7.556943826975992,7.884057722877299,-1,-1,6,-1,-1,4
0,195,11.984997878428334,10.219337872562946,-1,-1,-1,-1,-1,8
1,195,3.5801315186221125,8.629144548232267,-1,-1,4,-1,-1,-1
2,195,3.2426214932507453,1.9402081712677628,-1,-1,-1,0,-1,-1
3,195,8.509055255657834,0.0,-1,5,-1,2,2,2
4,195,12.0,0.987524467940362,2,-1,-1,-1,2,2
5,195,9.004818028066492,8.988048693075811,-1,2,-1,8,-1,-1
6,195,7.1689942615890745,0.0,-1,-1,-1,1,-1,-1
7,195,0.3910763192134762,3.011092351630099,-1,-1,-1,-1,-1,0
8,195,4.75299360581668,2.401501780370548,-1,-1,-1,1,-1,-1
9,195,1.8611355491277448,8.865899390640672,-1,-1,-1,-1,6,-1
10,195,9.08779494938656,4.823590656688376,-1,4,-1,-1,-1,5
11,195,0.8169364855483277,2.794685084827808,-1,5,5,-1,-1,-1
12,195,0.0,5.174942401395123,-1,-1,-1,-1,3,-1
13,195,0.0,4.751020212313854,7,-1,-1,-1,3,-1
14,195,12.0,2.827471682501973,2,2,2,2,-1,-1
15,195,8.223286201002772,4.947032399573328,-1,-1,-1,5,-1,-1
16,195,9.16170988801809,0.2192493558636885,-1,-1,-1,2,2,-1
17,195,10.19166877022256,11.213919499600726,2,2,-1,-1,-1,8
18,195,8.240695016370278,5.402992642268694,-1,-1,-1,-1,-1,5
19,195,5.243894317071475,3.0333330891171597,-1,-1,-1,1,1,-1
20,195,3.2142437326043938,8.529874387666338,4,-1,-1,-1,-1,-1
21,195,1.5088858537788647,1.0379264352841098,7,-1,-1,-1,0,-1
22,195,0.0,0.8321568317943585,-1,2,2,-1,0,-1
23,195,10.36647723749894,10.536563139928354,-1,-1,-1,8,8,8
24,195,3.678813265600996,3.423409085790381,1,-1,6,-1,-1,-1
25,195,7.843790728848246,8.108680114036716,-1,-1,-1,-1,7,-1
26,195,11.979621472273774,8.922049526208731,2,-1,-1,-1,8,8
27,195,11.106691751282654,4.809548968148992,4,4,-1,-1,-1,-1
28,195,3.064284541538685,5.150142176662384,-1,3,-1,3,-1,-1
29,195,7.5705027136900656,7.838673309157936,-1,-1,6,-1,-1,4
0,200,11.985208380825894,10.27019061847563,-1,-1,-1,-1,-1,8
1,200,3.64258401282869,8.644546609379043,-1,-1,4,-1,-1,-1
2,200,3.226301616696944,1.8952943961735764,-1,-1,-1,0,-1,-1
3,200,8.526472924175913,0.0,-1,5,-1,2,2,2
4,200,12.0,0.9755335223209104,2,-1,-1,-1,2,2
5,200,8.936508402596214,8.952464521871857,-1,2,-1,8,-1,-1
6,200,7.097579243042191,0.0,-1,-1,-1,1,-1,-1
7,200,0.3791411137990342,3.0922050607165423,-1,-1,-1,-1,-1,0
8,200,4.704582448609661,2.410990200560752,-1,-1,-1,1,-1,-1
9,200,1.855948910458036,8.827019500459874,-1,-1,-1,-1,6,-1
10,200,9.157559088988553,4.852286722705697,-1,4,-1,-1,-1,5
11,200,0.8002043647212537,2.746589917051647,-1,5,5,-1,-1,-1
12,200,0.0,5.177298568831774,-1,-1,-1,-1,3,-1
13,200,0.0,4.694317854209539,7,-1,-1,-1,3,-1
14,200,12.0,2.8530046457243907,2,2,2,2,-1,-1
15,200,8.208310446768303,4.981338771313906,-1,-1,-1,5,-1,-1
16,200,9.154337649245786,0.2400557113301238,-1,-1,-1,2,2,-1
17,200,10.142954616288709,11.24062239858891,2,2,-1,-1,-1,8
18,200,8.268312424603309,5.430261135858178,-1,-1,-1,-1,-1,5
19,200,5.299511991929636,2.998150461832996,-1,-1,-1,1,1,-1
20,200,3.138853971887724,8.532110330009052,4,-1,-1,-1,-1,-1
21,200,1.4958922236674757,1.081605510887086,7,-1,-1,-1,0,-1
22,200,0.0,0.837493142663177,-1,2,2,-1,0,-1
23,200,10.306545107017335,10.482391925197373,-1,-1,-1,8,8,8
24,200,3.601239887400859,3.403808691203181,6,-1,6,-1,-1,-1
25,200,7.828421927263691,8.086947230453577,-1,-1,-1,-1,7,-1
26,200,12.0,8.930561169035002,2,-1,-1,-1,8,8
27,200,11.06042625797407,4.804269877489912,4,4,-1,-1,-1,-1
28,200,3.110953587417962,5.132771305807003,-1,3,-1,3,-1,-1
29,200,7.586762497639909,7.78524762130617,-1,-1,6,-1,-1,4
0,205,11.984218625947252,10.329915952710234,-1,-1,-1,-1,-1,8
1,205,3.696455197876192,8.656660877506637,-1,-1,4,-1,-1,-1
2,205,3.1988532570119306,1.829270788219816,-1,-1,-1,0,-1,-1
3,205,8.550446347850274,0.0,-1,5,-1,2,2,2
4,205,12.0,0.9701809006527984,2,-1,-1,-1,2,2
5,205,8.880387109143724,8.92381607583194,-1,2,-1,8,-1,-1
6,205,7.046968327882911,0.0,-1,-1,-1,1,-1,-1
7,205,0.3746279951665623,3.1239702806752776,-1,-1,-1,-1,-1,0
8,205,4.660112283239783,2.4198682503211524,-1,-1,-1,1,-1,-1
9,205,1.8518766429319204,8.783712280275196,-1,-1,-1,-1,6,-1
10,205,9.216912245588768,4.876221598941478,-1,4,-1,-1,-1,5
11,205,0.7804236158429108,2.6930423324909647,-1,5,5,-1,-1,-1
12,205,0.0,5.182287203805753,-1,-1,-1,-1,3,-1
13,205,0.0,4.6471079885862405,7,-1,-1,-1,3,-1
14,205,12.0,2.8709857370190863,2,2,2,2,-1,-1
15,205,8.184923319008838,5.036944120153765,-1,-1,-1,5,-1,-1
16,205,9.13413747283381,0.2964519744360759,-1,-1,-1,2,2,-1
17,205,10.075019429857466,11.278827726204064,2,2,-1,-1,-1,8
18,205,8.31990080420651,5.48363735138788,-1,-1,-1,-1,-1,5
19,205,5.337314473827406,2.974317884814423,-1,-1,-1,1,1,-1
20,205,3.076125461758797,8.535102800040304,4,-1,-1,-1,-1,-1
21,205,1.48172647513301,1.1272839871502784,7,-1,-1,-1,0,-1
22,205,0.0,0.8446078476114923,-1,2,2,-1,0,-1
23,205,10.274308430802035,10.45495500659881,-1,-1,-1,8,8,8
24,205,3.559531035301833,3.393140266786087,6,-1,6,-1,-1,-1
25,205,7.789664413425847,8.038249435064744,-1,-1,-1,-1,7,-1
26,205,12.0,8.935763076073997,2,-1,-1,-1,8,8
27,205,11.02427067245698,4.800640977987015,4,4,-1,-1,-1,-1
28,205,3.1051138292678484,5.117651126193675,-1,3,-1,3,-1,-1
29,205,7.602582172725121,7.728247749812151,-1,-1,6,-1,-1,4
0,210,11.980934170027808,10.410291815621347,-1,-1,-1,-1,-1,8
1,210,3.7493883456608863,8.667656561126522,-1,-1,4,-1,-1,-1
2,210,3.17307297491337,1.766244208933421,-1,-1,-1,0,-1,-1
3,210,8.567088625349632,0.0,-1,5,-1,2,2,2
4,210,12.0,0.9564096142774764,2,-1,-1,-1,2,2
5,210,8.808701050208258,8.883196175541736,-1,7,-1,8,-1,-1
6,210,6.979257816866658,0.0,-1,-1,-1,1,-1,-1
7,210,0.3677557212421127,3.180540775178513,-1,-1,-1,-1,-1,0
8,210,4.621263801790346,2.4275819411332997,-1,-1,-1,1,-1,-1
9,210,1.847873492859777,8.729445249249753,-1,-1,-1,-1,6,-1
10,210,9.273715740831074,4.900858583480356,-1,3,-1,-1,-1,5
11,210,0.7530368974648937,2.620605985511808,-1,5,5,-1,-1,-1
12,210,0.0,5.187290051214688,-1,-1,-1,-1,3,-1
13,210,0.0,4.6228840625389385,7,-1,-1,-1,3,-1
14,210,12.0,2.893964085013966,2,2,2,2,-1,-1
15,210,8.171006830465274,5.069506468662906,-1,-1,-1,5,-1,-1
16,210,9.117454786052251,0.3478484294501537,-1,-1,-1,2,2,-1
17,210,10.02878283307142,11.304054564701346,2,2,-1,-1,-1,8
18,210,8.35373275822189,5.518200092984672,-1,-1,-1,-1,-1,5
19,210,5.37719979398974,2.9500975443774395,-1,-1,-1,1,1,-1
20,210,3.01485172010066,8.538225589117637,4,-1,-1,-1,-1,-1
21,210,1.460358610454512,1.202462911771337,7,-1,-1,-1,0,-1
22,210,0.0,0.852128076166148,-1,2,2,-1,0,-1
23,210,10.224202803717718,10.411173103001795,-1,-1,-1,8,8,8
24,210,3.514577969623025,3.383269190942572,3,-1,3,-1,-1,-1
25,210,7.77558371377351,8.020960420913237,-1,-1,-1,-1,7,-1
26,210,12.0,8.940979213193659,2,-1,-1,-1,8,8
27,210,10.995572159271342,4.798113335029177,4,4,-1,-1,-1,-1
28,210,3.0862288286072115,5.071386189216572,-1,3,-1,3,-1,-1
29,210,7.617682796151183,7.677310969484367,-1,-1,6,-1,-1,4
0,215,11.978330317338418,10.468053378298142,-1,-1,-1,-1,-1,8
1,215,3.7940780620778334,8.677244708192045,-1,-1,4,-1,-1,-1
2,215,3.141742543323408,1.6927497103830595,-1,-1,-1,0,-1,-1
3,215,8.58894396191084,0.0,-1,5,-1,2,2,2
4,215,12.0,0.9399320354843792,2,-1,-1,-1,2,2
5,215,8.767071439491529,8.859801472052997,-1,7,-1,8,-1,-1
6,215,6.929213930500037,0.0,-1,-1,-1,1,-1,-1
7,215,0.3630427635163114,3.217608165246519,-1,-1,-1,-1,-1,0
8,215,4.579750940553546,2.435447950615877,-1,-1,-1,1,-1,-1
9,215,1.8407446143442836,8.651823068877336,-1,-1,-1,-1,6,-1
10,215,9.317598505823886,4.918312341860726,-1,3,-1,-1,-1,5
11,215,0.7355009648334317,2.5726666023734297,-1,5,5,-1,-1,-1
12,215,0.0,5.194394362193696,-1,-1,-1,-1,3,-1
13,215,0.0,4.580021315799377,2,-1,-1,-1,3,-1
14,215,12.0,2.918405854049256,2,2,2,2,-1,-1
15,215,8.14608517971856,5.126931533748462,-1,-1,-1,5,-1,-1
16,215,9.10254140693701,0.3962553987088281,-1,-1,-1,2,2,-1
17,215,9.968631337283805,11.335700209577496,2,2,-1,-1,-1,8
18,215,8.386569234674404,5.550047484353756,-1,-1,-1,-1,-1,5
19,215,5.432419114529574,2.9166619841499406,-1,-1,-1,1,1,-1
20,215,2.973029802764424,8.540688271002281,4,-1,-1,-1,-1,-1
21,215,1.4393529136580252,1.2759842378597817,7,-1,-1,-1,0,-1
22,215,0.0,0.859466538508347,-1,2,2,-1,0,-1
23,215,10.19849027170185,10.386956710567452,-1,-1,-1,8,8,8
24,215,3.413684274948921,3.3636619570825785,3,-1,6,-1,-1,-1
25,215,7.739545958334521,7.976292399198303,-1,-1,-1,-1,4,-1
26,215,12.0,8.951876023245733,2,-1,-1,-1,8,8
27,215,10.931985787152929,4.793186123699969,4,4,-1,-1,-1,-1
28,215,3.0650354769006083,5.018850731073134,-1,3,-1,3,-1,-1
29,215,7.632861376253107,7.627749630823041,-1,-1,6,-1,-1,4
0,220,11.975406007668251,10.513542597544497,-1,-1,-1,-1,-1,8
1,220,3.852605994547927,8.690545439898994,-1,-1,7,-1,-1,-1
2,220,3.1328798350551605,1.6719799618121272,-1,-1,-1,0,-1,-1
3,220,8.604172136842456,0.0,-1,5,-1,2,2,2
4,220,12.0,0.9218815026274788,2,-1,-1,-1,2,2
5,220,8.692478042188062,8.816442352104424,-1,2,-1,8,-1,-1
6,220,6.8723234200077,0.0,-1,-1,-1,1,-1,-1
7,220,0.3558325772987043,3.2724655869767467,-1,-1,-1,-1,-1,0
8,220,4.531814152500576,2.4451882354367207,-1,-1,-1,1,-1,-1
9,220,1.8351912575089653,8.608560342282109,-1,-1,-1,-1,6,-1
10,220,9.357610744422743,4.934121100398525,-1,3,-1,-1,-1,5
11,220,0.7170650002677897,2.524596486696257,-1,5,5,-1,-1,-1
12,220,0.0,5.201461691657401,-1,-1,-1,-1,3,-1
13,220,0.0,4.536505286702196,2,-1,-1,-1,3,-1
14,220,12.0,2.939578391396509,2,2,2,2,-1,-1
15,220,8.12710275257975,5.167805192003255,-1,-1,-1,5,-1,-1
16,220,9.09389922410178,0.4230132443173593,-1,-1,-1,2,2,-1
17,220,9.913793246761736,11.36574056793201,2,2,-1,-1,-1,8
18,220,8.40642246683169,5.569765212729839,-1,-1,-1,-1,-1,5
19,220,5.473668551744368,2.892696966763384,-1,-1,-1,1,1,-1
20,220,2.921923785747424,8.544263300081866,4,-1,-1,-1,-1,-1
21,220,1.4269071811047545,1.3240466440003156,7,-1,-1,-1,0,-1
22,220,0.0,0.8659243822355861,-1,2,2,-1,0,-1
23,220,10.16023201563965,10.350927530272024,-1,-1,-1,8,8,8
24,220,3.373245251099727,3.355814718563898,3,-1,3,-1,-1,-1
25,220,7.713536920562596,7.944228094294234,-1,-1,-1,-1,4,-1
26,220,12.0,8.959515413328676,2,-1,-1,-1,8,8
27,220,10.879476312702884,4.789248622992019,4,4,-1,-1,-1,-1
28,220,3.045207577564778,4.968301780883006,-1,3,-1,3,-1,-1
29,220,7.647646571945199,7.580441227866866,-1,-1,6,-1,-1,4
0,225,11.971659091035574,10.565011525364884,-1,-1,-1,-1,-1,8
1,225,3.898827981980361,8.701374003091738,-1,-1,7,-1,-1,-1
2,225,3.1055618085024035,1.610345190559381,-1,-1,-1,0,-1,-1
3,225,8.619115675766649,0.0,-1,5,-1,2,2,2
4,225,12.0,0.908414966877408,2,-1,-1,-1,2,2
5,225,8.642915446473834,8.787231118205675,-1,2,-1,8,-1,-1
6,225,6.8179819291501245,0.0,-1,-1,-1,1,-1,-1
7,225,0.3459643630954727,3.349000052703256,-1,-1,-1,-1,-1,0
8,225,4.487446552986802,2.4535499414388187,-1,-1,-1,1,-1,-1
9,225,1.8306256313710163,8.572857762555573,-1,-1,-1,-1,6,-1
10,225,9.403168100651738,4.950978579591995,-1,4,-1,-1,-1,5
11,225,0.6971142848094593,2.4676208621289706,-1,5,5,-1,-1,-1
12,225,0.0,5.213249689218162,-1,-1,-1,-1,3,-1
13,225,0.0,4.493760288529864,2,-1,-1,-1,3,-1
14,225,12.0,2.972353187785977,5,5,5,2,-1,-1
15,225,8.113398722620385,5.196687356716256,-1,-1,-1,5,-1,-1
16,225,9.080343566478202,0.4667308902917064,-1,-1,-1,2,2,-1
17,225,9.861978852008182,11.39509244365901,2,2,-1,-1,-1,8
18,225,8.44246109476083,5.605582129374947,-1,-1,-1,-1,-1,5
19,225,5.527299755995628,2.859932327895199,-1,-1,-1,1,1,-1
20,225,2.8672462247276176,8.547788151951599,4,-1,-1,-1,-1,-1
21,225,1.4145969537444218,1.3748037241298388,7,-1,-1,-1,0,-1
22,225,0.0,0.8765974353363934,-1,2,2,-1,0,-1
23,225,10.128734472327189,10.321551489083667,-1,-1,-1,8,8,8
24,225,3.315939089008868,3.3442604019410958,3,-1,3,-1,-1,-1
25,225,7.670527324836623,7.890968102138197,-1,-1,-1,-1,4,-1
26,225,12.0,8.908652538123222,2,-1,-1,-1,8,8
27,225,10.805543575877673,4.783696962704763,4,4,-1,-1,-1,-1
28,225,3.020147646252694,4.908901094189455,-1,3,-1,3,-1,-1
29,225,7.670254205798937,7.505276853451534,-1,-1,6,-1,-1,4
0,230,11.96776318776411,10.61938344379782,-1,-1,-1,-1,-1,8
1,230,3.9509298108284754,8.71316463618985,-1,-1,7,-1,-1,-1
2,230,3.081127161177061,1.553236715908172,-1,-1,-1,0,-1,-1
3,230,8.641153203187308,0.0,-1,5,-1,2,2,2
4,230,12.0,0.8903971543673723,2,-1,-1,-1,2,2
5,230,8.58595569787245,8.753090809264634,-1,2,-1,8,-1,-1
6,230,6.7547137286042735,0.0,-1,-1,-1,1,-1,-1
7,230,0.3406954068193255,3.4039802933400503,-1,-1,-1,-1,-1,0
8,230,4.417514785880386,2.46618660788009,-1,-1,-1,1,-1,-1
9,230,1.821513497521437,8.508716451981682,-1,-1,-1,-1,6,-1
10,230,9.454225710087051,4.969059006385286,-1,3,-1,-1,-1,5
11,230,0.6779356262170021,2.415354483575644,-1,5,5,-1,-1,-1
12,230,0.0,5.2189574954643,-1,-1,-1,-1,3,-1
13,230,0.0,4.458089996705696,2,-1,-1,-1,3,-1
14,230,12.0,3.000375707545976,2,5,5,2,-1,-1
15,230,8.087374425564876,5.249216277442487,-1,-1,-1,5,-1,-1
16,230,9.06693200487511,0.5108459941188572,-1,-1,-1,2,2,-1
17,230,9.812080026019157,11.42426234759798,2,2,-1,-1,-1,8
18,230,8.482079212470262,5.646014118126576,-1,-1,-1,-1,-1,5
19,230,5.5739322046682505,2.832712218590887,-1,-1,-1,1,1,-1
20,230,2.8223257943533686,8.549744790203075,4,-1,-1,-1,-1,-1
21,230,1.4010897309452717,1.4373183367851463,7,-1,-1,-1,0,-1
22,230,0.0,0.8880733786611429,-1,2,2,-1,0,-1
23,230,10.093080771022938,10.288663915452922,-1,-1,-1,8,8,8
24,230,3.2588773844586467,3.335779627861073,3,-1,3,-1,-1,-1
25,230,7.619852189813872,7.826050872473658,-1,-1,-1,-1,4,-1
26,230,12.0,8.866866871578948,2,-1,-1,-1,8,8
27,230,10.74514110335452,4.777597227740696,4,4,-1,-1,-1,-1
28,230,2.992669473455237,4.838657905847615,-1,3,-1,3,-1,-1
29,230,7.683578957042476,7.459587658997253,-1,-1,6,-1,-1,4
0,235,11.963550950573875,10.665083594164898,-1,-1,-1,-1,-1,8
1,235,4.002046435657881,8.725287157023097,-1,-1,7,-1,-1,-1
2,235,3.0625197424086688,1.5096109017056558,-1,-1,-1,0,-1,-1
3,235,8.660493573537511,0.0,-1,5,-1,2,2,2
4,235,12.0,0.875538966488158,2,-1,-1,-1,2,2
5,235,8.567407807101837,8.742150163580323,-1,2,-1,8,-1,-1
6,235,6.693827945423527,0.0,-1,-1,-1,1,-1,-1
7,235,0.3343837004071457,3.453431227891378,-1,-1,-1,-1,-1,0
8,235,4.390471180742387,2.4714609330028425,-1,-1,-1,1,-1,-1
9,235,1.815291245753745,8.471160538401953,-1,-1,-1,-1,6,-1
10,235,9.511211763958434,4.989481540979417,-1,4,-1,-1,-1,5
11,235,0.665736356797958,2.381773443428147,-1,5,5,-1,-1,-1
12,235,0.0,5.231119899995845,-1,-1,-1,-1,3,-1
13,235,0.0,4.422014652081126,2,-1,-1,-1,3,-1
14,235,12.0,3.028092059260336,2,2,5,2,-1,-1
15,235,8.065889388349973,5.292029787022428,-1,-1,-1,5,-1,-1
16,235,9.052899665766558,0.5578081984454974,-1,-1,-1,2,2,-1
17,235,9.770034834665148,11.448197896021007,2,2,-1,-1,-1,8
18,235,8.514086214423868,5.678195650269924,-1,-1,-1,-1,-1,5
19,235,5.624108523266933,2.804192537957526,-1,-1,-1,1,1,-1
20,235,2.7482323482272237,8.55404339045841,4,-1,-1,-1,-1,-1
21,235,1.3954091718993398,1.46360494930195,7,-1,-1,-1,0,-1
22,235,0.0,0.8992475223992048,-1,2,2,-1,0,-1
23,235,10.059635299498671,10.25558095849371,-1,-1,-1,8,8,8
24,235,3.205487813418136,3.327219577808339,3,-1,6,-1,-1,-1
25,235,7.582260924887011,7.777505329634379,-1,-1,-1,-1,4,-1
26,235,12.0,8.811095936566382,2,-1,-1,-1,8,8
27,235,10.67223026255674,4.772323869417948,4,4,-1,-1,-1,-1
28,235,2.9729214189166213,4.785687630278389,-1,3,-1,3,-1,-1
29,235,7.701337398630067,7.399850446894745,-1,-1,3,-1,-1,4
0,240,11.958223441356337,10.71683914918276,-1,-1,-1,-1,-1,8
1,240,4.0414789747634,8.734371363930752,-1,-1,2,-1,-1,-1
2,240,3.0332619810162464,1.4412485517875886,-1,-1,-1,0,-1,-1
3,240,8.681630653146732,0.0,-1,5,-1,2,2,2
4,240,12.0,0.8594821902149685,2,-1,-1,-1,2,2
5,240,8.511886056261883,8.708519640134625,-1,2,-1,8,-1,-1
6,240,6.655489651777935,0.0,-1,-1,-1,1,-1,-1
7,240,0.3250435477432332,3.5359992965911387,-1,-1,-1,-1,-1,0
8,240,4.325272353775359,2.484599367962193,-1,-1,-1,1,-1,-1
9,240,1.8064692099235056,8.416389133971181,-1,-1,-1,-1,6,-1
10,240,9.552488858753357,5.002726678654457,-1,4,-1,-1,-1,5
11,240,0.6483701590195841,2.334277112459419,-1,5,5,-1,-1,-1
12,240,0.0,5.237812425966143,-1,-1,-1,-1,3,-1
13,240,0.0,4.392481018693627,2,-1,-1,-1,3,-1
14,240,12.0,3.0532767697141985,2,2,5,2,-1,-1
15,240,8.046102912434133,5.332626061059231,-1,-1,-1,5,-1,-1
16,240,9.040840399398798,0.6005410005651342,-1,-1,-1,2,2,-1
17,240,9.733024643468742,11.469473658713254,2,2,-1,-1,-1,8
18,240,8.557469921375095,5.722529714112048,-1,-1,-1,-1,-1,5
19,240,5.679399217119634,2.7725684069186203,-1,-1,-1,1,1,-1
20,240,2.695467631086967,8.558319530399096,4,-1,-1,-1,-1,-1
21,240,1.3843277039147452,1.5133554951693324,7,-1,-1,-1,0,-1
22,240,0.0,0.9093803241587988,-1,2,2,-1,0,-1
23,240,10.0038306309043,10.201612450394473,-1,-1,-1,8,8,8
24,240,3.1483791161155708,3.319039413865808,3,-1,3,-1,-1,-1
25,240,7.559015426036646,7.747578729972021,-1,-1,-1,-1,4,-1
26,240,12.0,8.726281681996248,3,-1,-1,-1,8,8
27,240,10.588539682759013,4.7712497399620375,4,4,-1,-1,-1,-1
28,240,2.950128599813121,4.724139699384691,-1,5,-1,3,-1,-1
29,240,7.723331065014481,7.326316327875524,-1,-1,6,-1,-1,4
0,245,11.99711056554506,10.72030603298037,-1,-1,-1,-1,-1,8
1,245,4.071964758876792,8.74141803487376,-1,-1,2,-1,-1,-1
2,245,3.0119551598247294,1.3917313731481762,-1,-1,-1,0,-1,-1
3,245,8.700181628097791,0.0,-1,5,-1,2,2,2
4,245,12.0,0.8429692640295656,2,-1,-1,-1,2,2
5,245,8.462432194071065,8.67987636360084,-1,2,-1,8,-1,-1
6,245,6.601500714597664,0.0,-1,-1,-1,1,-1,-1
7,245,0.3153845734558192,3.611825420399318,-1,-1,-1,-1,-1,0
8,245,4.295765356725137,2.4898866532875865,-1,-1,-1,1,-1,-1
9,245,1.791788873353719,8.345297853462892,-1,-1,-1,-1,6,-1
10,245,9.60426637105349,5.017450160880337,-1,4,-1,-1,-1,5
11,245,0.6296218706943265,2.28084700567669,-1,5,5,-1,-1,-1
12,245,0.0,5.184959355714694,-1,-1,-1,-1,3,-1
13,245,0.0,4.341440789542793,2,-1,-1,-1,3,-1
14,245,12.0,3.0858217179096488,2,2,5,2,-1,-1
15,245,8.025898625577717,5.371962664901486,-1,-1,-1,5,-1,-1
16,245,9.020471923529112,0.6695777248923424,-1,-1,-1,2,2,-1
17,245,9.680554214991478,11.498513392947206,2,2,-1,-1,-1,8
18,245,8.605875673931337,5.770469069372833,-1,-1,-1,-1,-1,5
19,245,5.723832691536002,2.745743877165145,-1,-1,-1,1,1,-1
20,245,2.6587034623875185,8.560700522092713,4,-1,-1,-1,-1,-1
21,245,1.3737252025773623,1.5621486228215484,7,-1,-1,-1,0,-1
22,245,0.0,0.9169599610768552,-1,2,2,-1,0,-1
23,245,9.962050820954785,10.161143126152623,-1,-1,-1,8,8,8
24,245,3.087290153463772,3.3103542422488044,3,-1,3,-1,-1,-1
25,245,7.5272197163974655,7.707304868921855,-1,-1,-1,-1,4,-1
26,245,12.0,8.65289679851038,3,-1,-1,-1,8,8
27,245,10.536985444104554,4.772035132789144,4,4,-1,-1,-1,-1
28,245,2.93258271844849,4.673999993037647,-1,5,-1,3,-1,-1
29,245,7.7466706529109715,7.250644058885872,-1,-1,6,-1,-1,4
0,250,12.0,10.723540368926844,-1,-1,-1,-1,-1,8
1,250,4.106213598910063,8.749532667183706,-1,-1,2,-1,-1,-1
2,250,2.991693164570369,1.3459507332454608,-1,-1,-1,0,-1,-1
3,250,8.715206016780852,0.0,-1,2,-1,2,2,2
4,250,12.0,0.8358853680342668,2,-1,-1,-1,2,2
5,250,8.405411592958496,8.646747342717513,-1,2,-1,8,-1,-1
6,250,6.54655272643963,0.0,-1,-1,-1,1,-1,-1
7,250,0.3089801387816936,3.649969638511674,-1,-1,-1,-1,-1,0
8,250,4.255599664029693,2.498675247338877,-1,-1,-1,1,-1,-1
9,250,1.7832617048411217,8.306176039213437,-1,-1,-1,-1,6,-1
10,250,9.634531144207402,5.02504630380775,-1,4,-1,-1,-1,5
11,250,0.612171463137118,2.233096873794439,-1,5,5,-1,-1,-1
12,250,0.0,5.128605605744378,-1,-1,-1,-1,3,-1
13,250,0.0,4.290215967083966,2,-1,-1,-1,3,-1
14,250,12.0,3.1088763922246305,2,2,5,2,-1,-1
15,250,8.006417395068592,5.40972434513181,-1,-1,-1,5,-1,-1
16,250,8.999999642805138,0.734496943384054,-1,-1,-1,2,2,-1
17,250,9.62748709501084,11.525649506800102,5,5,-1,-1,-1,8
18,250,8.644866646431813,5.809282098873331,-1,-1,-1,-1,-1,5
19,250,5.741406856667041,2.734911233154212,-1,-1,-1,1,1,-1
20,250,2.607633315580709,8.56354618695323,4,-1,-1,-1,-1,-1
21,250,1.3607580026149402,1.6231525906100217,7,-1,-1,-1,0,-1
22,250,0.0,0.9254213554139232,-1,2,2,-1,0,-1
23,250,9.921138513048874,10.121680459813266,-1,-1,-1,8,8,8
24,250,3.0492759797645435,3.305700594535673,3,-1,3,-1,-1,-1
25,250,7.487738026957118,7.658974770331769,-1,-1,-1,-1,4,-1
26,250,12.0,8.594027779766007,3,-1,-1,-1,8,8
27,250,10.47743884113642,4.77419476163432,4,4,-1,-1,-1,-1
28,250,2.922197592173303,4.643154269861332,-1,5,-1,3,-1,-1
29,250,7.757670445911405,7.214456840636284,-1,-1,6,-1,-1,4
0,255,12.0,10.724666874815414,-1,-1,-1,-1,-1,8
1,255,4.159753884052328,8.761357553915834,-1,-1,2,-1,-1,-1
2,255,2.9614297890868064,1.27827337668581,-1,-1,-1,0,-1,-1
3,255,8.731377061506995,0.0,-1,2,-1,2,2,2
4,255,12.0,0.8249370960066397,2,-1,-1,-1,2,2
5,255,8.353734078443903,8.619010561301844,-1,2,-1,8,-1,-1
6,255,6.488655246929707,0.0,-1,-1,-1,1,-1,-1
7,255,0.3010688339692694,3.6875253720075625,-1,-1,-1,-1,-1,0
8,255,4.203712063312395,2.5107355009901484,-1,-1,-1,1,-1,-1
9,255,1.771933932947071,8.248325305081744,-1,-1,-1,-1,6,-1
10,255,9.67112037615605,5.0335098315214175,-1,4,-1,-1,-1,5
11,255,0.5874481873342678,2.1617103103945943,-1,2,2,-1,-1,-1
12,255,0.0,5.051159726174595,-1,-1,-1,-1,3,-1
13,255,0.0,4.243797003579983,2,-1,-1,-1,3,-1
14,255,12.0,3.1458858620357955,2,2,2,2,-1,-1
15,255,7.978875315222982,5.462807365459823,-1,-1,-1,4,-1,-1
16,255,8.980302299999611,0.8034959896777231,-1,-1,-1,2,2,-1
17,255,9.57334370009767,11.556190106093291,2,2,-1,-1,-1,8
18,255,8.67871637028045,5.841999073757613,-1,-1,-1,-1,-1,5
19,255,5.784542827950368,2.708216937854399,-1,-1,-1,1,1,-1
20,255,2.552778266434918,8.567026164487677,4,-1,-1,-1,-1,-1
21,255,1.3467582935872562,1.6842028789296408,7,-1,-1,-1,0,-1
22,255,0.0,0.9359295413241596,-1,2,2,-1,0,-1
23,255,9.882826867276108,10.086553029301392,-1,-1,-1,8,8,8
24,255,2.9954028634789496,3.2986981415795573,3,-1,3,-1,-1,-1
25,255,7.4393408466653215,7.60304351687937,-1,-1,-1,-1,4,-1
26,255,12.0,8.553062875585777,3,-1,-1,-1,8,8
27,255,10.42432348112922,4.776602554954346,4,4,-1,-1,-1,-1
28,255,2.905311225225392,4.589891536120284,-1,5,-1,3,-1,-1
29,255,7.77147480632133,7.16580282313573,-1,-1,6,-1,-1,4
0,260,12.0,10.726834395970071,-1,-1,-1,-1,-1,8
1,260,4.1949005024995305,8.76886994793261,-1,-1,2,-1,-1,-1
2,260,2.941278318749815,1.2301441763637704,-1,-1,-1,0,-1,-1
3,260,8.748765873426082,0.0,-1,2,-1,2,2,2
4,260,12.0,0.8116136820900618,2,-1,-1,-1,2,2
5,260,8.28882461177373,8.584887212444233,-1,2,-1,8,-1,-1
6,260,6.417086142864036,0.0,-1,-1,-1,1,-1,-1
7,260,0.2912841892213085,3.737981325279984,-1,-1,-1,-1,-1,0
8,260,4.143287074126305,2.5260568389513054,-1,-1,-1,1,-1,-1
9,260,1.758798750171462,8.175651622573126,-1,-1,-1,-1,6,-1
10,260,9.73898799971531,5.052295481819391,-1,4,-1,-1,-1,5
11,260,0.5738425799522867,2.1216099698532256,-1,2,2,-1,-1,-1
12,260,0.0,5.014169080177911,-1,-1,-1,-1,3,-1
13,260,0.0,4.189203905099152,2,-1,-1,-1,3,-1
14,260,12.0,3.160964841699572,2,2,2,2,-1,-1
15,260,7.947328026169545,5.520891818044071,-1,-1,-1,4,-1,-1
16,260,8.963229596664528,0.8632318849878967,-1,-1,-1,2,2,-1
17,260,9.54914800536598,11.569601218294713,2,2,-1,-1,-1,8
18,260,8.72125488326737,5.884488919085535,-1,-1,-1,-1,-1,5
19,260,5.835334921916216,2.6766286466210327,-1,-1,-1,1,1,-1
20,260,2.4849756136187016,8.56924658598324,4,-1,-1,-1,-1,-1
21,260,1.342211799469931,1.7038172757751675,7,-1,-1,-1,0,-1
22,260,0.0,0.946705132234582,-1,2,2,-1,0,-1
23,260,9.818976205818531,10.02922630767764,-1,-1,-1,8,8,8
24,260,2.9493931398598385,3.2917271070819587,3,-1,3,-1,-1,-1
25,260,7.402743125883986,7.560381366758802,-1,-1,-1,-1,4,-1
26,260,12.0,8.503700165495633,3,-1,-1,-1,8,8
27,260,10.379514521460438,4.777360774303675,4,4,-1,-1,-1,-1
28,260,2.8935355369435403,4.554252038469184,-1,5,-1,3,-1,-1
29,260,7.78081385584061,7.1299397294246605,-1,-1,6,-1,-1,4
0,265,12.0,10.726851619619069,-1,-1,-1,-1,-1,8
1,265,4.241569278153132,8.779144537960258,-1,-1,2,-1,-1,-1
2,265,2.913299632752319,1.1658442674411995,-1,-1,-1,0,-1,-1
3,265,8.761333124406177,0.0,-1,2,-1,2,2,2
4,265,12.0,0.7909399125440799,2,-1,-1,-1,2,2
5,265,8.235928204300821,8.558664343107115,-1,2,-1,8,-1,-1
6,265,6.383241668947881,0.0,-1,-1,-1,1,-1,-1
7,265,0.2860016535915795,3.767040100248477,-1,-1,-1,-1,-1,0
8,265,4.085007248425851,2.537556357110444,-1,-1,-1,1,-1,-1
9,265,1.7486003478145733,8.11285320921297,-1,-1,-1,-1,6,-1
10,265,9.781651527986233,5.063739701329803,-1,4,-1,-1,-1,5
11,265,0.5512775049369074,2.0570155881528422,-1,2,2,-1,-1,-1
12,265,0.0,4.954215578879653,-1,-1,-1,-1,3,-1
13,265,0.0,4.153486288596987,2,-1,-1,-1,3,-1
14,265,12.0,3.187958527616591,2,2,2,2,-1,-1
15,265,7.919797315226474,5.568297315423925,-1,-1,-1,4,-1,-1
16,265,8.946067425037153,0.9134440708673712,-1,-1,-1,2,2,-1
17,265,9.494544208688756,11.599603994448907,2,2,-1,-1,-1,8
18,265,8.763294884056299,5.926330604508049,-1,-1,-1,-1,-1,5
19,265,5.873348989853866,2.653219545862426,-1,-1,-1,1,1,-1
20,265,2.3980773708064924,8.574019146355445,4,-1,-1,-1,-1,-1
21,265,1.3316514450923431,1.7475213213549707,7,-1,-1,-1,0,-1
22,265,0.0,0.9560080001005364,-1,2,2,-1,0,-1
23,265,9.788069018203036,10.002195064716473,-1,-1,-1,8,8,8
24,265,2.8878243036256506,3.283063891795719,3,-1,3,-1,-1,-1
25,265,7.377117873892448,7.529732116723329,-1,-1,-1,-1,4,-1
26,265,12.0,8.454437254134367,3,-1,-1,-1,8,8
27,265,10.335691582206612,4.77811660111267,4,4,-1,-1,-1,-1
28,265,2.8722528198726844,4.491000489805941,-1,5,-1,3,-1,-1
29,265,7.794667347983969,7.08347312790087,-1,-1,5,-1,-1,4
0,270,12.0,10.727039645016507,-1,-1,-1,-1,-1,8
1,270,4.313179759885905,8.795172537954636,-1,-1,2,-1,-1,-1
2,270,2.8938845630214143,1.121419959432182,-1,-1,-1,0,-1,-1
3,270,8.778976343947427,0.0,-1,2,-1,2,2,2
4,270,12.0,0.778680017430895,2,-1,-1,-1,2,2
5,270,8.19771835537364,8.540773844371108,-1,2,-1,8,-1,-1
6,270,6.400345267497303,0.0,-1,-1,-1,1,-1,-1
7,270,0.2746404900358952,3.824622215094572,-1,-1,-1,-1,-1,0
8,270,4.022495068057332,2.5489530522996824,-1,-1,-1,1,-1,-1
9,270,1.7433488068748302,8.08288789758601,-1,-1,-1,-1,6,-1
10,270,9.830118095641524,5.077812326234683,-1,4,-1,-1,-1,5
11,270,0.5275994945965168,1.9862611100098808,-1,2,2,-1,-1,-1
12,270,0.0,4.891915904672915,-1,-1,-1,-1,3,-1
13,270,0.0,4.097826288737679,2,-1,-1,-1,3,-1
14,270,12.0,3.207507929783416,2,2,2,2,-1,-1
15,270,7.889553659346951,5.621486051137014,-1,-1,-1,4,-1,-1
16,270,8.930059064717293,0.9629391193109488,-1,-1,-1,2,2,-1
17,270,9.455081205670936,11.621133088130447,2,2,-1,-1,-1,8
18,270,8.806890957287031,5.967765747736353,-1,-1,-1,-1,-1,5
19,270,5.887682871917061,2.67672458955951,-1,-1,-1,1,1,-1
20,270,2.3666296690184807,8.575641974637819,3,-1,-1,-1,-1,-1
21,270,1.3170003914396549,1.8065975990071987,4,-1,-1,-1,0,-1
22,270,0.0,0.9696039124190368,-1,2,2,-1,0,-1
23,270,9.755180224037314,9.973713390307967,-1,-1,-1,8,8,8
24,270,2.8273875738921266,3.273123907972276,3,-1,3,-1,-1,-1
25,270,7.344109887949557,7.493082609749868,-1,-1,-1,-1,4,-1
26,270,12.0,8.396213893303454,2,-1,-1,-1,8,8
27,270,10.26420294296996,4.779828359888767,4,4,-1,-1,-1,-1
28,270,2.8360583216895967,4.5024248698271006,-1,5,-1,3,-1,-1
29,270,7.808314242025248,7.036094899386651,-1,-1,6,-1,-1,4
0,275,12.0,10.728412353892653,-1,-1,-1,-1,-1,8
1,275,4.357711712728451,8.804812603270578,-1,-1,2,-1,-1,-1
2,275,2.8655777985936,1.0544578197653298,-1,-1,-1,0,-1,-1
3,275,8.796331152702821,0.0,-1,2,-1,2,2,2
4,275,12.0,0.7681568151092076,2,-1,-1,-1,2,2
5,275,8.152444325803524,8.520224756195955,-1,2,-1,8,-1,-1
6,275,6.418214290824414,0.0,-1,-1,-1,1,-1,-1
7,275,0.2625989330357837,3.8928892981817578,-1,-1,-1,-1,-1,0
8,275,3.945349679821052,2.563333006924338,-1,-1,-1,0,-1,-1
9,275,1.733178209570705,8.024164278329886,-1,-1,-1,-1,6,-1
10,275,9.88937812320416,5.094159090136705,-1,4,-1,-1,-1,5
11,275,0.5163915636721825,1.9540529229133476,-1,2,2,-1,-1,-1
12,275,0.0,4.824849266988761,-1,-1,-1,-1,3,-1
13,275,0.0,4.0331216847955975,2,-1,-1,-1,3,-1
14,275,12.0,3.233748938410012,2,2,2,2,-1,-1
15,275,7.859014351196765,5.6774117906067705,-1,-1,-1,4,-1,-1
16,275,8.912291315553137,1.0187099223134506,-1,-1,-1,2,2,-1
17,275,9.401578960185438,11.649491108396878,2,2,-1,-1,-1,8
18,275,8.848472158237847,6.008109088425956,-1,-1,-1,-1,-1,5
19,275,5.911278812837474,2.716029830225556,-1,-1,-1,1,1,-1
20,275,2.3163135514498445,8.578119865352132,3,-1,-1,-1,-1,-1
21,275,1.3048835125563116,1.8687644797474765,4,-1,-1,-1,0,-1
22,275,0.0,0.9781424949981072,-1,2,2,-1,0,-1
23,275,9.714243128719636,9.936388702413517,-1,-1,-1,8,8,8
24,275,2.814216039093968,3.270928375923879,6,-1,6,-1,-1,-1
25,275,7.328212951921155,7.475599285032835,-1,-1,-1,-1,4,-1
26,275,12.0,8.338107510729994,2,-1,-1,-1,8,8
27,275,10.209136373624396,4.779747255951779,4,4,-1,-1,-1,-1
28,275,2.766028042542513,4.526378822899028,-1,3,-1,3,-1,-1
29,275,7.827159480407917,6.965551048649014,-1,-1,5,-1,-1,4
0,280,12.0,10.730719152506486,-1,-1,-1,-1,-1,8
1,280,4.395679154923491,8.813328926145354,-1,-1,2,-1,-1,-1
2,280,2.8412516321447643,0.9953515489226936,-1,-1,-1,0,-1,-1
3,280,8.807024667443667,0.0,-1,5,-1,2,2,2
4,280,12.0,0.7600917797353003,2,-1,-1,-1,2,2
5,280,8.104753448751675,8.499067715594704,-1,2,-1,8,-1,-1
6,280,6.432889721712964,0.0,-1,-1,-1,1,-1,-1
7,280,0.2538675094323519,3.946126311957403,-1,-1,-1,-1,-1,0
8,280,3.900831417428645,2.571996940737011,-1,-1,-1,0,-1,-1
9,280,1.727604820901366,7.9845170494854685,-1,-1,-1,-1,3,-1
10,280,9.9459302627635,5.108848042934197,-1,4,-1,-1,-1,5
11,280,0.5055038274794375,1.923292819105844,-1,2,2,-1,-1,-1
12,280,0.0,4.8071245503162245,-1,-1,-1,-1,3,-1
13,280,0.0,4.00541924438768,2,-1,-1,-1,3,-1
14,280,12.0,3.2542866983856378,2,2,2,2,-1,-1
15,280,7.831483926751555,5.729908428153285,-1,-1,-1,4,-1,-1
16,280,8.897581936869312,1.0612483337169596,-1,-1,-1,2,2,-1
17,280,9.350352550704084,11.67631675352103,2,2,-1,-1,-1,8
18,280,8.886891155400813,6.0462648744176,-1,-1,-1,-1,-1,5
19,280,5.945509951904162,2.7732289867903126,-1,-1,-1,1,1,-1
20,280,2.251253688113473,8.583049938066884,3,-1,-1,-1,-1,-1
21,280,1.2991975487794902,1.8965523528700232,4,-1,-1,-1,0,-1
22,280,0.0,0.9908896539585212,-1,2,2,-1,0,-1
23,280,9.671159428495455,9.894010652128182,-1,-1,-1,8,8,8
24,280,2.77193187380926,3.263372494021247,6,-1,6,-1,-1,-1
25,280,7.301415837542493,7.4459054652433565,-1,-1,-1,-1,4,-1
26,280,12.0,8.298791388818865,2,-1,-1,-1,8,8
27,280,10.135710025777923,4.781568501654627,4,4,-1,-1,-1,-1
28,280,2.7242246518273348,4.542596383706811,-1,3,-1,3,-1,-1
29,280,7.838068816312504,6.923490960958915,-1,-1,6,-1,-1,4
0,285,12.0,10.731800671701777,-1,-1,-1,-1,-1,8
1,285,4.450855096372822,8.825157661051,-1,-1,2,-1,-1,-1
2,285,2.8163725460474023,0.9348544201723992,-1,-1,-1,0,-1,-1
3,285,8.82509727391708,0.0,-1,2,-1,2,2,2
4,285,12.0,0.7531662124629681,2,-1,-1,-1,2,2
5,285,8.072150609629727,8.484135596249024,-1,2,-1,8,-1,-1
6,285,6.441894418307611,0.0,-1,-1,-1,1,-1,-1
7,285,0.2441618830848067,4.00697152877949,-1,-1,-1,-1,-1,3
8,285,3.843525180401178,2.58220393750458,-1,-1,-1,0,-1,-1
9,285,1.718779766801949,7.914518651619256,-1,-1,-1,-1,3,-1
10,285,10.004189393929922,5.123400257104095,-1,4,-1,-1,-1,5
11,285,0.4820047166428428,1.859103828735303,-1,2,2,-1,-1,-1
12,285,0.0,4.759205101211337,-1,-1,-1,-1,3,-1
13,285,0.0,3.954813768699677,2,-1,-1,-1,0,-1
14,285,12.0,3.272563226874609,2,2,2,2,-1,-1
15,285,7.802614391351537,5.786628609280987,-1,-1,-1,4,-1,-1
16,285,8.884006516471013,1.1008074096457072,-1,-1,-1,2,2,-1
17,285,9.323531504752465,11.689973586618422,2,2,-1,-1,-1,8
18,285,8.926826474210795,6.084464195199714,-1,-1,-1,-1,-1,5
19,285,5.977113955733086,2.822040027512393,-1,-1,-1,1,1,-1
20,285,2.171068890769691,8.589291561613011,3,-1,-1,-1,-1,-1
21,285,1.2917683303414953,1.9346645538012424,4,-1,-1,-1,0,-1
22,285,0.0,0.9989783651426452,-1,2,2,-1,0,-1
23,285,9.633090990107386,9.85723441904332,-1,-1,-1,8,8,8
24,285,2.7344640905460365,3.25673844626761,6,-1,3,-1,-1,-1
25,285,7.2732136979043345,7.413052298926709,-1,-1,-1,-1,4,-1
26,285,12.0,8.283191892810219,3,-1,-1,-1,8,8
27,285,10.061793687465864,4.782039038383164,4,4,-1,-1,-1,-1
28,285,2.679591109746469,4.558325995122405,-1,5,-1,3,-1,-1
29,285,7.851100683280202,6.8764854019389565,-1,-1,6,-1,-1,4
0,290,12.0,10.73633901510366,-1,-1,-1,-1,-1,8
1,290,4.49988867105994,8.83482276457535,-1,-1,2,-1,-1,-1
2,290,2.8063287852455803,0.909254675218545,-1,-1,-1,0,-1,-1
3,290,8.840412728439343,0.0,-1,2,-1,2,2,2
4,290,12.0,0.7458189120784519,2,-1,-1,-1,2,2
5,290,8.039116233258472,8.469172877091708,-1,2,-1,8,-1,-1
6,290,6.4439408822023365,0.0,-1,-1,-1,1,-1,-1
7,290,0.2125347290616834,4.001674757018858,-1,-1,-1,-1,-1,3
8,290,3.810400746819537,2.588335374621676,-1,-1,-1,0,-1,-1
9,290,1.7080499342166426,7.84611601095711,-1,-1,-1,-1,3,-1
10,290,10.060287267081463,5.13697603021663,-1,4,-1,-1,-1,5
11,290,0.4558009923882242,1.7870509762714075,-1,2,2,-1,-1,-1
12,290,0.0,4.709680529374531,-1,-1,-1,-1,3,-1
13,290,0.0,3.910699251445654,2,-1,-1,-1,0,-1
14,290,12.0,3.296269082695765,2,2,2,2,-1,-1
15,290,7.726767551426339,5.750913839061019,-1,-1,-1,4,-1,-1
16,290,8.86923150656056,1.146994627285575,-1,-1,-1,2,2,-1
17,290,9.278552308574223,11.711059685043947,2,2,-1,-1,-1,8
18,290,8.963349529073573,6.120188885615754,-1,-1,-1,-1,-1,5
19,290,5.996609606127673,2.85343582220215,-1,-1,-1,1,1,-1
20,290,2.1416113574361733,8.592397274362334,3,-1,-1,-1,-1,-1
21,290,1.2816991908206132,1.9864579193883969,4,-1,-1,-1,0,-1
22,290,0.0,1.0059451942609337,-1,2,2,-1,0,-1
23,290,9.589281514465922,9.81482072251709,-1,-1,-1,8,8,8
24,290,2.696469882087428,3.250710662582203,3,-1,3,-1,-1,-1
25,290,7.23915808096469,7.44114053815122,-1,-1,-1,-1,4,-1
26,290,12.0,8.217271569680154,3,-1,-1,-1,8,8
27,290,10.0080144116332,4.781564677597177,4,4,-1,-1,-1,-1
28,290,2.608455464738207,4.582624557548414,-1,3,-1,3,-1,-1
29,290,7.8622363197723235,6.831058883368965,-1,-1,7,-1,-1,4
0,295,12.0,10.741999046289664,-1,-1,-1,-1,-1,8
1,295,4.541928250637979,8.842394670474548,-1,-1,2,-1,-1,-1
2,295,2.773326993808426,0.8290239899460523,-1,-1,-1,0,-1,-1
3,295,8.856705157092215,0.0,-1,5,-1,2,2,2
4,295,12.0,0.7381666249845594,3,-1,-1,-1,2,2
5,295,7.978330456283629,8.441781118784546,-1,2,-1,7,-1,-1
6,295,6.451847133604823,0.0,-1,-1,-1,1,-1,-1
7,295,0.1427100735139146,3.991195551080323,-1,-1,-1,-1,-1,0
8,295,3.774105565475906,2.594383237025695,-1,-1,-1,0,-1,-1
9,295,1.6985425813421038,7.793803226492871,-1,-1,-1,-1,3,-1
10,295,10.102031189592273,5.14760055408996,-1,4,-1,-1,-1,5
11,295,0.4338150381572356,1.728778796623053,-1,2,2,-1,-1,-1
12,295,0.0,4.642063089208706,-1,-1,-1,-1,3,-1
13,295,0.0,3.867361573200525,2,-1,-1,-1,0,-1
14,295,12.0,3.315789901151412,2,2,2,2,-1,-1
15,295,7.6741190738192655,5.726723885155941,-1,-1,-1,4,-1,-1
16,295,8.845536429003955,1.2255235631957295,-1,-1,-1,2,2,-1
17,295,9.214290433527571,11.740565710362144,2,2,-1,-1,-1,8
18,295,9.005103701821291,6.162382398428912,-1,-1,-1,-1,-1,5
19,295,6.013925662613779,2.881233469957762,-1,-1,-1,1,1,-1
20,295,2.102562031045651,8.596192458745225,3,-1,-1,-1,-1,-1
21,295,1.2749655890127494,2.026538149988148,4,-1,-1,-1,0,-1
22,295,0.0,1.0151705855852755,-1,2,2,-1,0,-1
23,295,9.558882631667696,9.785527845937295,-1,-1,-1,8,8,8
24,295,2.6310189931343224,3.240923115354096,6,-1,3,-1,-1,-1
25,295,7.198433409942029,7.473062240673508,-1,-1,-1,-1,4,-1
26,295,12.0,8.188176125310912,3,-1,-1,-1,8,8
27,295,9.95865211302876,4.780109189965501,4,4,-1,-1,-1,-1
28,295,2.547348801446194,4.603340901408828,-1,3,-1,3,-1,-1
29,295,7.869779077618698,6.798809832874342,-1,-1,7,-1,-1,4
