0,0,0.070164431017331,0.0259624082194098,0.0,0.0
1,0,9.054484177906732,1.0002038598379115,1.0,-1.0
2,0,2.0378268079281554,12.0,6.0,-1.0
3,0,8.967232146531012,5.935388523134537,-1.0,5.0
4,0,12.0,10.050265929716762,-1.0,8.0
5,0,11.959733333054125,2.954467622771986,2.0,-1.0
6,0,6.953582020181236,9.01673709794054,4.0,-1.0
7,0,7.028437747736103,6.959673067149743,-1.0,4.0
8,0,3.028568853243292,3.984894860892996,0.0,0.0
9,0,1.0408729524936886,2.9360132692943783,-1.0,0.0
10,0,2.9152900562897983,7.983481992069743,-1.0,3.0
11,0,1.0543957373059505,0.9682678081502416,-1.0,0.0
12,0,9.023151364101082,3.0518515619950253,1.0,-1.0
13,0,5.944760682280817,4.036820932597849,4.0,-1.0
14,0,2.017230557865605,0.0,-1.0,0.0
0,5,0.1227064024878364,0.0456179123407693,0.0,0.0
1,5,9.117762466596815,0.9991636131970056,1.0,-1.0
2,5,2.0904765959477905,12.0,6.0,-1.0
3,5,8.941184293531952,5.87992984495623,-1.0,5.0
4,5,12.0,10.032442425789784,-1.0,8.0
5,5,11.9183827656681,2.909140707302094,2.0,-1.0
6,5,6.8887264963569805,9.040099785860994,4.0,-1.0
7,5,7.060525484305881,6.913333257906444,-1.0,4.0
8,5,3.0779505215791327,3.9580414394238055,0.0,0.0
9,5,1.0612726757597792,2.903219954189697,-1.0,0.0
10,5,2.8583303908649587,7.973750840150244,-1.0,3.0
11,5,1.1045019504376037,0.9386023557134257,-1.0,0.0
12,5,9.040266583239674,3.0862965399808213,1.0,-1.0
13,5,5.896151971085189,4.0693739593689,4.0,-1.0
14,5,2.035242147926537,0.0,-1.0,0.0
0,10,0.179194414727895,0.066067084202636,0.0,0.0
1,10,9.157089290337275,0.9987157364757784,1.0,-1.0
2,10,2.137342092181568,12.0,6.0,-1.0
3,10,8.917816235107038,5.835247127837283,-1.0,5.0
4,10,12.0,9.991146820206565,-1.0,8.0
5,10,11.895227974528364,2.884050127611839,2.0,-1.0
6,10,6.846788041039383,9.053768967397918,4.0,-1.0
7,10,7.084984253698879,6.876722731546112,-1.0,4.0
8,10,3.1139948536401,3.938283010737588,0.0,0.0
9,10,1.1043832597915175,2.834644370025614,-1.0,0.0
10,10,2.811164962266946,7.966940271325416,-1.0,3.0
11,10,1.1706099705401691,0.8990692251382193,-1.0,0.0
12,10,9.06052368109792,3.127428604261413,1.0,-1.0
13,10,5.867342122812232,4.088986696543889,4.0,-1.0
14,10,2.047374588814347,0.0,-1.0,0.0
0,15,0.222685589861894,0.0834834342316837,0.0,0.0
1,15,9.210295209112806,0.99765797097862,1.0,-1.0
2,15,2.162876460938212,12.0,6.0,-1.0
3,15,8.898350610328741,5.798112116643291,-1.0,5.0
4,15,12.0,9.945252351829556,-1.0,8.0
5,15,11.86849567068106,2.8545094716029693,2.0,-1.0
6,15,6.800177869736934,9.069329685690134,4.0,-1.0
7,15,7.112454590509836,6.833792777701442,-1.0,4.0
8,15,3.148204635419372,3.919760093492789,0.0,0.0
9,15,1.1249509596993372,2.803184455132846,-1.0,0.0
10,15,2.737579228076048,7.954745435131653,-1.0,3.0
11,15,1.197315714622773,0.8829722705260896,-1.0,0.0
12,15,9.079305798239252,3.166917550589204,1.0,-1.0
13,15,5.828815660780859,4.11570550937619,4.0,-1.0
14,15,2.0600676634015525,0.0,-1.0,0.0
0,20,0.2606684938528678,0.0985782557306283,0.0,0.0
1,20,9.261861364659255,0.996422875140613,1.0,-1.0
2,20,2.225960742363519,12.0,6.0,-1.0
3,20,8.882491032710599,5.767960275355321,-1.0,5.0
4,20,12.0,9.892420077258242,-1.0,8.0
5,20,11.846993725899274,2.831218134516128,2.0,-1.0
6,20,6.773723448943764,9.07824165202923,4.0,-1.0
7,20,7.137814515463548,6.792507669690089,-1.0,4.0
8,20,3.198761481580457,3.8922720945387024,0.0,0.0
9,20,1.1579071493731985,2.749726142343182,-1.0,0.0
10,20,2.6589471370304167,7.940741613380114,-1.0,3.0
11,20,1.23884819550888,0.8580446602866827,-1.0,0.0
12,20,9.10524694584889,3.2229860845734835,1.0,-1.0
13,20,5.769272092976457,4.155362929713031,4.0,-1.0
14,20,2.0784513522052444,0.0,-1.0,0.0
0,25,0.2828056458606846,0.1068167895164195,0.0,0.0
1,25,9.323627945448017,0.9956102670003316,1.0,-1.0
2,25,2.278454224331085,12.0,6.0,-1.0
3,25,8.86951091620348,5.743021496939445,-1.0,5.0
4,25,12.0,9.843911141604355,-1.0,8.0
5,25,11.813232845629516,2.7942122812756125,2.0,-1.0
6,25,6.734743576511253,9.091485248397408,7.0,-1.0
7,25,7.149216144816283,6.773171129159628,-1.0,4.0
8,25,3.252126155111979,3.8619139789943153,0.0,0.0
9,25,1.1940830633926225,2.689347276272228,-1.0,0.0
10,25,2.5925549272152875,7.92928290546071,-1.0,3.0
11,25,1.308693892147138,0.8172356813728173,-1.0,0.0
12,25,9.124160536026476,3.2618012894373574,1.0,-1.0
13,25,5.735784532580769,4.177613752421939,4.0,-1.0
14,25,2.0960502083368517,0.0,-1.0,0.0
0,30,0.3255937809571919,0.1226212082339836,0.0,0.0
1,30,9.37906704504586,0.9962719831443436,1.0,-1.0
2,30,2.322865765506777,12.0,6.0,-1.0
3,30,8.854799336932473,5.713834594355049,-1.0,5.0
4,30,12.0,9.8056484905863,-1.0,8.0
5,30,11.771000910230944,2.7466928461450184,2.0,-1.0
6,30,6.690488513464783,9.1072656304823,7.0,-1.0
7,30,7.18140202195384,6.717504965817311,-1.0,4.0
8,30,3.3061528412741694,3.831817462151452,0.0,0.0
9,30,1.2119247637590371,2.660940803333393,-1.0,0.0
10,30,2.557620420372941,7.923975430571215,-1.0,3.0
11,30,1.3526679749149113,0.7914554869603603,-1.0,0.0
12,30,9.14531631266305,3.304873865620287,1.0,-1.0
13,30,5.684935048229367,4.210963385134288,4.0,-1.0
14,30,2.106669569875926,0.0,-1.0,0.0
0,35,0.3704347217468356,0.1400771127108669,0.0,0.0
1,35,9.427227647459643,0.9971679795869098,1.0,-1.0
2,35,2.360845503071765,12.0,6.0,-1.0
3,35,8.829932628632728,5.662970541080661,-1.0,5.0
4,35,12.0,9.777621619084314,-1.0,8.0
5,35,11.740364756701773,2.714194408019232,2.0,-1.0
6,35,6.652167285456631,9.120247878158578,7.0,-1.0
7,35,7.203920055000564,6.678467206640875,-1.0,4.0
8,35,3.345285716013474,3.809684835086923,0.0,0.0
9,35,1.2396230921114784,2.621153214549505,-1.0,0.0
10,35,2.531998392989622,7.92054246839712,-1.0,3.0
11,35,1.4130537761525963,0.7561017699432493,-1.0,0.0
12,35,9.165506414671206,3.34428627279601,1.0,-1.0
13,35,5.626035818791029,4.250546236840882,4.0,-1.0
14,35,2.1218753258531278,0.0,-1.0,0.0
0,40,0.4494489819943633,0.1727761024644282,0.0,0.0
1,40,9.49487546349592,0.9987232496551962,2.0,-1.0
2,40,2.4190234478846184,12.0,6.0,-1.0
3,40,8.79512412381894,5.594729641431326,-1.0,5.0
4,40,12.0,9.750105094225257,-1.0,8.0
5,40,11.702634844443727,2.671971529684344,2.0,-1.0
6,40,6.619879344741037,9.132018682798815,7.0,-1.0
7,40,7.223273848830937,6.6444528829487695,-1.0,4.0
8,40,3.3827991296645648,3.789375114081513,0.0,0.0
9,40,1.2706203732134085,2.579538066827554,-1.0,0.0
10,40,2.4992324604255827,7.915878739440368,-1.0,3.0
11,40,1.4726438232813597,0.7207804875602498,-1.0,0.0
12,40,9.181638753195092,3.374620177721197,1.0,-1.0
13,40,5.580387955192551,4.279585970499091,4.0,-1.0
14,40,2.1377402796357026,0.0,-1.0,0.0
0,45,0.5214115583617321,0.2031888457676659,0.0,0.0
1,45,9.54574299392726,1.000523693289217,2.0,-1.0
2,45,2.4902015137166327,12.0,6.0,-1.0
3,45,8.777906632392176,5.5612998338161415,-1.0,5.0
4,45,12.0,9.694356725808328,-1.0,8.0
5,45,11.65331720022078,2.617745152871421,2.0,-1.0
6,45,6.591566007581051,9.14331422671436,7.0,-1.0
7,45,7.24704356406419,6.601970168601644,-1.0,4.0
8,45,3.455644115854958,3.7485382783523535,0.0,0.0
9,45,1.3091154971426937,2.526215887619048,-1.0,0.0
10,45,2.428673903994744,7.906392661966672,-1.0,3.0
11,45,1.5186492700216263,0.6916458454463373,-1.0,0.0
12,45,9.20109803983451,3.4112262656419508,1.0,-1.0
13,45,5.546191994788129,4.30113250600995,4.0,-1.0
14,45,2.1433886323336404,0.0,-1.0,0.0
0,50,0.574003270374612,0.2244274213270791,0.0,0.0
1,50,9.603488604163134,1.0029859560203696,2.0,-1.0
2,50,2.521414583898072,12.0,6.0,-1.0
3,50,8.754669666579717,5.516392268022742,-1.0,5.0
4,50,12.0,9.648462867019084,-1.0,8.0
5,50,11.599220009593209,2.5571352050219422,2.0,-1.0
6,50,6.537641767872309,9.16574234616,7.0,-1.0
7,50,7.282406172399236,6.540639947991193,-1.0,4.0
8,50,3.510728738910761,3.717776094375216,0.0,0.0
9,50,1.330514191625249,2.496502775222342,-1.0,0.0
10,50,2.3703098657506767,7.898704351988555,-1.0,3.0
11,50,1.544980816370038,0.6752891236663181,-1.0,0.0
12,50,9.221974844647464,3.4519954198247094,1.0,-1.0
13,50,5.494916218960919,4.331136678080917,4.0,-1.0
14,50,2.154773901967809,0.0,-1.0,0.0
0,55,0.6226993382755686,0.2427665203586338,0.0,0.0
1,55,9.667906005869831,1.005836025399217,2.0,-1.0
2,55,2.55377864808503,12.0,6.0,-1.0
3,55,8.734378432845853,5.476050413138779,-1.0,5.0
4,55,12.0,9.606367378272331,-1.0,8.0
5,55,11.557309091361423,2.510873300530497,2.0,-1.0
6,55,6.459885399996103,9.19445288133742,7.0,-1.0
7,55,7.299497925361136,6.509372019383584,-1.0,4.0
8,55,3.5494248502483723,3.69595704648637,0.0,0.0
9,55,1.3857176759150078,2.4140348683217705,-1.0,0.0
10,55,2.3187307442326976,7.890740691914036,-1.0,3.0
11,55,1.5996593823715488,0.6428631685735604,-1.0,0.0
12,55,9.23846437366356,3.484375624421806,1.0,-1.0
13,55,5.437746491414419,4.365201717370552,4.0,-1.0
14,55,2.184559630713617,0.0,-1.0,0.0
0,60,0.6824979601604706,0.2652252805805169,0.0,0.0
1,60,9.714830394273353,1.0075001711469391,2.0,-1.0
2,60,2.600024331523677,12.0,6.0,-1.0
3,60,8.709804241036496,5.427986681401789,-1.0,5.0
4,60,12.0,9.568450957118197,-1.0,8.0
5,60,11.516510656920202,2.468824259568815,2.0,-1.0
6,60,6.403297203481431,9.216926954651669,7.0,-1.0
7,60,7.327629428313348,6.458895680069178,-1.0,4.0
8,60,3.618010884486803,3.6573832665887847,0.0,0.0
9,60,1.412146029033972,2.375140672099257,-1.0,0.0
10,60,2.2490375291609555,7.881688202193501,-1.0,3.0
11,60,1.6406229943888713,0.6183452230392208,-1.0,0.0
12,60,9.26008361077582,3.5265613217939005,1.0,-1.0
13,60,5.385689358108425,4.395576095302103,4.0,-1.0
14,60,2.199513939042154,0.0,-1.0,0.0
0,65,0.7313030276958826,0.2842726752729263,0.0,0.0
1,65,9.758494841933096,1.0091198847119809,2.0,-1.0
2,65,2.641420775534981,12.0,6.0,-1.0
3,65,8.678149290846195,5.365429188496097,-1.0,5.0
4,65,12.0,9.52585599773603,-1.0,8.0
5,65,11.469442550270813,2.420319800594151,2.0,-1.0
6,65,6.3292285885118,9.24695400732378,7.0,-1.0
7,65,7.351785192176201,6.41765509087778,-1.0,4.0
8,65,3.672978406741053,3.6264133708273785,0.0,0.0
9,65,1.4391613516453166,2.3365440678281786,-1.0,0.0
10,65,2.220286192137077,7.877809976238213,-1.0,3.0
11,65,1.6997343007965018,0.5868010442218927,-1.0,0.0
12,65,9.285011595282246,3.579274657461012,1.0,-1.0
13,65,5.338814699732755,4.423679853405987,4.0,-1.0
14,65,2.211421664673104,0.0,-1.0,0.0
0,70,0.7921286855086881,0.3071662137269149,0.0,0.0
1,70,9.818547357310262,1.0102982209603617,2.0,-1.0
2,70,2.7175211830049406,12.0,6.0,-1.0
3,70,8.656388298955324,5.319053465568281,-1.0,5.0
4,70,12.0,9.46684523272158,-1.0,8.0
5,70,11.430147877346936,2.3823236586174272,2.0,-1.0
6,70,6.267239230489152,9.27315897467942,7.0,-1.0
7,70,7.378288691423795,6.372760847524286,-1.0,4.0
8,70,3.716225993431298,3.601012848957172,0.0,0.0
9,70,1.4742552417917347,2.2811579350559192,-1.0,0.0
10,70,2.19243106519823,7.873882628767702,-1.0,3.0
11,70,1.7312759253965435,0.569401370021869,-1.0,0.0
12,70,9.311946162671058,3.637098355846899,1.0,-1.0
13,70,5.2971876422293525,4.44776540344992,4.0,-1.0
14,70,2.225886388808444,0.0,-1.0,0.0
0,75,0.8369095843552883,0.3238118110288066,0.0,0.0
1,75,9.818211042637015,1.0688773332893315,2.0,-1.0
2,75,2.754181588525185,12.0,6.0,-1.0
3,75,8.628523769092336,5.258626991876437,-1.0,5.0
4,75,12.0,9.426159919759847,-1.0,8.0
5,75,11.387843285569176,2.340475865241687,2.0,-1.0
6,75,6.23727902591174,9.28502130103947,7.0,-1.0
7,75,7.417506410174409,6.307305371643522,-1.0,4.0
8,75,3.7597581306302894,3.575157969487799,0.0,0.0
9,75,1.493419570834003,2.250430495797724,-1.0,0.0
10,75,2.1278022819054545,7.863866755091944,-1.0,3.0
11,75,1.7563779540512008,0.5560076556239617,-1.0,0.0
12,75,9.32706668006629,3.6681433191381463,1.0,-1.0
13,75,5.220593289313944,4.489935972290343,4.0,-1.0
14,75,2.2342153732961845,0.0,-1.0,0.0
0,80,0.8820076239450996,0.3397318314545146,0.0,0.0
1,80,9.817683186547647,1.132059967447144,2.0,-1.0
2,80,2.8162139679680345,12.0,6.0,-1.0
3,80,8.60723609624935,5.213112761941025,-1.0,5.0
4,80,12.0,9.388630043462966,-1.0,8.0
5,80,11.343058441923054,2.297852667896025,2.0,-1.0
6,80,6.208029786930168,9.2962857983014,7.0,-1.0
7,80,7.434490922106468,6.280652987618519,-1.0,4.0
8,80,3.8026639331250185,3.550435675671305,0.0,0.0
9,80,1.5210080678900229,2.2054052611784503,-1.0,0.0
10,80,2.089093139503957,7.858440876416919,-1.0,3.0
11,80,1.8257607605704775,0.5202456556479275,-1.0,0.0
12,80,9.350700982209084,3.718008680659159,1.0,-1.0
13,80,5.154406127810391,4.526856792848219,4.0,-1.0
14,80,2.246840838760789,0.0,-1.0,0.0
0,85,0.9207888964782202,0.3515304680067185,0.0,0.0
1,85,9.817426988453278,1.1806025251801309,2.0,-1.0
2,85,2.865381613093169,12.0,6.0,-1.0
3,85,8.575794198203587,5.150649914867089,-1.0,5.0
4,85,12.0,9.361004758670202,-1.0,8.0
5,85,11.304833614149036,2.2620410660799424,2.0,-1.0
6,85,6.154961397120968,9.315955428031614,7.0,-1.0
7,85,7.461928010295634,6.239525939758335,-1.0,4.0
8,85,3.850821584162442,3.522279460508977,0.0,0.0
9,85,1.5594601421357814,2.1433629452689447,-1.0,0.0
10,85,2.0229821729941126,7.849778831511254,-1.0,3.0
11,85,1.8761961449695,0.4919583551117366,-1.0,0.0
12,85,9.368301067679967,3.7538676039979895,1.0,-1.0
13,85,5.102718169933998,4.554912816907714,4.0,-1.0
14,85,2.2613022749579392,0.0,-1.0,0.0
0,90,0.986482808601772,0.3715068958959571,0.0,0.0
1,90,9.817127880520822,1.2356487525343334,2.0,-1.0
2,90,2.903260463159459,12.0,6.0,-1.0
3,90,8.55070463744832,5.0992336456768985,-1.0,5.0
4,90,12.0,9.316825383103216,-1.0,8.0
5,90,11.285888538166288,2.2448427332081744,2.0,-1.0
6,90,6.127133651590428,9.326459778181404,7.0,-1.0
7,90,7.487157061557339,6.201631286395417,-1.0,4.0
8,90,3.894360835628357,3.4981053190767653,0.0,0.0
9,90,1.5838403306079991,2.1041880854122086,-1.0,0.0
10,90,1.968566502649223,7.841567550541691,-1.0,3.0
11,90,1.9218414358749107,0.4669983033860701,-1.0,0.0
12,90,9.388160963460605,3.7940109497436487,1.0,-1.0
13,90,5.047303628342116,4.581790584862349,4.0,-1.0
14,90,2.272058000801107,0.0,-1.0,0.0
0,95,1.0432051955264676,0.3889371116093756,0.0,0.0
1,95,9.817621024204072,1.2821738879128828,2.0,-1.0
2,95,2.944187732539252,12.0,6.0,-1.0
3,95,8.52483261070695,5.0437068145803865,-1.0,5.0
4,95,12.0,9.278351286282156,-1.0,8.0
5,95,11.250344517971795,2.2122352772148104,2.0,-1.0
6,95,6.05670233660363,9.35515017724212,7.0,-1.0
7,95,7.512371740200115,6.162774101826575,-1.0,4.0
8,95,3.9168097135950593,3.5377660018314807,0.0,0.0
9,95,1.6204395807710923,2.047243006431489,-1.0,0.0
10,95,1.9628545563444428,7.885259197986601,-1.0,3.0
11,95,1.958819712623888,0.4470049648209499,-1.0,0.0
12,95,9.418416462679511,3.860595320817547,1.0,-1.0
13,95,5.002163339571927,4.604135542179812,4.0,-1.0
14,95,2.286486008188768,0.0,-1.0,0.0
0,100,1.0986945131065833,0.4049053002842423,0.0,0.0
1,100,9.81879213145067,1.344802795496034,2.0,-1.0
2,100,2.9902466921267568,12.0,6.0,-1.0
3,100,8.499356464479328,4.9903435161969565,-1.0,5.0
4,100,12.0,9.25005876269296,-1.0,8.0
5,100,11.21258131062272,2.177835614781568,2.0,-1.0
6,100,6.009952404636762,9.375731725733852,7.0,-1.0
7,100,7.552353107571941,6.102196088300524,-1.0,4.0
8,100,3.947161798970511,3.5899188202003725,0.0,0.0
9,100,1.6520461436443734,1.999512656660112,-1.0,0.0
10,100,1.95603233756786,7.947585185118628,-1.0,3.0
11,100,2.0030069480503325,0.4221601443453399,-1.0,0.0
12,100,9.44519333965993,3.91988439220757,1.0,-1.0
13,100,4.9543786036076005,4.628254695562557,4.0,-1.0
14,100,2.297640862603701,0.0,-1.0,0.0
0,105,1.1372464263573716,0.4155871012632015,0.0,0.0
1,105,9.821362327521374,1.4343848930876162,2.0,-1.0
2,105,3.042746576892291,12.0,6.0,-1.0
3,105,8.471355297587358,4.92917566280899,-1.0,5.0
4,105,12.0,9.199753484928566,-1.0,8.0
5,105,11.185577873073628,2.151805591259722,2.0,-1.0
6,105,5.974652077297375,9.390361271563949,7.0,-1.0
7,105,7.573686496526188,6.069781431522664,-1.0,4.0
8,105,3.974441142884323,3.6376460204892656,0.0,0.0
9,105,1.6792602022202037,1.9572391735138068,-1.0,0.0
10,105,1.9480074203032596,8.024491388102387,-1.0,6.0
11,105,2.0617251235651395,0.3862463762920035,-1.0,0.0
12,105,9.46916024439827,3.9745755538660177,5.0,-1.0
13,105,4.916213560872033,4.648315237760567,4.0,-1.0
14,105,2.3118657600899266,0.0,-1.0,0.0
0,110,1.205613396183177,0.4365540897159699,0.0,0.0
1,110,9.82313247307786,1.4961057875463073,2.0,-1.0
2,110,3.0875468549164773,12.0,6.0,-1.0
3,110,8.446422976733276,4.870932439231398,-1.0,5.0
4,110,12.0,9.162426857774353,-1.0,8.0
5,110,11.137165016580706,2.10643160422082,2.0,-1.0
6,110,5.912745831085787,9.415698773870275,7.0,-1.0
7,110,7.612166762619743,6.013556571352232,-1.0,4.0
8,110,4.005103885606239,3.688228457620566,0.0,1.0
9,110,1.7108581143975428,1.9094139994184545,-1.0,0.0
10,110,1.9414982926233904,8.085021394404572,-1.0,6.0
11,110,2.110652887094614,0.3562606175601482,-1.0,0.0
12,110,9.491405816859022,4.027876777780254,5.0,-1.0
13,110,4.866699945722935,4.674238816759592,4.0,-1.0
14,110,2.3292643131617736,0.0,-1.0,0.0
0,115,1.2552891975061309,0.4526895653232942,0.0,0.0
1,115,9.824768372829528,1.555608299343323,2.0,-1.0
2,115,3.138324511871448,12.0,6.0,-1.0
3,115,8.436146157177989,4.847080522278237,-1.0,5.0
4,115,12.0,9.118853077235602,-1.0,8.0
5,115,11.08855345773943,2.0597518745491312,2.0,-1.0
6,115,5.86010675903257,9.436746037782289,7.0,-1.0
7,115,7.640571184971661,5.972171787888645,-1.0,4.0
8,115,4.026784783109463,3.723866802297132,0.0,1.0
9,115,1.74501476506941,1.859219847798496,-1.0,0.0
10,115,1.9345766159159936,8.143509175338226,-1.0,6.0
11,115,2.1540002896269983,0.3302923608009703,-1.0,0.0
12,115,9.512691311028512,4.077435252559571,5.0,-1.0
13,115,4.822103872283936,4.698338816421698,4.0,-1.0
14,115,2.34427605391041,0.0,-1.0,0.0
0,120,1.3138231695261655,0.4722935775947505,0.0,0.0
1,120,9.827349996817489,1.6015833331106455,2.0,-1.0
2,120,3.1816530021249028,12.0,6.0,-1.0
3,120,8.4163971335465,4.800258213455308,-1.0,5.0
4,120,12.0,9.070306550457506,-1.0,8.0
5,120,11.054112029798736,2.026720603156893,2.0,-1.0
6,120,5.812168372386094,9.45465667105827,7.0,-1.0
7,120,7.674487664032424,5.925562611878436,-1.0,4.0
8,120,4.049795830224035,3.7610688074924896,0.0,1.0
9,120,1.779611863455025,1.8064446527852904,-1.0,0.0
10,120,1.930619026155152,8.18078506264968,-1.0,6.0
11,120,2.2184496517208245,0.2915261077788174,-1.0,0.0
12,120,9.540046049937274,4.144494578465355,5.0,-1.0
13,120,4.77647541047732,4.72319786813702,4.0,-1.0
14,120,2.3549999623373266,0.0,-1.0,0.0
0,125,1.3977876290843123,0.5000640040569677,0.0,0.0
1,125,9.829855445959002,1.66202868270548,2.0,-1.0
2,125,3.2348292350618784,12.0,6.0,-1.0
3,125,8.389364048162477,4.734471117497923,-1.0,5.0
4,125,12.0,9.011243938943588,-1.0,8.0
5,125,11.016866097707824,1.9913006125789785,2.0,-1.0
6,125,5.753109254698339,9.476989880748318,7.0,-1.0
7,125,7.707917059590069,5.881004476008794,-1.0,4.0
8,125,4.070303228266793,3.795768981639071,1.0,1.0
9,125,1.804820984006159,1.7678235639182538,-1.0,0.0
10,125,1.9255806190579252,8.230693170992756,-1.0,6.0
11,125,2.2675967946362845,0.2624403788280164,-1.0,0.0
12,125,9.560596312786492,4.192223826322367,5.0,-1.0
13,125,4.734501212938522,4.747375442620892,4.0,-1.0
14,125,2.3645407878497777,0.0,-1.0,0.0
0,130,1.4467833832178152,0.5160351303828168,0.0,0.0
1,130,9.833191940466197,1.7201555192768043,2.0,-1.0
2,130,3.2633069012545435,12.0,6.0,-1.0
3,130,8.367313658291128,4.676650789540451,-1.0,5.0
4,130,12.0,8.966754910080068,-1.0,8.0
5,130,10.966696373381517,1.9452424320144504,2.0,-1.0
6,130,5.701427860246262,9.496060843710804,7.0,-1.0
7,130,7.728869202053059,5.852996908960652,-1.0,4.0
8,130,4.083928642840451,3.817723808184137,1.0,1.0
9,130,1.8318871484425587,1.726874940664892,-1.0,0.0
10,130,1.9200939751476411,8.281570746005983,-1.0,6.0
11,130,2.303121481965626,0.2419993550557716,-1.0,0.0
12,130,9.580305671833926,4.238556452114551,5.0,-1.0
13,130,4.685571634238131,4.776885420580371,4.0,-1.0
14,130,2.3706633596428595,0.0,-1.0,0.0
0,135,1.5085499853876538,0.5371000802778488,0.0,0.0
1,135,9.835150263982406,1.7708024275757863,2.0,-1.0
2,135,3.3141993874310267,12.0,6.0,-1.0
3,135,8.35110866454891,4.636084823084552,-1.0,5.0
4,135,12.0,8.92597714370858,-1.0,8.0
5,135,10.927439991423055,1.9110291059220257,2.0,-1.0
6,135,5.648933868662044,9.514124256600084,7.0,-1.0
7,135,7.744138557239359,5.831940848656076,-1.0,4.0
8,135,4.108029837747412,3.85731396847633,1.0,1.0
9,135,1.864055759284197,1.676592079441695,-1.0,0.0
10,135,1.9149654818522093,8.322718559219782,-1.0,6.0
11,135,2.320608098573271,0.2321943435973048,-1.0,0.0
12,135,9.605755174392748,4.293647321220427,5.0,-1.0
13,135,4.629069651419727,4.808817191465336,4.0,-1.0
14,135,2.374990296548039,0.0,-1.0,0.0
0,140,1.552995142872633,0.5513850208501123,0.0,0.0
1,140,9.837593743917925,1.8329104716356976,2.0,-1.0
2,140,3.3494971855011557,12.0,6.0,-1.0
3,140,8.33895551395336,4.606812884482022,-1.0,5.0
4,140,12.0,8.884485175715533,-1.0,8.0
5,140,10.87928235277135,1.8708594988812448,2.0,-1.0
6,140,5.584436167977302,9.53547056076287,7.0,-1.0
7,140,7.776474295545306,5.787973653091648,-1.0,4.0
8,140,4.141170546872996,3.909966358534723,1.0,1.0
9,140,1.896332531577476,1.6278536629368905,-1.0,0.0
10,140,1.9104417481442049,8.365277893202204,-1.0,6.0
11,140,2.3821675863035385,0.1940210416667865,-1.0,0.0
12,140,9.625389126572372,4.337364241345205,5.0,-1.0
13,140,4.583684977045412,4.832742637703526,4.0,-1.0
14,140,2.3792304065324186,0.0,-1.0,0.0
0,145,1.5921406870519526,0.5647280066785131,0.0,0.0
1,145,9.84070718942877,1.8890802328630956,2.0,-1.0
2,145,3.3960864915483997,12.0,6.0,-1.0
3,145,8.31766033188993,4.554444842868612,-1.0,5.0
4,145,12.0,8.839774231568095,-1.0,8.0
5,145,10.84994840904727,1.8448729657727776,2.0,-1.0
6,145,5.511110249120695,9.559634527817408,7.0,-1.0
7,145,7.796449314572045,5.760569275435035,-1.0,4.0
8,145,4.170272226068496,3.954034562047465,1.0,1.0
9,145,1.923415750927457,1.5879952148442456,-1.0,0.0
10,145,1.906464283802388,8.408857861728675,-1.0,6.0
11,145,2.432344730731317,0.1637744279997982,-1.0,0.0
12,145,9.64364289385101,4.382623237438017,5.0,-1.0
13,145,4.541975887969853,4.85523837173695,4.0,-1.0
14,145,2.3869163371913915,0.0,-1.0,0.0
0,150,1.6382765956745882,0.579711045829521,0.0,0.0
1,150,9.846197628871751,1.9653970440246085,2.0,-1.0
2,150,3.464206036204436,12.0,6.0,-1.0
3,150,8.297626156655346,4.504425186278915,-1.0,5.0
4,150,12.0,8.79356255959434,-1.0,8.0
5,150,10.798905112508638,1.799130296857538,2.0,-1.0
6,150,5.436577468738126,9.584629047033712,7.0,-1.0
7,150,7.836090062927532,5.708753891611758,-1.0,4.0
8,150,4.209338558442541,4.01270077576909,4.0,4.0
9,150,1.9456884598193505,1.555407222052959,-1.0,0.0
10,150,1.9010663851190608,8.470129679842058,-1.0,6.0
11,150,2.472774852486961,0.1386661529048538,-1.0,0.0
12,150,9.668300211385446,4.441331323718902,5.0,-1.0
13,150,4.477585437556263,4.892808601189374,4.0,-1.0
14,150,2.3943043064244502,0.0,-1.0,0.0
0,155,1.6916773978288928,0.5981353298963068,0.0,0.0
1,155,9.849570821136766,2.0189108479295563,2.0,-1.0
2,155,3.5067554027742287,12.0,6.0,-1.0
3,155,8.277670843470133,4.456440198250397,-1.0,5.0
4,155,12.0,8.752183326055212,-1.0,8.0
5,155,10.752854621054714,1.7571136190324086,2.0,-1.0
6,155,5.372612593265607,9.606670554053949,7.0,-1.0
7,155,7.855993951020644,5.682394512850472,-1.0,4.0
8,155,4.234461694282775,4.05065622156636,4.0,4.0
9,155,1.9785559261608463,1.5093819486778663,-1.0,0.0
10,155,1.89374453650015,8.551185174529255,-1.0,6.0
11,155,2.5347649026056427,0.0994534729621208,-1.0,0.0
12,155,9.695664420050788,4.507234431951466,5.0,-1.0
13,155,4.429979897493804,4.919666824203871,4.0,-1.0
14,155,2.404085284151316,0.0,-1.0,0.0
0,160,1.7435685786688953,0.6158672608513169,0.0,0.0
1,160,9.853954649071666,2.091405953397552,2.0,-1.0
2,160,3.5539600151848854,12.0,6.0,-1.0
3,160,8.258805514135986,4.41058047098197,-1.0,5.0
4,160,12.0,8.695104697931091,-1.0,8.0
5,160,10.69879848308998,1.7073383827413284,2.0,-1.0
6,160,5.3226283312510105,9.62299649154267,7.0,-1.0
7,160,7.890353534659138,5.639053052025695,-1.0,4.0
8,160,4.27028495809785,4.102865044100096,4.0,4.0
9,160,1.991338576406312,1.491032359454257,-1.0,0.0
10,160,1.8888214489462596,8.600039280106218,-1.0,6.0
11,160,2.588042575721964,0.0670741573981238,-1.0,0.0
12,160,9.723629834321182,4.571429771360527,5.0,-1.0
13,160,4.384681704195248,4.946437559633005,4.0,-1.0
14,160,2.4106875777742363,0.0,-1.0,0.0
0,165,1.78360591762114,0.6290514981952053,0.0,0.0
1,165,9.857398006183674,2.162278871310016,2.0,-1.0
2,165,3.5940846757720077,12.0,6.0,-1.0
3,165,8.242456293048576,4.370695285072409,-1.0,5.0
4,165,12.0,8.650230310397932,-1.0,8.0
5,165,10.663135136260966,1.6728606386793756,2.0,-1.0
6,165,5.26552848018564,9.641359297490048,7.0,-1.0
7,165,7.926769553651071,5.591999279141208,-1.0,4.0
8,165,4.298734130996208,4.14423668979345,4.0,4.0
9,165,2.025827557436068,1.443149686554018,-1.0,0.0
10,165,1.8833449979878767,8.664866810454,-1.0,6.0
11,165,2.6201341813800227,0.0479677599831082,-1.0,0.0
12,165,9.772215265970306,4.551259497072002,5.0,-1.0
13,165,4.324024625253764,4.982380982758096,4.0,-1.0
14,165,2.419120464491884,0.0,-1.0,0.0
0,170,1.8388807933265343,0.6472340045425743,0.0,0.0
1,170,9.860798013134303,2.2148110337908222,2.0,-1.0
2,170,3.634773745290012,12.0,6.0,-1.0
3,170,8.222473466860503,4.320984620459664,-1.0,5.0
4,170,12.0,8.619106617248427,-1.0,8.0
5,170,10.622171125427242,1.631099860551712,2.0,-1.0
6,170,5.184395646401491,9.667936000961744,7.0,-1.0
7,170,7.962712992108879,5.544453811877445,-1.0,4.0
8,170,4.325392589271384,4.185051661436687,4.0,4.0
9,170,2.0532032697956453,1.4036422704621483,-1.0,0.0
10,170,1.8792831489922244,8.712430752865341,-1.0,6.0
11,170,2.661739753808304,0.0234014799225617,-1.0,0.0
12,170,9.810387570058502,4.535194693951846,5.0,-1.0
13,170,4.282979915884789,5.006571487810517,4.0,-1.0
14,170,2.4285828490350423,0.0,-1.0,0.0
0,175,1.90556134505468,0.6692304194884012,0.0,0.0
1,175,9.864370166043743,2.2832617374140494,2.0,-1.0
2,175,3.687181759981645,12.0,6.0,-1.0
3,175,8.201308997540668,4.268025667147567,-1.0,5.0
4,175,12.0,8.562544822928324,-1.0,8.0
5,175,10.57816440036182,1.5854589270380297,2.0,-1.0
6,175,5.133687550892864,9.683472833633983,7.0,-1.0
7,175,7.988011464135677,5.513015257589835,-1.0,4.0
8,175,4.365152768506741,4.246992768600698,4.0,4.0
9,175,2.0861065636972054,1.356074020223906,-1.0,0.0
10,175,1.872649467265656,8.78228481823249,-1.0,6.0
11,175,2.7092412172448648,0.0,-1.0,0.0
12,175,9.863689839487064,4.513165388904032,5.0,-1.0
13,175,4.216882392263576,5.047001082489504,4.0,-1.0
14,175,2.436656361500999,0.0,-1.0,0.0
0,180,1.9528181214732645,0.6843679059841838,0.0,0.0
1,180,9.801699139267871,2.286664338732179,2.0,-1.0
2,180,3.733398663110056,12.0,6.0,-1.0
3,180,8.182551935240268,4.221743230895132,-1.0,5.0
4,180,12.0,8.489381984749357,-1.0,8.0
5,180,10.548611929191118,1.5529686755613925,2.0,-1.0
6,180,5.082591513733897,9.699861546071864,7.0,-1.0
7,180,8.0310140615745,5.459232642771482,-1.0,5.0
8,180,4.408708451122928,4.317175681052892,4.0,4.0
9,180,2.110582122689471,1.3199830029277917,-1.0,0.0
10,180,1.8685931621355736,8.840696182280182,-1.0,6.0
11,180,2.76433066422291,0.0,-1.0,0.0
12,180,9.8979818483647,4.49816167740707,5.0,-1.0
13,180,4.146368594380919,5.090605269960406,4.0,-1.0
14,180,2.4445333273890784,0.0,-1.0,0.0
0,185,2.011623354826332,0.7023779413934175,0.0,0.0
1,185,9.766867382720177,2.2887280827707444,2.0,-1.0
2,185,3.775264998171308,12.0,6.0,-1.0
3,185,8.159290752437416,4.163982173486106,-1.0,5.0
4,185,12.0,8.430943428615963,-1.0,8.0
5,185,10.513517760685769,1.5138413091359484,2.0,-1.0
6,185,5.025130462849187,9.719084855053936,7.0,-1.0
7,185,8.06440215066415,5.416452513128352,-1.0,5.0
8,185,4.43651150037989,4.364165676838449,4.0,4.0
9,185,2.1394728290542497,1.2742981161354774,-1.0,0.0
10,185,1.8659920448043823,8.890648961708575,-1.0,6.0
11,185,2.8107272189907078,0.0,-1.0,0.0
12,185,9.955617932953466,4.472755795820247,5.0,-1.0
13,185,4.09877203379514,5.119494465405095,4.0,-1.0
14,185,2.450226254796004,0.0,-1.0,0.0
0,190,2.0891110608064456,0.7254039652686505,0.0,0.0
1,190,9.724347349147598,2.291174513622493,2.0,-1.0
2,190,3.819947036180951,12.0,6.0,-1.0
3,190,8.136333940128374,4.101040444347242,-1.0,5.0
4,190,12.0,8.382424308107506,-1.0,8.0
5,190,10.452778227434264,1.4475461525742823,2.0,-1.0
6,190,4.988657570536016,9.732350684255604,7.0,-1.0
7,190,8.101462263210717,5.369388038542214,-1.0,5.0
8,190,4.462759906235908,4.405669779434006,4.0,4.0
9,190,2.180033429277632,1.2134321184142147,-1.0,0.0
10,190,1.8630728833921044,8.94202331253067,-1.0,6.0
11,190,2.85076239919305,0.0,-1.0,0.0
12,190,10.01635153180623,4.443873545485554,5.0,-1.0
13,190,4.0434494252037,5.152986815110786,4.0,-1.0
14,190,2.4583903095015667,0.0,-1.0,0.0
0,195,2.137936760173753,0.740831407931408,0.0,0.0
1,195,9.678421528050407,2.2937390992448994,2.0,-1.0
2,195,3.776537492279985,12.0,6.0,-1.0
3,195,8.113734608163528,4.032785387387921,-1.0,5.0
4,195,12.0,8.349337813378456,-1.0,8.0
5,195,10.422445163723893,1.414163803865972,2.0,-1.0
6,195,4.9130883204302425,9.757224412298518,7.0,-1.0
7,195,8.137571713041595,5.322914684130895,-1.0,5.0
8,195,4.489157369623492,4.445162736267225,4.0,4.0
9,195,2.2108780594845534,1.167455365873033,-1.0,0.0
10,195,1.85962458146188,9.00940268551918,-1.0,6.0
11,195,2.887412503327367,0.0,-1.0,0.0
12,195,10.04558338052197,4.428929837730823,5.0,-1.0
13,195,4.008767512441329,5.174033272837131,4.0,-1.0
14,195,2.4632801867485603,0.0,-1.0,0.0
0,200,2.185911842986733,0.755477008586059,0.0,0.0
1,200,9.594369925513597,2.297952346470342,2.0,-1.0
2,200,3.750491194208184,12.0,6.0,-1.0
3,200,8.100667622006064,3.994238452201973,-1.0,2.0
4,200,12.0,8.312565336733762,-1.0,8.0
5,200,10.3854535965091,1.3751632352833925,2.0,-1.0
6,200,4.861228045055585,9.77307064404195,7.0,-1.0
7,200,8.175504823720976,5.273327229019968,-1.0,5.0
8,200,4.447883918127941,4.4745092588491024,4.0,4.0
9,200,2.2387301255275998,1.1262405662259132,-1.0,0.0
10,200,1.8555341111232784,9.07337200767476,-1.0,6.0
11,200,2.9361030397971213,0.0,-1.0,0.0
12,200,10.096077089304318,4.403748784965596,5.0,-1.0
13,200,3.9775477320649353,5.193822823121571,4.0,-1.0
14,200,2.470365228764661,0.0,-1.0,0.0
0,205,2.2564474768813425,0.7774199505807531,0.0,0.0
1,205,9.548384491879784,2.298956056851374,2.0,-1.0
2,205,3.70534604929633,12.0,6.0,-1.0
3,205,8.074025312490345,3.918277621868632,-1.0,2.0
4,205,12.0,8.255033143103109,-1.0,8.0
5,205,10.350341300721748,1.3384855841986532,2.0,-1.0
6,205,4.811018055605028,9.789594067893368,7.0,-1.0
7,205,8.216506990234771,5.220342040767691,-1.0,5.0
8,205,4.415287577256134,4.497557748312092,4.0,4.0
9,205,2.2646097667391607,1.0897269927419857,-1.0,0.0
10,205,1.851382225523095,9.129341443284856,-1.0,6.0
11,205,2.984921080439182,0.0,-1.0,0.0
12,205,10.15675431599673,4.374765222787332,5.0,-1.0
13,205,3.9344184999805294,5.21968823594012,4.0,-1.0
14,205,2.474948058675832,0.0,-1.0,0.0
0,210,2.2857386545669254,0.7869336363436982,0.0,0.0
1,210,9.483226315494056,2.298603102975843,2.0,-1.0
2,210,3.676119395719983,12.0,6.0,-1.0
3,210,8.051553594598028,3.8604441723229055,-1.0,2.0
4,210,12.0,8.213591695153399,-1.0,8.0
5,210,10.314513364771862,1.303620778899682,2.0,-1.0
6,210,4.762139431720624,9.807698368126818,7.0,-1.0
7,210,8.25007870686808,5.177981695448342,-1.0,5.0
8,210,4.376388837334955,4.527462954515562,4.0,4.0
9,210,2.293313184365505,1.0493035743057897,-1.0,0.0
10,210,1.8454635810176556,9.20643597827605,-1.0,6.0
11,210,3.007938662698633,0.0,-1.0,0.0
12,210,10.202780156779868,4.351398310382401,5.0,-1.0
13,210,3.880555021853214,5.252873394154025,3.0,-1.0
14,210,2.478061682366779,0.0,-1.0,0.0
0,215,2.348451844040813,0.8042442010932641,0.0,0.0
1,215,9.438578160152346,2.298547310634941,2.0,-1.0
2,215,3.647633484884244,12.0,6.0,-1.0
3,215,8.033363261161066,3.811434506682051,-1.0,2.0
4,215,12.0,8.179558422353686,-1.0,8.0
5,215,10.288981647615463,1.2779714518963097,2.0,-1.0
6,215,4.723443831600121,9.821620436271544,7.0,-1.0
7,215,8.281176155470833,5.138269424980108,-1.0,5.0
8,215,4.331616304960118,4.560824150315264,4.0,4.0
9,215,2.328831898360213,0.9983515523417382,-1.0,0.0
10,215,1.8390971929634763,9.26102961959288,-1.0,6.0
11,215,3.052942161459414,0.0,-1.0,0.0
12,215,10.256198811997692,4.324991659345415,5.0,-1.0
13,215,3.838682162415259,5.279598393490749,3.0,-1.0
14,215,2.4822049340796557,0.0,-1.0,0.0
0,220,2.399830561023302,0.8184931310665784,0.0,0.0
1,220,9.378209784689576,2.298909797299705,2.0,-1.0
2,220,3.622716902008804,12.0,6.0,-1.0
3,220,8.019214723360593,3.771077259015823,-1.0,2.0
4,220,12.0,8.142711303114213,-1.0,8.0
5,220,10.257943895514838,1.2492342828175336,2.0,-1.0
6,220,4.672311365061939,9.841331237336982,7.0,-1.0
7,220,8.297236090768646,5.117808818588921,-1.0,5.0
8,220,4.2943450347192575,4.588158134014669,4.0,4.0
9,220,2.3592539298211053,0.9564687137167748,-1.0,0.0
10,220,1.8313293393804173,9.331131717515849,-1.0,6.0
11,220,3.0828128058526523,0.0,-1.0,0.0
12,220,10.310211144295586,4.298671322210996,5.0,-1.0
13,220,3.79433684303889,5.306862689431872,3.0,-1.0
14,220,2.4938620324146217,0.0,-1.0,0.0
0,225,2.4662867152683297,0.8382049118759726,0.0,0.0
1,225,9.315010814494032,2.3016426471336504,2.0,-1.0
2,225,3.592540330359702,12.0,6.0,-1.0
3,225,8.001252207063269,3.7176972772096497,-1.0,2.0
4,225,12.0,8.101518868150567,-1.0,8.0
5,225,10.23103334035384,1.2245556570059133,2.0,-1.0
6,225,4.598458215636233,9.871276409492005,7.0,-1.0
7,225,8.330178596483888,5.076977773631349,-1.0,5.0
8,225,4.247541140201301,4.622797292381126,4.0,4.0
9,225,2.377866931557656,0.9309759415980235,-1.0,0.0
10,225,1.8016015369551628,9.327314502348996,-1.0,6.0
11,225,3.151866574892259,0.0,-1.0,0.0
12,225,10.35339230944543,4.279206154743945,5.0,-1.0
13,225,3.733798933599891,5.34569907144389,3.0,-1.0
14,225,2.502764282386342,0.0,-1.0,0.0
0,230,2.527074230341798,0.8557191924811347,0.0,0.0
1,230,9.241834695259993,2.3038531289615003,2.0,-1.0
2,230,3.5532444993789243,12.0,6.0,-1.0
3,230,8.048546283184384,3.7006595813958594,-1.0,2.0
4,230,12.0,8.038016392597953,-1.0,8.0
5,230,10.189269013094322,1.1865795563464967,2.0,-1.0
6,230,4.532593792360429,9.899239992079602,7.0,-1.0
7,230,8.380700293438498,5.010974479061337,-1.0,5.0
8,230,4.193267481354644,4.664331702184932,4.0,4.0
9,230,2.409826357627088,0.8870840279209271,-1.0,0.0
10,230,1.751445447822088,9.321331899529929,-1.0,6.0
11,230,3.180843290195368,0.0,-1.0,0.0
12,230,10.391916938302275,4.261946143793687,5.0,-1.0
13,230,3.6828621076351737,5.37676458351308,3.0,-1.0
14,230,2.512025790758959,0.0,-1.0,0.0
0,235,2.585267166461945,0.8719160910706699,0.0,0.0
1,235,9.240473063256696,2.2449373144674385,2.0,-1.0
2,235,3.517725481147662,12.0,6.0,-1.0
3,235,8.110589697735206,3.677008183133111,-1.0,2.0
4,235,12.0,7.986094286464702,-1.0,5.0
5,235,10.151566394566435,1.152373992266538,2.0,-1.0
6,235,4.486253310984223,9.918332488490949,7.0,-1.0
7,235,8.417294605443816,4.966746523798678,-1.0,5.0
8,235,4.160295431883728,4.68892698873413,4.0,4.0
9,235,2.436613904672181,0.851349302749354,-1.0,0.0
10,235,1.7074172156159724,9.31563154424099,-1.0,6.0
11,235,3.228002481449,0.0,-1.0,0.0
12,235,10.447399303077423,4.237340052937153,5.0,-1.0
13,235,3.624339240459824,5.412637956937395,3.0,-1.0
14,235,2.5188854845205,0.0,-1.0,0.0
0,240,2.6465230042823635,0.8897591719393941,0.0,0.0
1,240,9.23973715029056,2.170182724237354,2.0,-1.0
2,240,3.495437555476157,12.0,6.0,-1.0
3,240,8.17891455686979,3.6506004243073713,-1.0,2.0
4,240,12.0,7.9304404855597905,-1.0,5.0
5,240,10.118916978237396,1.12268628783761,2.0,-1.0
6,240,4.445857233229747,9.935176627370916,7.0,-1.0
7,240,8.468479497007484,4.9059082468525474,-1.0,5.0
8,240,4.1417959028639775,4.702704790790436,4.0,4.0
9,240,2.45751704723363,0.8230459869853322,-1.0,0.0
10,240,1.6482774030059784,9.30634900248413,-1.0,6.0
11,240,3.270217901328994,0.0,-1.0,0.0
12,240,10.51025184698857,4.209764297247784,5.0,-1.0
13,240,3.5766767464071547,5.440383181288557,3.0,-1.0
14,240,2.5322050087546,0.0,-1.0,0.0
0,245,2.6364504141090404,0.9256633981147738,0.0,0.0
1,245,9.23954204709698,2.1092647486994243,2.0,-1.0
2,245,3.454259891072712,12.0,6.0,-1.0
3,245,8.225664185267213,3.63123500483208,-1.0,2.0
4,245,12.0,7.893377552048321,-1.0,5.0
5,245,10.09537270548178,1.1011085649500307,2.0,-1.0
6,245,4.398294760927923,9.955592653070672,7.0,-1.0
7,245,8.49666899269714,4.870982670580253,-1.0,5.0
8,245,4.088534686499709,4.742740681975628,4.0,4.0
9,245,2.5054682031876694,0.7577632742927212,-1.0,0.0
10,245,1.6045700858446097,9.29844638558719,-1.0,6.0
11,245,3.3141939955263826,0.0,-1.0,0.0
12,245,10.555685400097303,4.189774457052858,5.0,-1.0
13,245,3.51114669708824,5.480659312952193,3.0,-1.0
14,245,2.5426426774864344,0.0,-1.0,0.0
0,250,2.621714299743522,0.9775165495004994,0.0,0.0
1,250,9.240105231564147,2.055371132155714,2.0,-1.0
2,250,3.433632144852135,12.0,6.0,-1.0
3,250,8.267136949437418,3.614349349020468,-1.0,2.0
4,250,12.0,7.864017759783201,-1.0,5.0
5,250,10.057388903370052,1.0667986717561204,2.0,-1.0
6,250,4.326375781966017,9.986696832802831,7.0,-1.0
7,250,8.542812804163157,4.810376963239114,-1.0,5.0
8,250,4.054132712945526,4.767789613423692,4.0,4.0
9,250,2.5261132979648084,0.7297984594475678,-1.0,0.0
10,250,1.5535256547741838,9.288593739694887,-1.0,6.0
11,250,3.3615052943252195,0.0,-1.0,0.0
12,250,10.588409996213889,4.17617192129045,5.0,-1.0
13,250,3.464758334234069,5.509096595517932,3.0,-1.0
14,250,2.5548669640432493,0.0,-1.0,0.0
0,255,2.595138991571927,1.0708279222648758,0.0,0.0
1,255,9.24000824347222,2.012814449682176,2.0,-1.0
2,255,3.400907613570679,12.0,6.0,-1.0
3,255,8.298373858496921,3.601876231033937,-1.0,2.0
4,255,12.0,7.8180622680869405,-1.0,5.0
5,255,10.011720325533943,1.025916612832921,2.0,-1.0
6,255,4.291641807072688,10.00076373535837,7.0,-1.0
7,255,8.583696993192778,4.7576289459720655,-1.0,5.0
8,255,3.992073148153316,4.812029495811378,4.0,3.0
9,255,2.546754932584608,0.7030587161596403,-1.0,0.0
10,255,1.5104513264721302,9.281523637218218,-1.0,6.0
11,255,3.422446185196464,0.0,-1.0,0.0
12,255,10.647052127888994,4.151376135129562,5.0,-1.0
13,255,3.43877024245167,5.524153441374504,3.0,-1.0
14,255,2.5685659627471478,0.0,-1.0,0.0
0,260,2.5724226356659723,1.144611301208914,0.0,0.0
1,260,9.238168866502736,1.961443355605356,2.0,-1.0
2,260,3.3689989372211717,12.0,6.0,-1.0
3,260,8.348677447711637,3.5807120994867594,-1.0,2.0
4,260,12.0,7.78289951730192,-1.0,5.0
5,260,9.977403525278769,0.9939026055047548,2.0,-1.0
6,260,4.237764691487245,10.022466330895648,7.0,-1.0
7,260,8.620869788919594,4.7089364619186975,-1.0,5.0
8,260,3.9588482182022857,4.836564645920648,4.0,3.0
9,260,2.595905552157678,0.640403465911581,-1.0,0.0
10,260,1.474260686841212,9.275833080511482,-1.0,6.0
11,260,3.464430444537956,0.0,-1.0,0.0
12,260,10.615933385931754,4.083062817162057,5.0,-1.0
13,260,3.3756606434413747,5.560164831039494,3.0,-1.0
14,260,2.5776469813999774,0.0,-1.0,0.0
0,265,2.5565931923967,1.1994716313722478,0.0,0.0
1,265,9.23589700167817,1.903236500193028,2.0,-1.0
2,265,3.337035339281243,12.0,6.0,-1.0
3,265,8.402570968923234,3.558759830009081,-1.0,2.0
4,265,12.0,7.739850078559507,-1.0,5.0
5,265,9.912250525520804,0.9334374250438862,2.0,-1.0
6,265,4.19129771853563,10.043186386203631,7.0,-1.0
7,265,8.64892020454593,4.673568442015189,-1.0,5.0
8,265,3.887302093758145,4.890860729502187,4.0,3.0
9,265,2.618786686966988,0.6100181279204149,-1.0,0.0
10,265,1.4136738536743432,9.266794785823372,-1.0,6.0
11,265,3.5103211674537524,0.0,-1.0,0.0
12,265,10.59157886664293,4.027962270752268,5.0,-1.0
13,265,3.342297325298858,5.579467230470563,3.0,-1.0
14,265,2.588734569585536,0.0,-1.0,0.0
0,270,2.542162872160258,1.2493961599373171,0.0,0.0
1,270,9.233520134905593,1.8462081660991063,2.0,-1.0
2,270,3.3060482087743304,12.0,6.0,-1.0
3,270,8.453131422792032,3.538410636794618,-1.0,2.0
4,270,12.0,7.704196218440442,-1.0,5.0
5,270,9.85975773170716,0.8826389166869106,2.0,-1.0
6,270,4.140671667241764,10.066170091411042,7.0,-1.0
7,270,8.674417588977166,4.641448549103661,-1.0,5.0
8,270,3.82653546991076,4.935662614223252,4.0,3.0
9,270,2.648937158521026,0.5693183042761971,-1.0,0.0
10,270,1.3496383958584537,9.258785420346577,-1.0,6.0
11,270,3.5369901935229957,0.0,-1.0,0.0
12,270,10.579834223620685,3.999699075593577,5.0,-1.0
13,270,3.2993516429862866,5.603633542888775,3.0,-1.0
14,270,2.596952182009496,0.0,-1.0,0.0
0,275,2.5325891816447257,1.288277520709501,0.0,0.0
1,275,9.232039343065042,1.7895930233320088,2.0,-1.0
2,275,3.254157806756253,12.0,6.0,-1.0
3,275,8.51143980718996,3.5147073347599687,-1.0,2.0
4,275,12.0,7.658948772313193,-1.0,5.0
5,275,9.827867568947088,0.85042565827335,2.0,-1.0
6,275,4.094612445541103,10.085466767641956,7.0,-1.0
7,275,8.703306592900924,4.6055680889634045,-1.0,5.0
8,275,3.791830783946668,4.960739614166112,4.0,3.0
9,275,2.6860596694010512,0.5194163010350114,-1.0,0.0
10,275,1.3020082235920647,9.25065980518605,-1.0,6.0
11,275,3.596870947088873,0.0,-1.0,0.0
12,275,10.560755694531444,3.949458420398021,5.0,-1.0
13,275,3.2577004830037564,5.626697627948586,3.0,-1.0
14,275,2.6069298890482777,0.0,-1.0,0.0
0,280,2.5230329661918534,1.3301634140266756,0.0,0.0
1,280,9.23126246921194,1.7456948759178876,2.0,-1.0
2,280,3.211705091068432,12.0,6.0,-1.0
3,280,8.5776691471616,3.489591976506367,-1.0,2.0
4,280,12.0,7.604472573211816,-1.0,5.0
5,280,9.775219698791204,0.7972658453797818,2.0,-1.0
6,280,4.05126267655865,10.104175009419365,7.0,-1.0
7,280,8.742424543505258,4.555656809229545,-1.0,5.0
8,280,3.749932615125597,4.991894327757025,3.0,3.0
9,280,2.7331857351976825,0.4562635862569471,-1.0,0.0
10,280,1.2545005409945804,9.243279723901422,-1.0,6.0
11,280,3.646360286836652,0.0,-1.0,0.0
12,280,10.53904781040328,3.8934514401372544,5.0,-1.0
13,280,3.229717281143019,5.64198202799362,3.0,-1.0
14,280,2.617520805032292,0.0,-1.0,0.0
0,285,2.509643279728912,1.3863981158750722,0.0,0.0
1,285,9.230354507411768,1.6876777240594485,2.0,-1.0
2,285,3.18415126649553,12.0,6.0,-1.0
3,285,8.601649562511804,3.4802228587684523,-1.0,2.0
4,285,12.0,7.578414193654838,-1.0,5.0
5,285,9.731125502097576,0.7526325718117057,2.0,-1.0
6,285,3.990553504245206,10.130515523438822,7.0,-1.0
7,285,8.785642319048451,4.500569712802472,-1.0,5.0
8,285,3.701393676351467,5.024076150088141,3.0,3.0
9,285,2.77022979037823,0.4034763735759724,-1.0,0.0
10,285,1.2150625455036432,9.237046072599998,-1.0,6.0
11,285,3.678598807770797,0.0,-1.0,0.0
12,285,10.524708883072616,3.855641148723588,5.0,-1.0
13,285,3.1774947602941204,5.669883760469261,3.0,-1.0
14,285,2.626056075462122,0.0,-1.0,0.0
0,290,2.493714582014675,1.454875125933016,0.0,0.0
1,290,9.229132933649913,1.6481897041059073,2.0,-1.0
2,290,3.145675382788456,12.0,6.0,-1.0
3,290,8.653745846064727,3.457882383528907,-1.0,2.0
4,290,12.0,7.550825132677531,-1.0,5.0
5,290,9.69526717339306,0.7158180386811569,2.0,-1.0
6,290,3.916327504526033,10.162733426584827,7.0,-1.0
7,290,8.833224753228174,4.442058495520617,-1.0,5.0
8,290,3.6698605608174018,5.043994714642254,3.0,3.0
9,290,2.8048884550516058,0.3549964034506515,-1.0,0.0
10,290,1.1615385726333332,9.226619166865678,-1.0,6.0
11,290,3.728815352412524,0.0,-1.0,0.0
12,290,10.499632498157723,3.794025309788753,5.0,-1.0
13,290,3.123417620304347,5.697508200943921,3.0,-1.0
14,290,2.639991388730404,0.0,-1.0,0.0
0,295,2.485734423160717,1.4882906753126208,0.0,0.0
1,295,9.228027263939424,1.5707979887582606,2.0,-1.0
2,295,3.1069028661990647,12.0,6.0,-1.0
3,295,8.717850201630267,3.431857270099524,-1.0,2.0
4,295,12.0,7.513743711154455,-1.0,5.0
5,295,9.656316036011091,0.6773350769477269,2.0,-1.0
6,295,3.87467280083524,10.18011609203025,7.0,-1.0
7,295,8.872479573916856,4.392539313807821,-1.0,5.0
8,295,3.625873613157472,5.070839027703985,3.0,3.0
9,295,2.8385632774319958,0.3097590219458274,-1.0,0.0
10,295,1.1137328405207776,9.21700559608154,-1.0,6.0
11,295,3.7546520231700713,0.0,-1.0,0.0
12,295,10.47822506839511,3.732949568151328,5.0,-1.0
13,295,3.071855645414972,5.723613810959656,3.0,-1.0
14,295,2.650220018342841,0.0,-1.0,0.0
