0,0,10.991048806340215,0.0188509051351188,1.0,0.0,0.0,0.0,0.0,0.0
1,0,2.004925506163267,8.061788882644864,1.0,0.0,1.0,1.0,0.0,1.0
2,0,8.9622661028944,2.0635897180926417,1.0,0.0,0.0,1.0,0.0,0.0
3,0,9.033574467972189,6.945454297104692,0.0,0.0,0.0,1.0,1.0,0.0
4,0,5.0052606618226285,6.065215006064762,1.0,0.0,0.0,1.0,0.0,0.0
5,0,4.039191840546722,8.033456875947797,0.0,0.0,1.0,0.0,0.0,0.0
6,0,11.994421917781024,9.966531597804543,1.0,0.0,1.0,0.0,0.0,0.0
7,0,2.9622903337218105,11.994014856692838,0.0,1.0,0.0,0.0,0.0,0.0
8,0,10.934226326833778,4.968203572026085,0.0,1.0,0.0,0.0,0.0,1.0
9,0,7.9712325001105135,2.0013512521477,1.0,1.0,0.0,0.0,0.0,0.0
10,0,1.028810186487599,3.953331001897567,0.0,1.0,0.0,0.0,1.0,0.0
11,0,6.058807176158653,11.976552147946048,1.0,0.0,0.0,0.0,0.0,0.0
12,0,11.031881656615274,2.040914974075907,1.0,0.0,1.0,0.0,0.0,1.0
13,0,12.0,0.0064886968274668,1.0,0.0,1.0,0.0,1.0,1.0
14,0,8.001502866194505,10.04781903720428,0.0,0.0,0.0,1.0,0.0,1.0
0,5,10.980827376596311,0.0406784776182058,1.0,0.0,0.0,0.0,0.0,0.0
1,5,2.009635030557997,8.113450399012564,1.0,0.0,1.0,1.0,0.0,1.0
2,5,8.919237666014077,2.131928938181349,1.0,0.0,0.0,1.0,0.0,0.0
3,5,9.07572277010271,6.877466559690491,0.0,0.0,0.0,1.0,1.0,0.0
4,5,5.010091619683134,6.113304071611649,1.0,0.0,0.0,1.0,0.0,0.0
5,5,4.063125774510033,8.053043845630192,0.0,0.0,1.0,0.0,0.0,0.0
6,5,11.991395438860248,9.946968297655127,1.0,0.0,1.0,0.0,0.0,0.0
7,5,2.914716608382058,11.98495979416621,0.0,1.0,0.0,0.0,0.0,0.0
8,5,10.869541793673095,4.93609012619252,0.0,1.0,0.0,0.0,0.0,1.0
9,5,7.970496253097326,1.9718813611753976,1.0,1.0,0.0,0.0,0.0,0.0
10,5,1.054553395612822,3.911974911417384,0.0,1.0,0.0,0.0,1.0,0.0
11,5,6.120949354658134,11.952573421405129,1.0,0.0,0.0,0.0,0.0,0.0
12,5,11.070828509909902,2.0903976551389856,1.0,0.0,1.0,0.0,0.0,1.0
13,5,12.0,0.0113675481593278,1.0,0.0,1.0,0.0,1.0,1.0
14,5,8.004692040907248,10.104814659071607,0.0,0.0,0.0,1.0,0.0,1.0
0,10,10.958791019810535,0.0864568225445189,1.0,0.0,0.0,0.0,0.0,0.0
1,10,2.012609680058045,8.151187275982002,1.0,0.0,1.0,1.0,0.0,1.0
2,10,8.870736519368263,2.212888802034309,1.0,0.0,0.0,1.0,0.0,0.0
3,10,9.109012520635565,6.82490658720446,0.0,0.0,0.0,1.0,1.0,0.0
4,10,5.015566883386333,6.174499345314235,1.0,0.0,0.0,1.0,0.0,0.0
5,10,4.078985190204373,8.065038463937917,0.0,0.0,1.0,0.0,0.0,0.0
6,10,11.989071053508836,9.93202919226742,1.0,0.0,1.0,0.0,0.0,0.0
7,10,2.87909296895987,11.978483941318292,0.0,1.0,0.0,0.0,0.0,0.0
8,10,10.796341703438074,4.901207844057762,0.0,1.0,0.0,0.0,0.0,1.0
9,10,7.970120122554469,1.964867541944053,1.0,1.0,0.0,0.0,0.0,0.0
10,10,1.081389483749461,3.8704150154324033,0.0,1.0,0.0,0.0,1.0,0.0
11,10,6.177429388754198,11.931703791089769,1.0,0.0,0.0,0.0,0.0,0.0
12,10,11.11106564003448,2.1443685147984097,1.0,0.0,1.0,0.0,0.0,1.0
13,10,12.0,0.0194632998300125,1.0,0.0,1.0,0.0,1.0,1.0
14,10,8.005847879887082,10.164600517265736,0.0,0.0,0.0,1.0,0.0,1.0
0,15,10.926981128604384,0.1530333267160589,1.0,0.0,0.0,0.0,0.0,0.0
1,15,2.016199683565258,8.189067188441916,1.0,0.0,1.0,1.0,0.0,1.0
2,15,8.816405735824764,2.3016818350002,1.0,0.0,0.0,1.0,0.0,0.0
3,15,9.15361954097453,6.754175889975584,0.0,0.0,0.0,1.0,1.0,0.0
4,15,5.02294257472779,6.251535404758507,1.0,0.0,0.0,1.0,0.0,0.0
5,15,4.077072546681557,8.063593908796825,0.0,0.0,1.0,0.0,0.0,0.0
6,15,11.988351324866896,9.927303012356605,1.0,0.0,1.0,0.0,0.0,0.0
7,15,2.835272040523844,11.969742151598968,0.0,1.0,0.0,0.0,0.0,0.0
8,15,10.73926242823016,4.875448677309617,0.0,1.0,0.0,0.0,0.0,1.0
9,15,7.970771177642775,1.987375181623083,1.0,1.0,0.0,0.0,0.0,0.0
10,15,1.0964132206972534,3.846607091903192,0.0,1.0,0.0,0.0,1.0,0.0
11,15,6.238241545681153,11.91026791427471,1.0,0.0,0.0,0.0,0.0,0.0
12,15,11.145215020008436,2.191203811832292,1.0,0.0,1.0,0.0,0.0,1.0
13,15,12.0,0.0288491212534408,1.0,0.0,1.0,0.0,1.0,1.0
14,15,8.0069901527986,10.211533597119905,0.0,0.0,0.0,1.0,0.0,1.0
0,20,10.892408625640687,0.2270299583513605,1.0,0.0,0.0,0.0,0.0,0.0
1,20,2.0186012582438853,8.214341728440507,1.0,0.0,1.0,1.0,0.0,1.0
2,20,8.755293230759126,2.4034865384207773,1.0,0.0,0.0,1.0,0.0,0.0
3,20,9.20445943672728,6.672792083408575,0.0,0.0,0.0,1.0,1.0,0.0
4,20,5.03125800183144,6.328915193875336,1.0,0.0,0.0,1.0,0.0,0.0
5,20,4.061443765869436,8.052047102383371,0.0,0.0,1.0,0.0,0.0,0.0
6,20,11.9889653024564,9.93120770699229,1.0,0.0,1.0,0.0,0.0,0.0
7,20,2.817183124699224,11.966019128292444,0.0,1.0,0.0,0.0,0.0,0.0
8,20,10.68598672502644,4.849051860951904,0.0,1.0,0.0,0.0,0.0,1.0
9,20,7.971482747609313,2.008131024792904,1.0,1.0,0.0,0.0,0.0,0.0
10,20,1.1082484958005212,3.8277216305864528,0.0,1.0,0.0,0.0,1.0,0.0
11,20,6.284285689807142,11.894424070406686,1.0,0.0,0.0,0.0,0.0,0.0
12,20,11.196630845879652,2.2612657114580235,1.0,0.0,1.0,0.0,0.0,1.0
13,20,12.0,0.0439516168242565,1.0,0.0,1.0,0.0,1.0,1.0
14,20,8.007612054024333,10.2250052708013,0.0,0.0,0.0,1.0,0.0,1.0
0,25,10.858094964519696,0.301366470994385,1.0,0.0,0.0,0.0,0.0,0.0
1,25,2.0198088173721582,8.225703374225311,1.0,0.0,1.0,1.0,0.0,1.0
2,25,8.688834271621385,2.509981786301463,1.0,0.0,0.0,1.0,0.0,0.0
3,25,9.252787191335416,6.597130206962414,0.0,0.0,0.0,1.0,1.0,0.0
4,25,5.037942009493456,6.39596877924252,1.0,0.0,0.0,1.0,0.0,0.0
5,25,4.070712811731562,8.058968501328964,0.0,0.0,1.0,0.0,0.0,0.0
6,25,11.989516863764926,9.934885254604756,1.0,0.0,1.0,0.0,0.0,0.0
7,25,2.7783115387188007,11.957925124881449,0.0,1.0,0.0,0.0,0.0,0.0
8,25,10.635437240678671,4.825629968897968,0.0,1.0,0.0,0.0,0.0,1.0
9,25,7.971749093743983,2.035399283990148,1.0,1.0,0.0,0.0,0.0,0.0
10,25,1.1180359185673,3.8124375431826394,0.0,1.0,0.0,0.0,1.0,0.0
11,25,6.361763865740169,11.868753463306287,1.0,0.0,0.0,0.0,0.0,0.0
12,25,11.257748802661377,2.3471537562712794,1.0,0.0,1.0,0.0,0.0,1.0
13,25,12.0,0.0543306295276127,1.0,0.0,1.0,0.0,1.0,1.0
14,25,8.00923752873123,10.270057366693688,0.0,0.0,0.0,1.0,0.0,1.0
0,30,10.82365912314738,0.3758963043267792,1.0,0.0,0.0,0.0,0.0,0.0
1,30,2.0211982145579297,8.23798238011813,1.0,0.0,1.0,1.0,0.0,1.0
2,30,8.625980836985251,2.6165115147901115,1.0,0.0,0.0,1.0,0.0,0.0
3,30,9.31405964928675,6.507689364306546,0.0,0.0,0.0,1.0,1.0,0.0
4,30,5.046457357712561,6.468045724284697,1.0,0.0,0.0,1.0,0.0,0.0
5,30,4.078190452410978,8.064664674594285,0.0,0.0,1.0,0.0,0.0,0.0
6,30,11.987896767866692,9.924115131261196,1.0,0.0,1.0,0.0,0.0,0.0
7,30,2.7353402891641543,11.949174695709354,0.0,1.0,0.0,0.0,0.0,0.0
8,30,10.584094413625436,4.803290338669455,0.0,1.0,0.0,0.0,0.0,1.0
9,30,7.971770845386638,2.04270958256456,1.0,1.0,0.0,0.0,0.0,0.0
10,30,1.1231294471576478,3.804321764086021,0.0,1.0,0.0,0.0,1.0,0.0
11,30,6.400199202747253,11.85673868760234,1.0,0.0,0.0,0.0,0.0,0.0
12,30,11.310103521518606,2.420839396414316,1.0,0.0,1.0,0.0,0.0,1.0
13,30,12.0,0.0643352694291272,1.0,0.0,1.0,0.0,1.0,1.0
14,30,8.010778122586649,10.308537324017506,0.0,0.0,0.0,1.0,0.0,1.0
0,35,10.78510317358164,0.4596155441277364,1.0,0.0,0.0,0.0,0.0,0.0
1,35,2.0242491385862733,8.26560242474316,1.0,0.0,1.0,1.0,0.0,1.0
2,35,8.576693698032072,2.703512780742008,1.0,0.0,0.0,1.0,0.0,0.0
3,35,9.39158580673107,6.400831837895699,0.0,0.0,0.0,1.0,1.0,0.0
4,35,5.053969395160361,6.519626678224136,1.0,0.0,0.0,1.0,0.0,0.0
5,35,4.091739346169044,8.074814671702189,0.0,0.0,1.0,0.0,0.0,0.0
6,35,11.98623683617884,9.91252884958876,1.0,0.0,1.0,0.0,0.0,0.0
7,35,2.6647893430179037,11.934793509117874,0.0,1.0,0.0,0.0,0.0,0.0
8,35,10.535433707402577,4.782897113066308,0.0,1.0,0.0,0.0,0.0,1.0
9,35,7.971933190023214,2.062404204608037,1.0,1.0,0.0,0.0,0.0,0.0
10,35,1.102050170356,3.791002797528314,0.0,1.0,0.0,0.0,1.0,0.0
11,35,6.45605901125907,11.838899752389494,1.0,0.0,0.0,0.0,0.0,0.0
12,35,11.360123784856096,2.493186907395609,1.0,0.0,1.0,0.0,0.0,1.0
13,35,12.0,0.0722028349085659,1.0,0.0,1.0,0.0,1.0,1.0
14,35,8.01261820106377,10.37845717808228,0.0,0.0,0.0,1.0,0.0,1.0
0,40,10.748317959958994,0.5333614855124096,1.0,0.0,0.0,0.0,0.0,0.0
1,40,2.0274759371215887,8.297116986422578,1.0,0.0,1.0,1.0,0.0,1.0
2,40,8.524197560923263,2.792193135470665,1.0,0.0,0.0,1.0,0.0,0.0
3,40,9.46132755503388,6.301784954383441,0.0,0.0,0.0,1.0,1.0,0.0
4,40,5.060681887199865,6.573065187334019,1.0,0.0,0.0,1.0,0.0,0.0
5,40,4.095653322454723,8.077860688936017,0.0,0.0,1.0,0.0,0.0,0.0
6,40,11.98474961633808,9.900298876096166,1.0,0.0,1.0,0.0,0.0,0.0
7,40,2.5949334056579616,11.92008667671055,0.0,1.0,0.0,0.0,0.0,0.0
8,40,10.481225475120905,4.759510889140926,0.0,1.0,0.0,0.0,0.0,1.0
9,40,7.972137467574758,2.0546997261758198,1.0,1.0,0.0,0.0,0.0,0.0
10,40,1.0906866515758382,3.783999443006113,0.0,1.0,0.0,0.0,1.0,0.0
11,40,6.509472137692225,11.821101323173371,1.0,0.0,0.0,0.0,0.0,0.0
12,40,11.411025057630749,2.569848387863418,1.0,0.0,1.0,0.0,0.0,1.0
13,40,12.0,0.0760012125312011,1.0,0.0,1.0,0.0,1.0,1.0
14,40,8.013140961925856,10.46062704543426,0.0,0.0,0.0,1.0,0.0,1.0
0,45,10.71436717794279,0.6025278825959002,1.0,0.0,0.0,0.0,0.0,0.0
1,45,2.0300470303158864,8.33370567560222,1.0,0.0,1.0,1.0,0.0,1.0
2,45,8.466963388498902,2.885607754802568,1.0,0.0,0.0,1.0,0.0,0.0
3,45,9.526026191313363,6.212427975672465,0.0,0.0,0.0,1.0,1.0,0.0
4,45,5.071184024605497,6.644178208079268,1.0,0.0,0.0,1.0,0.0,0.0
5,45,4.093661510567915,8.080328333441358,0.0,0.0,1.0,0.0,0.0,0.0
6,45,11.9835428330577,9.890102991276509,1.0,0.0,1.0,0.0,0.0,0.0
7,45,2.5313581545837542,11.906243690152758,0.0,1.0,0.0,0.0,0.0,0.0
8,45,10.42519623925433,4.734423903499318,0.0,1.0,0.0,0.0,0.0,1.0
9,45,7.97262067410824,2.03307435968938,1.0,1.0,0.0,0.0,0.0,0.0
10,45,1.0637434776954613,3.7664774764363687,0.0,1.0,0.0,0.0,1.0,0.0
11,45,6.561900014690355,11.803905621907225,1.0,0.0,0.0,0.0,0.0,0.0
12,45,11.458653493770406,2.642053161532261,1.0,0.0,1.0,0.0,0.0,1.0
13,45,12.0,0.0802338348530659,1.0,0.0,1.0,0.0,1.0,1.0
14,45,8.014856758213277,10.549509369962344,0.0,0.0,0.0,1.0,0.0,1.0
0,50,10.673933038501756,0.682302583219116,1.0,0.0,0.0,0.0,0.0,0.0
1,50,2.03301737243691,8.381815336435828,1.0,0.0,1.0,1.0,0.0,1.0
2,50,8.412951327593436,2.972990268600556,1.0,0.0,0.0,1.0,0.0,0.0
3,50,9.58482997921408,6.133799066862834,0.0,0.0,0.0,1.0,1.0,0.0
4,50,5.082590710735928,6.704777779911211,1.0,0.0,0.0,1.0,0.0,0.0
5,50,4.093431206174909,8.080619120502762,0.0,0.0,1.0,0.0,0.0,0.0
6,50,11.981770304981197,9.872723064171364,1.0,0.0,1.0,0.0,0.0,0.0
7,50,2.4629199086847544,11.893590304540066,0.0,1.0,0.0,0.0,0.0,0.0
8,50,10.367973408744543,4.709098153543485,0.0,1.0,0.0,0.0,0.0,1.0
9,50,7.972830454504612,2.0256799699008314,1.0,1.0,0.0,0.0,0.0,0.0
10,50,1.038979073703718,3.750269725233393,0.0,1.0,0.0,0.0,1.0,0.0
11,50,6.6272375222300255,11.78373610130123,1.0,0.0,0.0,0.0,0.0,0.0
12,50,11.519382032616454,2.727348403898469,1.0,0.0,1.0,0.0,0.0,1.0
13,50,12.0,0.0843400246624363,1.0,0.0,1.0,0.0,1.0,1.0
14,50,8.01480579972186,10.636168330099151,0.0,0.0,0.0,1.0,0.0,1.0
0,55,10.644411640052178,0.7450838619147832,1.0,0.0,0.0,0.0,0.0,0.0
1,55,2.03475968059706,8.417872682434142,1.0,0.0,1.0,1.0,0.0,1.0
2,55,8.365046962460356,3.0525561306396005,1.0,0.0,0.0,1.0,0.0,0.0
3,55,9.648991156362753,6.05113105905957,0.0,0.0,0.0,1.0,1.0,0.0
4,55,5.098926412973231,6.776540040333587,1.0,0.0,0.0,1.0,0.0,0.0
5,55,4.098621423720643,8.074103423128221,0.0,0.0,1.0,0.0,0.0,0.0
6,55,11.978616886570276,9.84108011508,1.0,0.0,1.0,0.0,0.0,0.0
7,55,2.3962032293348283,11.88136561840598,0.0,1.0,0.0,0.0,0.0,0.0
8,55,10.314287249585602,4.683683282747556,0.0,1.0,0.0,0.0,0.0,1.0
9,55,7.972969565255745,2.02157230205068,1.0,1.0,0.0,0.0,0.0,0.0
10,55,1.0291404240076796,3.743529042790816,0.0,1.0,0.0,0.0,1.0,0.0
11,55,6.717441935998398,11.753517300827871,1.0,0.0,0.0,0.0,0.0,0.0
12,55,11.597201371766644,2.835743862708172,1.0,0.0,1.0,0.0,0.0,1.0
13,55,12.0,0.0909832034707736,1.0,0.0,1.0,0.0,1.0,1.0
14,55,8.010756231048449,10.72220293884089,0.0,0.0,0.0,1.0,0.0,1.0
0,60,10.615253130041562,0.8069445257212892,1.0,0.0,0.0,0.0,0.0,0.0
1,60,2.0365172528856283,8.464278599848981,1.0,0.0,1.0,1.0,0.0,1.0
2,60,8.313615052820271,3.132372668683953,1.0,0.0,0.0,1.0,0.0,0.0
3,60,9.70019230896213,5.9840442984095965,0.0,0.0,0.0,1.0,1.0,0.0
4,60,5.1101449404569,6.827219030525274,1.0,0.0,0.0,1.0,0.0,0.0
5,60,4.103648027754129,8.067679917459065,0.0,0.0,1.0,0.0,0.0,0.0
6,60,11.96967174050928,9.75465005476122,1.0,0.0,1.0,0.0,0.0,0.0
7,60,2.325622626485619,11.86813536945371,0.0,1.0,0.0,0.0,0.0,0.0
8,60,10.26417039330364,4.658924897749847,0.0,1.0,0.0,0.0,0.0,1.0
9,60,7.973773060489857,1.9967956389694683,1.0,1.0,0.0,0.0,0.0,0.0
10,60,1.0041558471245688,3.727032896963877,0.0,1.0,0.0,0.0,1.0,0.0
11,60,6.802868082903737,11.721737012416416,1.0,0.0,0.0,0.0,0.0,0.0
12,60,11.664849466995458,2.931022653000708,1.0,0.0,1.0,0.0,0.0,1.0
13,60,12.0,0.0987259947873528,1.0,0.0,1.0,0.0,1.0,1.0
14,60,8.006826115470501,10.791716435887055,0.0,0.0,0.0,1.0,0.0,1.0
0,65,10.585493574097562,0.8677533860491505,1.0,0.0,0.0,0.0,0.0,0.0
1,65,2.037200005675598,8.515018098970293,1.0,0.0,1.0,1.0,0.0,1.0
2,65,8.263184648865836,3.214782960089786,1.0,0.0,0.0,1.0,0.0,0.0
3,65,9.758792401439404,5.908397995266137,0.0,0.0,0.0,1.0,1.0,0.0
4,65,5.035119706326596,6.843915305523236,1.0,0.0,0.0,1.0,0.0,0.0
5,65,4.107276435927952,8.063091763559592,0.0,0.0,1.0,0.0,0.0,0.0
6,65,11.958754017257991,9.642712435708049,1.0,0.0,1.0,0.0,0.0,0.0
7,65,2.244750756663112,11.853717394354398,0.0,1.0,0.0,0.0,0.0,0.0
8,65,10.217838848911091,4.635289967556177,0.0,1.0,0.0,0.0,0.0,1.0
9,65,7.9741045836134035,1.9686630290535696,1.0,1.0,0.0,0.0,0.0,0.0
10,65,0.989383113291374,3.717568993675304,0.0,1.0,0.0,0.0,1.0,0.0
11,65,6.876202298459833,11.692283035183753,1.0,0.0,0.0,0.0,0.0,0.0
12,65,11.74139961912744,3.037395032881557,1.0,0.0,1.0,0.0,0.0,1.0
13,65,12.0,0.1063181278287548,1.0,0.0,1.0,0.0,1.0,1.0
14,65,8.069084542139136,10.794970509545143,0.0,0.0,0.0,1.0,0.0,1.0
0,70,10.564081941979923,0.9125720878952792,1.0,0.0,0.0,0.0,0.0,0.0
1,70,2.0372373418187624,8.552027992538001,1.0,0.0,1.0,1.0,0.0,1.0
2,70,8.199321611299611,3.319094275340308,1.0,0.0,0.0,1.0,0.0,0.0
3,70,9.820308648888,5.830624562948407,0.0,0.0,0.0,1.0,1.0,0.0
4,70,4.954382555304586,6.860881352168812,1.0,0.0,0.0,1.0,0.0,0.0
5,70,4.098289991753593,8.074124350065084,0.0,0.0,1.0,0.0,0.0,0.0
6,70,11.947671925307262,9.51656200047337,1.0,0.0,1.0,0.0,0.0,0.0
7,70,2.1529701055088086,11.836180056298016,0.0,1.0,0.0,0.0,0.0,0.0
8,70,10.16869476073371,4.6093203680049415,0.0,1.0,0.0,0.0,0.0,1.0
9,70,7.974186788048703,1.946566711900202,1.0,1.0,0.0,0.0,0.0,0.0
10,70,0.9937932089373936,3.720385436265645,0.0,1.0,0.0,0.0,1.0,0.0
11,70,6.925261260079896,11.671620857104635,1.0,0.0,0.0,0.0,0.0,0.0
12,70,11.820376503447935,3.14577783766182,1.0,0.0,1.0,0.0,0.0,1.0
13,70,12.0,0.1133495148433584,1.0,0.0,1.0,0.0,1.0,1.0
14,70,8.134591623917814,10.79708920733214,0.0,0.0,0.0,1.0,0.0,1.0
0,75,10.537268229625369,0.9670870183221716,1.0,0.0,0.0,0.0,0.0,0.0
1,75,2.037744261859864,8.599047281571071,1.0,0.0,1.0,1.0,0.0,1.0
2,75,8.143716388855475,3.4108532124441053,1.0,0.0,0.0,1.0,0.0,0.0
3,75,9.895301967338412,5.736547907742458,0.0,0.0,0.0,1.0,1.0,0.0
4,75,4.880773170751787,6.876023155972202,1.0,0.0,0.0,1.0,0.0,0.0
5,75,4.104794302156602,8.066165825105761,0.0,0.0,1.0,0.0,0.0,0.0
6,75,11.93463078959019,9.367662640749128,1.0,0.0,1.0,0.0,0.0,0.0
7,75,2.047493179525641,11.818613540308789,0.0,1.0,0.0,0.0,0.0,0.0
8,75,10.12357806778656,4.58567298703136,0.0,1.0,0.0,0.0,0.0,1.0
9,75,7.974963643647622,1.9187546204026489,1.0,1.0,0.0,0.0,0.0,0.0
10,75,1.0130265967857977,3.7332656267257978,0.0,1.0,0.0,0.0,1.0,0.0
11,75,6.965170277463291,11.65479991846152,1.0,0.0,0.0,0.0,0.0,0.0
12,75,11.898430819208524,3.249950580376479,1.0,0.0,1.0,0.0,0.0,1.0
13,75,12.0,0.1195889402798215,1.0,0.0,1.0,0.0,1.0,1.0
14,75,8.200447408073675,10.799392038243404,0.0,0.0,0.0,1.0,0.0,1.0
0,80,10.511208796880188,1.0184914202667807,1.0,0.0,0.0,0.0,0.0,0.0
1,80,2.041394504606478,8.654586476430353,1.0,0.0,1.0,1.0,0.0,1.0
2,80,8.091562013599889,3.492897062140724,1.0,0.0,0.0,1.0,0.0,0.0
3,80,9.978649211473437,5.633491230622245,0.0,0.0,0.0,1.0,1.0,0.0
4,80,4.8076346318848735,6.891696848808135,1.0,0.0,0.0,1.0,0.0,0.0
5,80,4.109315195484918,8.060977348783991,0.0,0.0,1.0,0.0,0.0,0.0
6,80,11.925091615606972,9.195683308530118,1.0,0.0,1.0,0.0,0.0,0.0
7,80,1.9116397997038237,11.792336527125428,0.0,1.0,0.0,0.0,0.0,0.0
8,80,10.058016727464205,4.5512858315404765,0.0,1.0,0.0,0.0,0.0,1.0
9,80,7.977052265510179,1.866803999988292,1.0,1.0,0.0,0.0,0.0,0.0
10,80,1.0258008017547533,3.7413439079598807,0.0,1.0,0.0,0.0,1.0,0.0
11,80,6.993240211965026,11.643004583831468,1.0,0.0,0.0,0.0,0.0,0.0
12,80,11.973044960592851,3.3527798225990035,1.0,0.0,1.0,0.0,0.0,1.0
13,80,12.0,0.1275286795125001,1.0,0.0,1.0,0.0,1.0,1.0
14,80,8.276707580461355,10.802782909324549,0.0,0.0,0.0,1.0,0.0,1.0
0,85,10.482434445388972,1.0740457138686474,1.0,0.0,0.0,0.0,0.0,0.0
1,85,2.042869488440528,8.680606037476277,1.0,0.0,1.0,1.0,0.0,1.0
2,85,8.030966249367566,3.589321784323717,1.0,0.0,0.0,1.0,0.0,0.0
3,85,10.04617697120434,5.550040990580126,0.0,0.0,0.0,1.0,1.0,0.0
4,85,4.729287295684508,6.90636556761209,1.0,0.0,0.0,1.0,0.0,0.0
5,85,4.110031138257267,8.060156985505383,0.0,0.0,1.0,0.0,0.0,0.0
6,85,11.912694601631864,9.020484334849325,1.0,0.0,1.0,0.0,0.0,0.0
7,85,1.7466379176003397,11.758660179812756,0.0,1.0,0.0,0.0,0.0,0.0
8,85,9.979262605986603,4.510185348811638,0.0,1.0,0.0,0.0,0.0,1.0
9,85,7.977707197069443,1.8017113293130147,1.0,1.0,0.0,0.0,0.0,0.0
10,85,1.0412243914336723,3.751241883719104,0.0,1.0,0.0,0.0,1.0,0.0
11,85,7.03049229640315,11.625976546451358,1.0,0.0,0.0,0.0,0.0,0.0
12,85,12.0,3.442306567891408,1.0,0.0,1.0,0.0,0.0,1.0
13,85,12.0,0.1332498141290059,1.0,0.0,1.0,0.0,1.0,1.0
14,85,8.361271081469837,10.804067402674416,0.0,0.0,0.0,1.0,0.0,1.0
0,90,10.46646026325963,1.1059334627975943,1.0,0.0,0.0,0.0,0.0,0.0
1,90,2.0434168355986952,8.70593004968102,1.0,0.0,1.0,1.0,0.0,1.0
2,90,7.976323528822121,3.671299611189286,1.0,0.0,0.0,1.0,0.0,0.0
3,90,10.102757905192982,5.47557106141217,0.0,0.0,0.0,1.0,1.0,0.0
4,90,4.638395431070231,6.921334806592276,1.0,0.0,0.0,1.0,0.0,0.0
5,90,4.110492227745794,8.059642184945552,0.0,0.0,1.0,0.0,0.0,0.0
6,90,11.89875962581033,8.856689924036033,1.0,0.0,1.0,0.0,0.0,0.0
7,90,1.5820436530518585,11.723027909102177,0.0,1.0,0.0,0.0,0.0,0.0
8,90,9.903490247769454,4.471942028855858,0.0,1.0,0.0,0.0,0.0,1.0
9,90,7.978514375248032,1.7277984139521747,1.0,1.0,0.0,0.0,0.0,0.0
10,90,1.07238524317329,3.7706942594135655,0.0,1.0,0.0,0.0,1.0,0.0
11,90,7.071958789820351,11.607935876319813,1.0,0.0,0.0,0.0,0.0,0.0
12,90,12.0,3.534800774719914,1.0,0.0,1.0,0.0,0.0,1.0
13,90,12.0,0.1419251819713694,1.0,0.0,1.0,0.0,1.0,1.0
14,90,8.436538315665702,10.805165606865126,0.0,0.0,0.0,1.0,0.0,1.0
0,95,10.466863515255188,1.1051564016076956,1.0,0.0,0.0,0.0,0.0,0.0
1,95,2.0433705247283376,8.701157131517588,1.0,0.0,1.0,1.0,0.0,1.0
2,95,7.914544441821306,3.7608459100042624,1.0,0.0,0.0,1.0,0.0,0.0
3,95,10.15990186016156,5.400179367594305,0.0,0.0,0.0,1.0,1.0,0.0
4,95,4.559400001090551,6.934547435815174,1.0,0.0,0.0,1.0,0.0,0.0
5,95,4.133715900533759,8.033626420224142,0.0,0.0,1.0,0.0,0.0,0.0
6,95,11.880345047212918,8.694367216337678,1.0,0.0,1.0,0.0,0.0,0.0
7,95,1.4292984755384004,11.692671669151974,0.0,1.0,0.0,0.0,0.0,0.0
8,95,9.801559986523516,4.4220529127187564,0.0,1.0,0.0,0.0,0.0,1.0
9,95,7.979964873462833,1.6601952995333578,1.0,1.0,0.0,0.0,0.0,0.0
10,95,1.0984351261886085,3.787129080314733,0.0,1.0,0.0,0.0,1.0,0.0
11,95,7.12007642599312,11.58749029059503,1.0,0.0,0.0,0.0,0.0,0.0
12,95,12.0,3.6282981280599063,1.0,0.0,1.0,0.0,0.0,1.0
13,95,12.0,0.1544680924383687,1.0,0.0,1.0,0.0,1.0,1.0
14,95,8.525667744567553,10.806150249840314,0.0,0.0,0.0,1.0,0.0,1.0
0,100,10.462429818507454,1.1139944362753291,1.0,0.0,0.0,0.0,0.0,0.0
1,100,2.043228087815797,8.67493984428876,1.0,0.0,1.0,1.0,0.0,1.0
2,100,7.843425442872394,3.862648198701441,1.0,0.0,0.0,1.0,0.0,0.0
3,100,10.21965011604536,5.322741549565631,0.0,0.0,0.0,1.0,1.0,0.0
4,100,4.500816840532662,6.944120970999579,1.0,0.0,0.0,1.0,0.0,0.0
5,100,4.152228805359769,8.012063332848514,0.0,0.0,1.0,0.0,0.0,0.0
6,100,11.858557784609014,8.500702824553084,1.0,0.0,1.0,0.0,0.0,0.0
7,100,1.2939727382690458,11.666500382324331,0.0,1.0,0.0,0.0,0.0,0.0
8,100,9.69706609858225,4.362439507423203,0.0,1.0,0.0,0.0,0.0,1.0
9,100,7.983827755509345,1.590446956161654,1.0,1.0,0.0,0.0,0.0,0.0
10,100,1.119965768900117,3.8018220002209695,0.0,1.0,0.0,0.0,1.0,0.0
11,100,7.169570797351581,11.564987457370592,1.0,0.0,0.0,0.0,0.0,0.0
12,100,12.0,3.715531121577453,1.0,0.0,1.0,0.0,0.0,1.0
13,100,12.0,0.1676512917659695,1.0,0.0,1.0,0.0,1.0,1.0
14,100,8.592747290840403,10.807024457340832,0.0,0.0,0.0,1.0,0.0,1.0
0,105,10.459650687009018,1.1198623703513928,1.0,0.0,0.0,0.0,0.0,0.0
1,105,2.0432937093301597,8.647631298413446,1.0,0.0,1.0,1.0,0.0,1.0
2,105,7.758918792445914,3.985590492106862,1.0,0.0,0.0,1.0,0.0,0.0
3,105,10.279405931482666,5.244474312649597,0.0,0.0,0.0,1.0,1.0,0.0
4,105,4.419526822103824,6.956170174586178,1.0,0.0,0.0,1.0,0.0,0.0
5,105,4.180085033236463,7.979458789080309,0.0,0.0,1.0,0.0,0.0,0.0
6,105,11.838193098729787,8.325204853478203,1.0,0.0,1.0,0.0,0.0,0.0
7,105,1.1400742254841387,11.639142769555,0.0,1.0,0.0,0.0,0.0,0.0
8,105,9.574157801961636,4.292853286358953,0.0,1.0,0.0,0.0,0.0,1.0
9,105,7.986238382396362,1.5350527151130515,1.0,1.0,0.0,0.0,0.0,0.0
10,105,1.1312942009009936,3.809405534337816,0.0,1.0,0.0,0.0,1.0,0.0
11,105,7.218197290946986,11.542670351005077,1.0,0.0,0.0,0.0,0.0,0.0
12,105,12.0,3.815010158824435,1.0,0.0,1.0,0.0,0.0,1.0
13,105,12.0,0.1871620694886454,1.0,0.0,1.0,0.0,1.0,1.0
14,105,8.668968172015276,10.807352129713315,0.0,0.0,0.0,1.0,0.0,1.0
0,110,10.45077020428237,1.137393653655983,1.0,0.0,0.0,0.0,0.0,0.0
1,110,2.0433668168437964,8.62381487357522,1.0,0.0,1.0,1.0,0.0,1.0
2,110,7.678538078619867,4.102498215977248,1.0,0.0,0.0,1.0,0.0,0.0
3,110,10.341669452632145,5.165575112824198,0.0,0.0,0.0,1.0,1.0,0.0
4,110,4.366793695882446,6.963865889314475,1.0,0.0,0.0,1.0,0.0,0.0
5,110,4.202937716820618,7.954010498815755,0.0,0.0,1.0,0.0,0.0,0.0
6,110,11.81745977319025,8.142497923517203,1.0,0.0,1.0,0.0,0.0,0.0
7,110,0.9964333339788856,11.614215351744958,0.0,1.0,0.0,0.0,0.0,0.0
8,110,9.432727615918802,4.214576006525327,0.0,1.0,0.0,0.0,0.0,1.0
9,110,7.989858422260098,1.4739055458340873,1.0,1.0,0.0,0.0,0.0,0.0
10,110,1.1698636209739712,3.83449175621749,0.0,1.0,0.0,0.0,1.0,0.0
11,110,7.267271007277407,11.520719703967073,1.0,0.0,0.0,0.0,0.0,0.0
12,110,12.0,3.917145154644998,1.0,0.0,1.0,0.0,0.0,1.0
13,110,12.0,0.2096149577588054,1.0,0.0,1.0,0.0,1.0,1.0
14,110,8.76857000775685,10.807043430236352,0.0,0.0,0.0,1.0,0.0,1.0
0,115,10.43920448602132,1.161867015253936,1.0,0.0,0.0,0.0,0.0,0.0
1,115,2.043511056218531,8.6131466062215,1.0,0.0,1.0,1.0,0.0,1.0
2,115,7.600085046624326,4.21369881608501,1.0,0.0,0.0,1.0,0.0,0.0
3,115,10.384488614520173,5.112705394316867,0.0,0.0,0.0,1.0,1.0,0.0
4,115,4.302417324187598,6.973393026076434,1.0,0.0,0.0,1.0,0.0,0.0
5,115,4.226111656756304,7.926258877865204,0.0,0.0,1.0,0.0,0.0,0.0
6,115,11.793353152224457,7.953479996146851,1.0,0.0,1.0,0.0,0.0,0.0
7,115,0.871442821883114,11.59635143006276,0.0,1.0,0.0,0.0,0.0,0.0
8,115,9.281339521790851,4.1311575670499305,0.0,1.0,0.0,0.0,0.0,1.0
9,115,7.991756311252205,1.4200791560004684,1.0,1.0,0.0,0.0,0.0,0.0
10,115,1.209956985974736,3.861969023118722,0.0,1.0,0.0,0.0,1.0,0.0
11,115,7.318329438215132,11.498065721155587,1.0,0.0,0.0,0.0,0.0,0.0
12,115,12.0,4.004189296810669,1.0,0.0,1.0,0.0,0.0,1.0
13,115,12.0,0.2264509595707039,1.0,0.0,1.0,0.0,1.0,1.0
14,115,8.881669519427792,10.810123709869242,0.0,0.0,0.0,1.0,0.0,1.0
0,120,10.430798306913594,1.1786340582539745,1.0,0.0,0.0,0.0,0.0,0.0
1,120,2.04337496329409,8.590710277968851,1.0,0.0,1.0,1.0,0.0,1.0
2,120,7.528485574804962,4.311203848372933,1.0,0.0,0.0,1.0,0.0,0.0
3,120,10.44069708662678,5.042669204855318,0.0,0.0,0.0,1.0,1.0,0.0
4,120,4.247714045711418,6.98087306486377,1.0,0.0,0.0,1.0,0.0,0.0
5,120,4.245957093199679,7.901707541128718,0.0,0.0,1.0,0.0,0.0,0.0
6,120,11.772395885034651,7.785997511504394,1.0,0.0,1.0,0.0,0.0,0.0
7,120,0.7536405470593165,11.579394595395856,0.0,1.0,0.0,0.0,0.0,0.0
8,120,9.128686153650383,4.04634726743998,0.0,1.0,0.0,0.0,0.0,1.0
9,120,7.993358693981088,1.345635258885935,1.0,1.0,0.0,0.0,0.0,0.0
10,120,1.2538145869925166,3.892798680420309,0.0,1.0,0.0,0.0,1.0,0.0
11,120,7.375366942377591,11.473380721384174,1.0,0.0,0.0,0.0,0.0,0.0
12,120,12.0,4.091695648150842,1.0,0.0,1.0,0.0,0.0,1.0
13,120,12.0,0.2512338825251722,1.0,0.0,1.0,0.0,1.0,1.0
14,120,9.00398011426649,10.813686363847948,0.0,0.0,0.0,1.0,0.0,1.0
0,125,10.424458046998325,1.1918669582475536,1.0,0.0,0.0,0.0,0.0,0.0
1,125,2.0434982458522795,8.554615607748906,1.0,0.0,1.0,1.0,0.0,1.0
2,125,7.453855697295879,4.4154442831916905,1.0,0.0,0.0,1.0,0.0,0.0
3,125,10.493654697663684,4.976571184650228,0.0,0.0,0.0,1.0,1.0,0.0
4,125,4.205723163982912,6.986871520829567,1.0,0.0,0.0,1.0,0.0,0.0
5,125,4.26455456257436,7.878606311190251,0.0,0.0,1.0,0.0,0.0,0.0
6,125,11.75383369490341,7.624690524945187,1.0,0.0,1.0,0.0,0.0,0.0
7,125,0.6282209811892333,11.560403802323387,0.0,1.0,0.0,0.0,0.0,0.0
8,125,8.979458266570656,3.959229536679735,0.0,1.0,0.0,0.0,0.0,1.0
9,125,7.994732248129396,1.2915758670601305,1.0,1.0,0.0,0.0,0.0,0.0
10,125,1.3076047945896745,3.930723450667297,0.0,1.0,0.0,0.0,1.0,0.0
11,125,7.44307704267209,11.441755024421624,1.0,0.0,0.0,0.0,0.0,0.0
12,125,12.0,4.195128859964091,1.0,0.0,1.0,0.0,0.0,1.0
13,125,12.0,0.2789528966656144,1.0,0.0,1.0,0.0,1.0,1.0
14,125,9.127737636290547,10.819219320744912,0.0,0.0,0.0,1.0,0.0,1.0
0,130,10.414193405650307,1.214095193344304,1.0,0.0,0.0,0.0,0.0,0.0
1,130,2.043656783411732,8.528015635021179,1.0,0.0,1.0,1.0,0.0,1.0
2,130,7.384249185725108,4.51303588774874,1.0,0.0,0.0,1.0,0.0,0.0
3,130,10.554087776779228,4.903402163423371,0.0,0.0,0.0,1.0,1.0,0.0
4,130,4.165698051535409,6.992548819592667,1.0,0.0,0.0,1.0,0.0,0.0
5,130,4.281382167391343,7.858477024556489,0.0,0.0,1.0,0.0,0.0,0.0
6,130,11.732594855452431,7.474118488497584,1.0,0.0,1.0,0.0,0.0,0.0
7,130,0.4922277361374918,11.542784008393973,0.0,1.0,0.0,0.0,0.0,0.0
8,130,8.832589652192546,3.875273787307092,0.0,1.0,0.0,0.0,0.0,1.0
9,130,7.995953247708293,1.2463020305415284,1.0,1.0,0.0,0.0,0.0,0.0
10,130,1.3682635380253283,3.97473335862071,0.0,1.0,0.0,0.0,1.0,0.0
11,130,7.526857327558182,11.398752646134586,1.0,0.0,0.0,0.0,0.0,0.0
12,130,12.0,4.3113833814439335,1.0,0.0,1.0,0.0,0.0,1.0
13,130,12.0,0.3024910329088138,1.0,0.0,1.0,0.0,1.0,1.0
14,130,9.265424492702213,10.824825798027865,0.0,0.0,0.0,1.0,0.0,1.0
0,135,10.3966627294333,1.2504901434231137,1.0,0.0,0.0,0.0,0.0,0.0
1,135,2.044206389918044,8.475510356412796,1.0,0.0,1.0,1.0,0.0,1.0
2,135,7.307292065352502,4.621017958388108,1.0,0.0,0.0,1.0,0.0,0.0
3,135,10.611536484152923,4.831395433631077,0.0,0.0,0.0,1.0,1.0,0.0
4,135,4.146618889025072,6.995688894765417,1.0,0.0,0.0,1.0,0.0,0.0
5,135,4.294208886176267,7.843698828684356,0.0,0.0,1.0,0.0,0.0,0.0
6,135,11.710032529919122,7.319436949730374,1.0,0.0,1.0,0.0,0.0,0.0
7,135,0.3668958877876195,11.52474064775875,0.0,1.0,0.0,0.0,0.0,0.0
8,135,8.680313217128973,3.793310017262263,0.0,1.0,0.0,0.0,0.0,1.0
9,135,7.996409186601086,1.2255772304073789,1.0,1.0,0.0,0.0,0.0,0.0
10,135,1.4391205442456911,4.023541344424934,0.0,1.0,0.0,0.0,1.0,0.0
11,135,7.598160026348619,11.36130160451176,1.0,0.0,0.0,0.0,0.0,0.0
12,135,12.0,4.41516827966858,1.0,0.0,1.0,0.0,0.0,1.0
13,135,12.0,0.3291472746528155,1.0,0.0,1.0,0.0,1.0,1.0
14,135,9.400731213715751,10.8328654146488,0.0,0.0,0.0,1.0,0.0,1.0
0,140,10.384766666335269,1.2760546697773991,1.0,0.0,0.0,0.0,0.0,0.0
1,140,2.043835686891231,8.430437902306455,1.0,0.0,1.0,1.0,0.0,1.0
2,140,7.225363646057511,4.740077366833729,1.0,0.0,0.0,1.0,0.0,0.0
3,140,10.669029830461968,4.758819604252379,0.0,0.0,0.0,1.0,1.0,0.0
4,140,4.117000328049487,6.999947915487891,1.0,0.0,0.0,1.0,0.0,0.0
5,140,4.291605919466434,7.846664173220232,0.0,0.0,1.0,0.0,0.0,0.0
6,140,11.689261107272138,7.167853863173471,1.0,0.0,1.0,0.0,0.0,0.0
7,140,0.3876739303886577,11.396212449006883,0.0,1.0,0.0,0.0,0.0,0.0
8,140,8.529591712691545,3.713699230823476,0.0,1.0,0.0,0.0,0.0,1.0
9,140,7.996072948948951,1.2084479138160855,1.0,1.0,0.0,0.0,0.0,0.0
10,140,1.5144517254695076,4.075530157437419,0.0,1.0,0.0,0.0,1.0,0.0
11,140,7.654969784884877,11.330330590649844,1.0,0.0,0.0,0.0,0.0,0.0
12,140,12.0,4.329406661808096,1.0,0.0,1.0,0.0,0.0,1.0
13,140,12.0,0.3581924384797035,1.0,0.0,1.0,0.0,1.0,1.0
14,140,9.526502785129658,10.839844012724122,0.0,0.0,0.0,1.0,0.0,1.0
0,145,10.368572306053569,1.3113168451957218,1.0,0.0,0.0,0.0,0.0,0.0
1,145,2.0438337271177325,8.393590511103605,1.0,0.0,1.0,1.0,0.0,1.0
2,145,7.147543349680555,4.851805517739478,1.0,0.0,0.0,1.0,0.0,0.0
3,145,10.7254253039506,4.689110296749263,0.0,0.0,0.0,1.0,1.0,0.0
4,145,4.085338195079773,7.004938987564732,1.0,0.0,0.0,1.0,0.0,0.0
5,145,4.284196734534047,7.855085927029769,0.0,0.0,1.0,0.0,0.0,0.0
6,145,11.6686210864729,7.030694383062582,1.0,0.0,1.0,0.0,0.0,0.0
7,145,0.4088422993691682,11.2693604489186,0.0,1.0,0.0,0.0,0.0,0.0
8,145,8.381674595421499,3.633174819276924,0.0,1.0,0.0,0.0,0.0,1.0
9,145,7.995103562820821,1.179102833056504,1.0,1.0,0.0,0.0,0.0,0.0
10,145,1.5943427145318387,4.129512659761234,0.0,1.0,0.0,0.0,1.0,0.0
11,145,7.682029810008953,11.3801771426058,1.0,0.0,0.0,0.0,0.0,0.0
12,145,12.0,4.233560741106766,1.0,0.0,1.0,0.0,0.0,1.0
13,145,12.0,0.3792168206172293,1.0,0.0,1.0,0.0,1.0,1.0
14,145,9.654551130696664,10.846198555872965,0.0,0.0,0.0,1.0,0.0,1.0
0,150,10.351756765886863,1.3473733744412504,1.0,0.0,0.0,0.0,0.0,0.0
1,150,2.0441870294107702,8.351357747488121,1.0,0.0,1.0,1.0,0.0,1.0
2,150,7.075252227872048,4.965665049300733,1.0,0.0,0.0,1.0,0.0,0.0
3,150,10.774563685851025,4.629216239901695,0.0,0.0,0.0,1.0,1.0,0.0
4,150,4.061070090056547,7.008491920873761,1.0,0.0,0.0,1.0,0.0,0.0
5,150,4.265370196300976,7.878206129426334,0.0,0.0,1.0,0.0,0.0,0.0
6,150,11.643956939319178,6.891835277017293,1.0,0.0,1.0,0.0,0.0,0.0
7,150,0.4347517627863531,11.104488032114546,0.0,1.0,0.0,0.0,0.0,0.0
8,150,8.234294447113975,3.551939910254164,0.0,1.0,0.0,0.0,0.0,1.0
9,150,7.994112962176845,1.1362268312442507,1.0,1.0,0.0,0.0,0.0,0.0
10,150,1.6777022928452625,4.1883289052745605,0.0,1.0,0.0,0.0,1.0,0.0
11,150,7.698718327070829,11.408743023220186,1.0,0.0,0.0,0.0,0.0,0.0
12,150,12.0,4.1287273070799815,1.0,0.0,1.0,0.0,0.0,1.0
13,150,12.0,0.4024771171306202,1.0,0.0,1.0,0.0,1.0,1.0
14,150,9.771141201432826,10.85179970851994,0.0,0.0,0.0,1.0,0.0,1.0
0,155,10.33114198903512,1.3897652075254607,1.0,0.0,0.0,0.0,0.0,0.0
1,155,2.044590079841232,8.307349430400507,1.0,0.0,1.0,1.0,0.0,1.0
2,155,7.0035590920734325,5.080563101228396,1.0,0.0,0.0,1.0,0.0,0.0
3,155,10.821567416949115,4.571592869377158,0.0,0.0,0.0,1.0,1.0,0.0
4,155,4.043084428014232,7.011064624438689,1.0,0.0,0.0,1.0,0.0,0.0
5,155,4.245351779232043,7.902112212067546,0.0,0.0,1.0,0.0,0.0,0.0
6,155,11.614631739901323,6.736894965965215,1.0,0.0,1.0,0.0,0.0,0.0
7,155,0.4569872019668992,10.929045627710158,0.0,1.0,0.0,0.0,0.0,0.0
8,155,8.07767547892163,3.4631933445690777,0.0,1.0,0.0,0.0,0.0,1.0
9,155,7.993772431795157,1.1028106049469213,1.0,1.0,0.0,0.0,0.0,0.0
10,155,1.7631355347659663,4.252220214189377,0.0,1.0,0.0,0.0,1.0,0.0
11,155,7.706134562297206,11.421603917718231,1.0,0.0,0.0,0.0,0.0,0.0
12,155,12.0,4.021305053820922,1.0,0.0,1.0,0.0,0.0,1.0
13,155,12.0,0.425392639792665,1.0,0.0,1.0,0.0,1.0,1.0
14,155,9.909176702322146,10.858729661040345,0.0,0.0,0.0,1.0,0.0,1.0
0,160,10.324402906344895,1.4040814579636045,1.0,0.0,0.0,0.0,0.0,0.0
1,160,2.04375084466032,8.230377374221597,1.0,0.0,1.0,1.0,0.0,1.0
2,160,6.921936688054889,5.203025989409095,1.0,0.0,0.0,1.0,0.0,0.0
3,160,10.884997249926531,4.498611111801233,0.0,0.0,0.0,1.0,1.0,0.0
4,160,4.027115670802043,7.013413603970176,1.0,0.0,0.0,1.0,0.0,0.0
5,160,4.246309587862424,7.900949838895828,0.0,0.0,1.0,0.0,0.0,0.0
6,160,11.581962137734315,6.572488740870864,1.0,0.0,1.0,0.0,0.0,0.0
7,160,0.4810454779940634,10.76253681561433,0.0,1.0,0.0,0.0,0.0,0.0
8,160,7.919257002433459,3.3706426015625865,0.0,1.0,0.0,0.0,0.0,1.0
9,160,7.993066816968616,1.0772873435036436,1.0,1.0,0.0,0.0,0.0,0.0
10,160,1.8436018745595013,4.310225991188613,0.0,1.0,0.0,0.0,1.0,0.0
11,160,7.713142963133851,11.434417180586388,1.0,0.0,0.0,0.0,0.0,0.0
12,160,12.0,3.929678272608851,1.0,0.0,1.0,0.0,0.0,1.0
13,160,12.0,0.4493854044897551,1.0,0.0,1.0,0.0,1.0,1.0
14,160,10.054501032126746,10.864988153716917,0.0,0.0,0.0,1.0,0.0,1.0
0,165,10.311949247738433,1.4291839791756238,1.0,0.0,0.0,0.0,0.0,0.0
1,165,2.0445598622614147,8.139970181658152,1.0,0.0,1.0,1.0,0.0,1.0
2,165,6.83990018196527,5.322182719667423,1.0,0.0,0.0,1.0,0.0,0.0
3,165,10.939890037229992,4.43435968900425,0.0,0.0,0.0,1.0,1.0,0.0
4,165,4.017580091388504,7.014782659947252,1.0,0.0,0.0,1.0,0.0,0.0
5,165,4.237155008661497,7.912194334905087,0.0,0.0,1.0,0.0,0.0,0.0
6,165,11.54692057084874,6.4078146284851005,1.0,0.0,1.0,0.0,0.0,0.0
7,165,0.5052038472701971,10.594086568945588,0.0,1.0,0.0,0.0,0.0,0.0
8,165,7.758201642749883,3.2770421210124665,0.0,1.0,0.0,0.0,0.0,1.0
9,165,8.031554928887713,1.075307998696718,1.0,1.0,0.0,0.0,0.0,0.0
10,165,1.925179605161667,4.3671558063877365,0.0,1.0,0.0,0.0,1.0,0.0
11,165,7.714708494471422,11.437159609505091,1.0,0.0,0.0,0.0,0.0,0.0
12,165,12.0,4.057428613910631,1.0,0.0,1.0,0.0,0.0,1.0
13,165,12.0,0.4696618762889143,1.0,0.0,1.0,0.0,1.0,1.0
14,165,10.205936296459758,10.868361685333957,0.0,0.0,0.0,1.0,0.0,1.0
0,170,10.2956958213705,1.4613132443635266,1.0,0.0,0.0,0.0,0.0,0.0
1,170,2.046127709263064,8.06411113508228,1.0,0.0,1.0,1.0,0.0,1.0
2,170,6.767485136367201,5.426377285657959,1.0,0.0,0.0,1.0,0.0,0.0
3,170,11.001772294965283,4.358542369244408,0.0,0.0,0.0,1.0,1.0,0.0
4,170,4.002631294617041,7.017315194162071,1.0,0.0,0.0,1.0,0.0,0.0
5,170,4.236128227353449,7.913554888852914,0.0,0.0,1.0,0.0,0.0,0.0
6,170,11.508969661477186,6.241183958985356,1.0,0.0,1.0,0.0,0.0,0.0
7,170,0.5256665960514327,10.43230501163443,0.0,1.0,0.0,0.0,0.0,0.0
8,170,7.573350534613867,3.171932565636696,0.0,1.0,0.0,0.0,0.0,1.0
9,170,8.060176000609145,1.0738289881999323,1.0,1.0,0.0,0.0,0.0,0.0
10,170,2.014491055091978,4.4329812107747975,0.0,1.0,0.0,0.0,1.0,0.0
11,170,7.730302235840813,11.46423829770426,1.0,0.0,0.0,0.0,0.0,0.0
12,170,12.0,4.179146461180968,1.0,0.0,1.0,0.0,0.0,1.0
13,170,12.0,0.48489117184502,1.0,0.0,1.0,0.0,1.0,1.0
14,170,10.356021045158297,10.875299772721457,0.0,0.0,0.0,1.0,0.0,1.0
0,175,10.28117029190433,1.4905360556615983,1.0,0.0,0.0,0.0,0.0,0.0
1,175,2.047266172790996,8.00088379227645,1.0,0.0,1.0,1.0,0.0,1.0
2,175,6.67884910806467,5.556970533462012,1.0,0.0,0.0,1.0,0.0,0.0
3,175,11.038389599801825,4.314866013330538,0.0,0.0,0.0,1.0,1.0,0.0
4,175,3.987346423651871,7.0200807405372885,1.0,0.0,0.0,1.0,0.0,0.0
5,175,4.248620588820735,7.897681040156269,0.0,0.0,1.0,0.0,0.0,0.0
6,175,11.47498067844986,6.082591232065545,1.0,0.0,1.0,0.0,0.0,0.0
7,175,0.5467202801445125,10.286977831241805,0.0,1.0,0.0,0.0,0.0,0.0
8,175,7.386453621414481,3.053426273555823,0.0,1.0,0.0,0.0,0.0,1.0
9,175,8.114547816909157,1.0711148436895532,1.0,1.0,0.0,0.0,0.0,0.0
10,175,2.0995855980487854,4.495182198441865,0.0,1.0,0.0,0.0,1.0,0.0
11,175,7.744144687368735,11.48778437093936,1.0,0.0,0.0,0.0,0.0,0.0
12,175,12.0,4.29917899741172,1.0,0.0,1.0,0.0,0.0,1.0
13,175,12.0,0.5076813058679613,1.0,0.0,1.0,0.0,1.0,1.0
14,175,10.485426652445272,10.879813543632771,0.0,0.0,0.0,1.0,0.0,1.0
0,180,10.271270374038936,1.510115480604433,1.0,0.0,0.0,0.0,0.0,0.0
1,180,2.0506804467117417,7.9355058595442225,1.0,0.0,1.0,1.0,0.0,1.0
2,180,6.592348883568951,5.689192316242037,1.0,0.0,0.0,1.0,0.0,0.0
3,180,11.064645035214518,4.283959044125657,0.0,0.0,0.0,1.0,1.0,0.0
4,180,3.988169131221325,7.019939001242106,1.0,0.0,0.0,1.0,0.0,0.0
5,180,4.2625407197463785,7.880025672145424,0.0,0.0,1.0,0.0,0.0,0.0
6,180,11.446152605710026,5.94225232713193,1.0,0.0,1.0,0.0,0.0,0.0
7,180,0.574372965841538,10.11606737268633,0.0,1.0,0.0,0.0,0.0,0.0
8,180,7.191193970329949,2.933237799595508,0.0,1.0,0.0,0.0,0.0,1.0
9,180,8.159870191156608,1.0701891592864092,1.0,1.0,0.0,0.0,0.0,0.0
10,180,2.1873519227332063,4.566389948729643,0.0,1.0,0.0,0.0,1.0,0.0
11,180,7.747669621010747,11.49366380511509,1.0,0.0,0.0,0.0,0.0,0.0
12,180,12.0,4.406406638118632,1.0,0.0,1.0,0.0,0.0,1.0
13,180,12.0,0.5361246169277687,1.0,0.0,1.0,0.0,1.0,1.0
14,180,10.631713058363546,10.878784640490396,0.0,0.0,0.0,1.0,0.0,1.0
0,185,10.266356714373687,1.519501945485934,1.0,0.0,0.0,0.0,0.0,0.0
1,185,2.054508155852964,7.880930570199069,1.0,0.0,1.0,1.0,0.0,1.0
2,185,6.508961335302055,5.818078567816546,1.0,0.0,0.0,1.0,0.0,0.0
3,185,11.074308665378387,4.271965293620196,0.0,0.0,0.0,1.0,1.0,0.0
4,185,3.9659035400440033,7.024313570144945,1.0,0.0,0.0,1.0,0.0,0.0
5,185,4.27611526710042,7.86255527609039,0.0,0.0,1.0,0.0,0.0,0.0
6,185,11.417100302580565,5.796978699314243,1.0,0.0,1.0,0.0,0.0,0.0
7,185,0.5991896467534072,9.953987410250209,0.0,1.0,0.0,0.0,0.0,0.0
8,185,6.986704777266201,2.8128650617595725,0.0,1.0,0.0,0.0,0.0,1.0
9,185,8.203750202732936,1.069536828308092,1.0,1.0,0.0,0.0,0.0,0.0
10,185,2.28241697842172,4.645064165098908,0.0,1.0,0.0,0.0,1.0,0.0
11,185,7.757729693260334,11.51059101926327,1.0,0.0,0.0,0.0,0.0,0.0
12,185,12.0,4.510782052273817,1.0,0.0,1.0,0.0,0.0,1.0
13,185,12.0,0.5636419410639277,1.0,0.0,1.0,0.0,1.0,1.0
14,185,10.80024300499317,10.872710128704988,0.0,0.0,0.0,1.0,0.0,1.0
0,190,10.272240197629433,1.5076718739235249,1.0,0.0,0.0,0.0,0.0,0.0
1,190,2.056144677247832,7.841936706270412,1.0,0.0,1.0,1.0,0.0,1.0
2,190,6.430408930858023,5.94266499035734,1.0,0.0,0.0,1.0,0.0,0.0
3,190,11.080853580626242,4.263335534417483,0.0,0.0,0.0,1.0,1.0,0.0
4,190,3.9312863671188567,7.031146199807958,1.0,0.0,0.0,1.0,0.0,0.0
5,190,4.283919014309284,7.853089290123057,0.0,0.0,1.0,0.0,0.0,0.0
6,190,11.38962510256806,5.653387807466951,1.0,0.0,1.0,0.0,0.0,0.0
7,190,0.6254475716459046,9.799069990835935,0.0,1.0,0.0,0.0,0.0,0.0
8,190,6.790625186071549,2.6982477621769254,0.0,1.0,0.0,0.0,0.0,1.0
9,190,8.271550824685168,1.0680753323209182,1.0,1.0,0.0,0.0,0.0,0.0
10,190,2.375420747670396,4.7255225672464976,0.0,1.0,0.0,0.0,1.0,0.0
11,190,7.753267198115298,11.50292617452323,1.0,0.0,0.0,0.0,0.0,0.0
12,190,12.0,4.616642117255888,1.0,0.0,1.0,0.0,0.0,1.0
13,190,12.0,0.600338781076417,1.0,0.0,1.0,0.0,1.0,1.0
14,190,10.99240014353633,10.86925558925973,0.0,0.0,0.0,1.0,0.0,1.0
0,195,10.283953659095026,1.4847560392713,1.0,0.0,0.0,0.0,0.0,0.0
1,195,2.0605517612618742,7.783124514564629,1.0,0.0,1.0,1.0,0.0,1.0
2,195,6.356521914958094,6.0679204798777775,1.0,0.0,0.0,1.0,0.0,0.0
3,195,11.08862080150324,4.253517339806401,0.0,0.0,0.0,1.0,1.0,0.0
4,195,3.888557491698702,7.039078308822459,1.0,0.0,0.0,1.0,0.0,0.0
5,195,4.306194380921304,7.827017065443569,0.0,0.0,1.0,0.0,0.0,0.0
6,195,11.367990271222048,5.514022524753315,1.0,0.0,1.0,0.0,0.0,0.0
7,195,0.6509935667991247,9.640472196400136,0.0,1.0,0.0,0.0,0.0,0.0
8,195,6.59022152752825,2.5845706298746203,0.0,1.0,0.0,0.0,0.0,1.0
9,195,8.351376547196011,1.0691704283005528,1.0,1.0,0.0,0.0,0.0,0.0
10,195,2.488156625111012,4.821075568788529,0.0,1.0,0.0,0.0,1.0,0.0
11,195,7.755137204639904,11.506141918854738,1.0,0.0,0.0,0.0,0.0,0.0
12,195,12.0,4.73909603649725,1.0,0.0,1.0,0.0,0.0,1.0
13,195,12.0,0.6352916995143754,1.0,0.0,1.0,0.0,1.0,1.0
14,195,11.174969068226751,10.86430809689281,0.0,0.0,0.0,1.0,0.0,1.0
0,200,10.292501318278765,1.4673118880362126,1.0,0.0,0.0,0.0,0.0,0.0
1,200,2.1282443895796743,7.789474442440095,1.0,0.0,1.0,1.0,0.0,1.0
2,200,6.276078131762394,6.191765736279501,1.0,0.0,0.0,1.0,0.0,0.0
3,200,11.098764712942303,4.239519697471494,0.0,0.0,0.0,1.0,1.0,0.0
4,200,3.836147762392841,7.0489300026123685,1.0,0.0,0.0,1.0,0.0,0.0
5,200,4.343785891262721,7.780003683634565,0.0,0.0,1.0,0.0,0.0,0.0
6,200,11.345511293923623,5.369728879476579,1.0,0.0,1.0,0.0,0.0,0.0
7,200,0.6743672390463321,9.490404849992,0.0,1.0,0.0,0.0,0.0,0.0
8,200,6.381499437638928,2.4698570878517745,0.0,1.0,0.0,0.0,0.0,1.0
9,200,8.43470070743606,1.0729861468945123,1.0,1.0,0.0,0.0,0.0,0.0
10,200,2.6124212019970776,4.923529179959955,0.0,1.0,0.0,0.0,1.0,0.0
11,200,7.763491532819341,11.52048524570976,1.0,0.0,0.0,0.0,0.0,0.0
12,200,12.0,4.848181949697327,1.0,0.0,1.0,0.0,0.0,1.0
13,200,12.0,0.6710185206595362,1.0,0.0,1.0,0.0,1.0,1.0
14,200,11.370420887602364,10.860936334673964,0.0,0.0,0.0,1.0,0.0,1.0
0,205,10.300476713600164,1.4510386965480857,1.0,0.0,0.0,0.0,0.0,0.0
1,205,2.176434119630493,7.793390849935573,1.0,0.0,1.0,1.0,0.0,1.0
2,205,6.198935605295404,6.308727742607246,1.0,0.0,0.0,1.0,0.0,0.0
3,205,11.105595590564652,4.230223079383274,0.0,0.0,0.0,1.0,1.0,0.0
4,205,3.7763473887181216,7.059100509586209,1.0,0.0,0.0,1.0,0.0,0.0
5,205,4.390523828357517,7.721067966955007,0.0,0.0,1.0,0.0,0.0,0.0
6,205,11.323083754419413,5.203178894949176,1.0,0.0,1.0,0.0,0.0,0.0
7,205,0.7085945301201168,9.272180130227245,0.0,1.0,0.0,0.0,0.0,0.0
8,205,6.174074350594751,2.3596922848717967,0.0,1.0,0.0,0.0,0.0,1.0
9,205,8.519216705080474,1.0785467646167903,1.0,1.0,0.0,0.0,0.0,0.0
10,205,2.741711789575996,5.023608914147197,0.0,1.0,0.0,0.0,1.0,0.0
11,205,7.803291959525323,11.497750529022094,1.0,0.0,0.0,0.0,0.0,0.0
12,205,12.0,4.9640730150840175,1.0,0.0,1.0,0.0,0.0,1.0
13,205,12.0,0.7047094122376055,1.0,0.0,1.0,0.0,1.0,1.0
14,205,11.58399131817738,10.856706431705028,0.0,0.0,0.0,1.0,0.0,1.0
0,210,10.30124188987064,1.4494453378507524,1.0,0.0,0.0,0.0,0.0,0.0
1,210,2.2407903493618653,7.796556343182392,1.0,0.0,1.0,1.0,0.0,1.0
2,210,6.128528627117277,6.420615952684704,1.0,0.0,0.0,1.0,0.0,0.0
3,210,11.123350855047152,4.207233933486631,0.0,0.0,0.0,1.0,1.0,0.0
4,210,3.7259770387809454,7.066846969769661,1.0,0.0,0.0,1.0,0.0,0.0
5,210,4.448484038832462,7.644684719142684,0.0,0.0,1.0,0.0,0.0,0.0
6,210,11.302142720752231,5.0425883561005485,1.0,0.0,1.0,0.0,0.0,0.0
7,210,0.7397476420585355,9.06929641815874,0.0,1.0,0.0,0.0,0.0,0.0
8,210,5.98598999466271,2.254886365436392,0.0,1.0,0.0,0.0,0.0,1.0
9,210,8.60401538247014,1.08373999015292,1.0,1.0,0.0,0.0,0.0,0.0
10,210,2.888487145426368,5.133356118779637,0.0,1.0,0.0,0.0,1.0,0.0
11,210,7.852291548332223,11.46968919187751,1.0,0.0,0.0,0.0,0.0,0.0
12,210,12.0,5.078000066118375,1.0,0.0,1.0,0.0,0.0,1.0
13,210,12.0,0.7478186508681964,1.0,0.0,1.0,0.0,1.0,1.0
14,210,11.799616337853225,10.854389717163128,0.0,0.0,0.0,1.0,0.0,1.0
0,215,10.300473581885068,1.4510849921303952,1.0,0.0,0.0,0.0,0.0,0.0
1,215,2.283841050735114,7.799622898678455,1.0,0.0,1.0,1.0,0.0,1.0
2,215,6.056276192176276,6.53149158002935,1.0,0.0,0.0,1.0,0.0,0.0
3,215,11.15133216996993,4.171919725161961,0.0,0.0,0.0,1.0,1.0,0.0
4,215,3.677986245420176,7.073724275697964,1.0,0.0,0.0,1.0,0.0,0.0
5,215,4.507508333098914,7.568720912984765,0.0,0.0,1.0,0.0,0.0,0.0
6,215,11.283615830815805,4.888649715821039,1.0,0.0,1.0,0.0,0.0,0.0
7,215,0.7754070742776585,8.85143546328317,0.0,1.0,0.0,0.0,0.0,0.0
8,215,5.79395084227352,2.14992799066445,0.0,1.0,0.0,0.0,0.0,1.0
9,215,8.673942765880273,1.0894866413451,1.0,1.0,0.0,0.0,0.0,0.0
10,215,3.0352057226329987,5.241106766878705,0.0,1.0,0.0,0.0,1.0,0.0
11,215,7.9006904587767615,11.440875215024857,1.0,0.0,0.0,0.0,0.0,0.0
12,215,12.0,5.208769866980268,1.0,0.0,1.0,0.0,0.0,1.0
13,215,12.0,0.7875427703947608,1.0,0.0,1.0,0.0,1.0,1.0
14,215,12.0,10.856050158725994,0.0,0.0,0.0,1.0,0.0,1.0
0,220,10.306530779619845,1.4384902456879876,1.0,0.0,0.0,0.0,0.0,0.0
1,220,2.320097951713135,7.802577995110281,1.0,0.0,1.0,1.0,0.0,1.0
2,220,5.973117605353172,6.661772746889555,1.0,0.0,0.0,1.0,0.0,0.0
3,220,11.186753093388225,4.127754335640172,0.0,0.0,0.0,1.0,1.0,0.0
4,220,3.605245156753231,7.08508427105302,1.0,0.0,0.0,1.0,0.0,0.0
5,220,4.576117795239483,7.487581107298621,0.0,0.0,1.0,0.0,0.0,0.0
6,220,11.269305261049691,4.757760911173226,1.0,0.0,1.0,0.0,0.0,0.0
7,220,0.8060623025658382,8.642214415594044,0.0,1.0,0.0,0.0,0.0,0.0
8,220,5.609146250497469,2.046084403948913,0.0,1.0,0.0,0.0,0.0,1.0
9,220,8.759369177275419,1.0967384361068977,1.0,1.0,0.0,0.0,0.0,0.0
10,220,3.192263207117957,5.35658448807214,0.0,1.0,0.0,0.0,1.0,0.0
11,220,7.946780112935126,11.413496875029216,1.0,0.0,0.0,0.0,0.0,0.0
12,220,12.0,5.332970254803132,1.0,0.0,1.0,0.0,0.0,1.0
13,220,12.0,0.8300262268688855,1.0,0.0,1.0,0.0,1.0,1.0
14,220,12.0,10.860252312073593,0.0,0.0,0.0,1.0,0.0,1.0
0,225,10.30428588163124,1.4429105251661662,1.0,0.0,0.0,0.0,0.0,0.0
1,225,2.3194862783310137,7.802511494785228,1.0,0.0,1.0,1.0,0.0,1.0
2,225,5.882750848809841,6.79918861414089,1.0,0.0,0.0,1.0,0.0,0.0
3,225,11.2139362318252,4.094760040466161,0.0,0.0,0.0,1.0,1.0,0.0
4,225,3.548839222018356,7.094565676013471,1.0,0.0,0.0,1.0,0.0,0.0
5,225,4.653316710828664,7.398340261265258,0.0,0.0,1.0,0.0,0.0,0.0
6,225,11.257188422026529,4.624841850417158,1.0,0.0,1.0,0.0,0.0,0.0
7,225,0.8274895184399612,8.44578028164467,0.0,1.0,0.0,0.0,0.0,0.0
8,225,5.427582765509686,1.947368890473161,0.0,1.0,0.0,0.0,0.0,1.0
9,225,8.847832507641781,1.1047996019564013,1.0,1.0,0.0,0.0,0.0,0.0
10,225,3.346068407305205,5.468257735457583,0.0,1.0,0.0,0.0,1.0,0.0
11,225,7.991099003612827,11.38684955062775,1.0,0.0,0.0,0.0,0.0,0.0
12,225,12.0,5.43719023373765,1.0,0.0,1.0,0.0,0.0,1.0
13,225,12.0,0.8711152844435412,1.0,0.0,1.0,0.0,1.0,1.0
14,225,12.0,10.86348045055992,0.0,0.0,0.0,1.0,0.0,1.0
0,230,10.302593764050886,1.4461529918656624,1.0,0.0,0.0,0.0,0.0,0.0
1,230,2.3186920476637667,7.802435211020154,1.0,0.0,1.0,1.0,0.0,1.0
2,230,5.785363221446853,6.9373079560296045,1.0,0.0,0.0,1.0,0.0,0.0
3,230,11.243879275946222,4.059521812972337,0.0,0.0,0.0,1.0,1.0,0.0
4,230,3.4823485991966465,7.105373432825725,1.0,0.0,0.0,1.0,0.0,0.0
5,230,4.727304871094759,7.308263359181479,0.0,0.0,1.0,0.0,0.0,0.0
6,230,11.24596403665612,4.490767606541025,1.0,0.0,1.0,0.0,0.0,0.0
7,230,0.8523722970513283,8.233996328503856,0.0,1.0,0.0,0.0,0.0,0.0
8,230,5.25348432870966,1.8549681086743155,0.0,1.0,0.0,0.0,0.0,1.0
9,230,8.929307548136647,1.1114738796304433,1.0,1.0,0.0,0.0,0.0,0.0
10,230,3.471850812577969,5.553355772738602,0.0,1.0,0.0,0.0,1.0,0.0
11,230,8.03739015207367,11.358217017561683,1.0,0.0,0.0,0.0,0.0,0.0
12,230,12.0,5.5393230528906985,1.0,0.0,1.0,0.0,0.0,1.0
13,230,12.0,0.9167146246922604,1.0,0.0,1.0,0.0,1.0,1.0
14,230,12.0,10.87116326504039,0.0,0.0,0.0,1.0,0.0,1.0
0,235,10.286362458429537,1.479185845404658,1.0,0.0,0.0,0.0,0.0,0.0
1,235,2.327505580887893,7.803326173586633,1.0,0.0,1.0,1.0,0.0,1.0
2,235,5.693229493829393,7.065730773419559,1.0,0.0,0.0,1.0,0.0,0.0
3,235,11.278570409417938,4.016273712812926,0.0,0.0,0.0,1.0,1.0,0.0
4,235,3.4142900937090817,7.117273726565228,1.0,0.0,0.0,1.0,0.0,0.0
5,235,4.808126047311586,7.20717318992541,0.0,0.0,1.0,0.0,0.0,0.0
6,235,11.235366493322228,4.388040265127341,1.0,0.0,1.0,0.0,0.0,0.0
7,235,0.8741847349305444,8.00569378868531,0.0,1.0,0.0,0.0,0.0,0.0
8,235,5.0996719634187855,1.7758292933872968,0.0,1.0,0.0,0.0,0.0,1.0
9,235,9.024570775169202,1.1211487155507367,1.0,1.0,0.0,0.0,0.0,0.0
10,235,3.5872034139664013,5.631912321021532,0.0,1.0,0.0,0.0,1.0,0.0
11,235,8.089484647327877,11.325773847290035,1.0,0.0,0.0,0.0,0.0,0.0
12,235,12.0,5.653857897018984,1.0,0.0,1.0,0.0,0.0,1.0
13,235,12.0,0.961234330567903,1.0,0.0,1.0,0.0,1.0,1.0
14,235,12.0,10.873614173532232,0.0,0.0,0.0,1.0,0.0,1.0
0,240,10.268606249950526,1.514149611768823,1.0,0.0,0.0,0.0,0.0,0.0
1,240,2.306066221347665,7.800882821097002,1.0,0.0,1.0,1.0,0.0,1.0
2,240,5.597717882385591,7.200540469610996,1.0,0.0,0.0,1.0,0.0,0.0
3,240,11.312166097001828,3.974654600458676,0.0,0.0,0.0,1.0,1.0,0.0
4,240,3.348808556725418,7.127886022622863,1.0,0.0,0.0,1.0,0.0,0.0
5,240,4.8957554903457385,7.103940111139758,0.0,0.0,1.0,0.0,0.0,0.0
6,240,11.225908320973486,4.292824093874819,1.0,0.0,1.0,0.0,0.0,0.0
7,240,0.8967580566727782,7.791500180982136,0.0,1.0,0.0,0.0,0.0,0.0
8,240,4.9593108304712485,1.7091709042168293,0.0,1.0,0.0,0.0,0.0,1.0
9,240,9.095707508564066,1.1287302141669289,1.0,1.0,0.0,0.0,0.0,0.0
10,240,3.6978477396211855,5.7116470302149525,0.0,1.0,0.0,0.0,1.0,0.0
11,240,8.152314718551104,11.284973331072424,1.0,0.0,0.0,0.0,0.0,0.0
12,240,12.0,5.77036263788232,1.0,0.0,1.0,0.0,0.0,1.0
13,240,12.0,1.0140910306109487,1.0,0.0,1.0,0.0,1.0,1.0
14,240,12.0,10.88042383584685,0.0,0.0,0.0,1.0,0.0,1.0
0,245,10.251605674409753,1.550100133227098,1.0,0.0,0.0,0.0,0.0,0.0
1,245,2.2873266203648406,7.798908734501379,1.0,0.0,1.0,1.0,0.0,1.0
2,245,5.494257650728514,7.33920517431227,1.0,0.0,0.0,1.0,0.0,0.0
3,245,11.346720030543368,3.930766274372684,0.0,0.0,0.0,1.0,1.0,0.0
4,245,3.2974718276956057,7.135177196648049,1.0,0.0,0.0,1.0,0.0,0.0
5,245,4.9767351787789735,7.010789095928011,0.0,0.0,1.0,0.0,0.0,0.0
6,245,11.215020862004538,4.183475171043561,1.0,0.0,1.0,0.0,0.0,0.0
7,245,0.9145981806786684,7.587685703630167,0.0,1.0,0.0,0.0,0.0,0.0
8,245,4.80464020044286,1.63507004302154,0.0,1.0,0.0,0.0,0.0,1.0
9,245,9.170190945312148,1.1378418442625748,1.0,1.0,0.0,0.0,0.0,0.0
10,245,3.826160459078548,5.799712664646511,0.0,1.0,0.0,0.0,1.0,0.0
11,245,8.23051506183796,11.236123124704312,1.0,0.0,0.0,0.0,0.0,0.0
12,245,12.0,5.899877923927964,1.0,0.0,1.0,0.0,0.0,1.0
13,245,12.0,1.0733283502451407,1.0,0.0,1.0,0.0,1.0,1.0
14,245,12.0,10.877590498448685,0.0,0.0,0.0,1.0,0.0,1.0
0,250,10.234536533453266,1.584729207031375,1.0,0.0,0.0,0.0,0.0,0.0
1,250,2.283642376945568,7.798505402221111,1.0,0.0,1.0,1.0,0.0,1.0
2,250,5.375442521792069,7.49250418273093,1.0,0.0,0.0,1.0,0.0,0.0
3,250,11.36999849193815,3.9024271024619694,0.0,0.0,0.0,1.0,1.0,0.0
4,250,3.236500344820821,7.142354885845653,1.0,0.0,0.0,1.0,0.0,0.0
5,250,5.076411643924455,7.091260269890515,0.0,0.0,1.0,0.0,0.0,0.0
6,250,11.20332135368278,4.074877538703626,1.0,0.0,1.0,0.0,0.0,0.0
7,250,0.9291172883508486,7.386247927129935,0.0,1.0,0.0,0.0,0.0,0.0
8,250,4.645462261263827,1.5544342337549188,0.0,1.0,0.0,0.0,0.0,1.0
9,250,9.254080358192407,1.1495629868583277,1.0,1.0,0.0,0.0,0.0,0.0
10,250,3.971497079818469,5.897036779298882,0.0,1.0,0.0,0.0,1.0,0.0
11,250,8.31956670453632,11.182576937990364,1.0,0.0,0.0,0.0,0.0,0.0
12,250,12.0,6.031441679813864,1.0,0.0,1.0,0.0,0.0,1.0
13,250,12.0,1.1283000040726474,1.0,0.0,1.0,0.0,1.0,1.0
14,250,12.0,10.871010553386352,0.0,0.0,0.0,1.0,0.0,1.0
0,255,10.21309300708806,1.6275671226408603,1.0,0.0,0.0,0.0,0.0,0.0
1,255,2.276437357803235,7.797982513657647,1.0,0.0,1.0,1.0,0.0,1.0
2,255,5.261872717550175,7.639629640879401,1.0,0.0,0.0,1.0,0.0,0.0
3,255,11.41277434894299,3.850762045528559,0.0,0.0,0.0,1.0,1.0,0.0
4,255,3.1580397072876263,7.151420559046687,1.0,0.0,0.0,1.0,0.0,0.0
5,255,5.181418340696826,7.171250978757045,0.0,0.0,1.0,0.0,0.0,0.0
6,255,11.188451933181828,3.967760798761816,1.0,0.0,1.0,0.0,0.0,0.0
7,255,0.9421458393091008,7.20136120960958,0.0,1.0,0.0,0.0,0.0,0.0
8,255,4.478082699214167,1.4694049843187913,0.0,1.0,0.0,0.0,0.0,1.0
9,255,9.328647012307917,1.1601826661920096,1.0,1.0,0.0,0.0,0.0,0.0
10,255,4.137585330877463,6.005216043181205,0.0,1.0,0.0,0.0,1.0,0.0
11,255,8.398780479007998,11.138392061547172,1.0,0.0,0.0,0.0,0.0,0.0
12,255,12.0,6.172700602542153,1.0,0.0,1.0,0.0,0.0,1.0
13,255,12.0,1.1901424772680562,1.0,0.0,1.0,0.0,1.0,1.0
14,255,12.0,10.864936493320767,0.0,0.0,0.0,1.0,0.0,1.0
0,260,10.195279884618152,1.662251658365921,1.0,0.0,0.0,0.0,0.0,0.0
1,260,2.2604871005991063,7.796708792311995,1.0,0.0,1.0,1.0,0.0,1.0
2,260,5.16890940493537,7.76298569589677,1.0,0.0,0.0,1.0,0.0,0.0
3,260,11.458360171366111,3.7930160946061946,0.0,0.0,0.0,1.0,1.0,0.0
4,260,3.0893804752235114,7.159120729451537,1.0,0.0,0.0,1.0,0.0,0.0
5,260,5.285845520759415,7.249624884781784,0.0,0.0,1.0,0.0,0.0,0.0
6,260,11.180918926970428,3.9035453982413935,1.0,0.0,1.0,0.0,0.0,0.0
7,260,0.9563755387221828,7.003312677110819,0.0,1.0,0.0,0.0,0.0,0.0
8,260,4.305427338481128,1.3791486334420882,0.0,1.0,0.0,0.0,0.0,1.0
9,260,9.391751106090483,1.1690353481554014,1.0,1.0,0.0,0.0,0.0,0.0
10,260,4.291781397441282,6.102696694701795,0.0,1.0,0.0,0.0,1.0,0.0
11,260,8.472402335117366,11.097330853684362,1.0,0.0,0.0,0.0,0.0,0.0
12,260,11.870971999941451,6.266349524851998,1.0,0.0,1.0,0.0,0.0,1.0
13,260,12.0,1.254888810728389,1.0,0.0,1.0,0.0,1.0,1.0
14,260,12.0,10.858870697442716,0.0,0.0,0.0,1.0,0.0,1.0
0,265,10.163557572244953,1.722403101999859,1.0,0.0,0.0,0.0,0.0,0.0
1,265,2.2534442627633977,7.796126122577925,1.0,0.0,1.0,1.0,0.0,1.0
2,265,5.082904055109218,7.878671419770695,1.0,0.0,0.0,1.0,0.0,0.0
3,265,11.506818092743718,3.729633187881279,0.0,0.0,0.0,1.0,1.0,0.0
4,265,3.0024998583529263,7.170445367377529,1.0,0.0,0.0,1.0,0.0,0.0
5,265,5.3850691747503445,7.324617056968909,0.0,0.0,1.0,0.0,0.0,0.0
6,265,11.173957011446712,3.850809555863593,1.0,0.0,1.0,0.0,0.0,0.0
7,265,0.970721535344672,6.812949383050769,0.0,1.0,0.0,0.0,0.0,0.0
8,265,4.154653675608724,1.3026874208203691,0.0,1.0,0.0,0.0,0.0,1.0
9,265,9.467288428624167,1.1805502351601351,1.0,1.0,0.0,0.0,0.0,0.0
10,265,4.4340756917864,6.194546342013995,0.0,1.0,0.0,0.0,1.0,0.0
11,265,8.556803075991041,11.051543704692511,1.0,0.0,0.0,0.0,0.0,0.0
12,265,11.734059824402696,6.366541704240554,1.0,0.0,1.0,0.0,0.0,1.0
13,265,12.0,1.31880964788895,1.0,0.0,1.0,0.0,1.0,1.0
14,265,12.0,10.852258705478462,0.0,0.0,0.0,1.0,0.0,1.0
0,270,10.119636082033876,1.8058337780903653,1.0,0.0,0.0,0.0,0.0,0.0
1,270,2.2313645816304297,7.794228372521362,1.0,0.0,1.0,1.0,0.0,1.0
2,270,4.9909297728180935,7.996407635518625,1.0,0.0,0.0,1.0,0.0,0.0
3,270,11.562915821538803,3.657551076060216,0.0,0.0,0.0,1.0,1.0,0.0
4,270,2.8929944894492423,7.184703850762664,1.0,0.0,0.0,1.0,0.0,0.0
5,270,5.488602308676732,7.400094958773009,0.0,0.0,1.0,0.0,0.0,0.0
6,270,11.163311981194314,3.778011071489491,1.0,0.0,1.0,0.0,0.0,0.0
7,270,0.9853740671600848,6.617229903527257,0.0,1.0,0.0,0.0,0.0,0.0
8,270,3.99005825477541,1.2242838496196446,0.0,1.0,0.0,0.0,0.0,1.0
9,270,9.55226946155886,1.1963505933297438,1.0,1.0,0.0,0.0,0.0,0.0
10,270,4.564130398250064,6.278139775803556,0.0,1.0,0.0,0.0,1.0,0.0
11,270,8.652972927343686,10.998327976779516,1.0,0.0,0.0,0.0,0.0,0.0
12,270,11.59338692830764,6.472299328442936,1.0,0.0,1.0,0.0,0.0,1.0
13,270,12.0,1.386569628562767,1.0,0.0,1.0,0.0,1.0,1.0
14,270,12.0,10.842775458778751,0.0,0.0,0.0,1.0,0.0,1.0
0,275,10.085499893566752,1.874265801486873,1.0,0.0,0.0,0.0,0.0,0.0
1,275,2.228866116650931,7.794018798896115,1.0,0.0,1.0,1.0,0.0,1.0
2,275,4.894472509307684,8.120760828633886,1.0,0.0,0.0,1.0,0.0,0.0
3,275,11.6235514453368,3.5762095172802857,0.0,0.0,0.0,1.0,1.0,0.0
4,275,2.7523407278891283,7.20215896803886,1.0,0.0,0.0,1.0,0.0,0.0
5,275,5.589463115247701,7.472062473396958,0.0,0.0,1.0,0.0,0.0,0.0
6,275,11.0947153550117,3.787285147747553,1.0,0.0,1.0,0.0,0.0,0.0
7,275,0.9984005466196052,6.413741811646551,0.0,1.0,0.0,0.0,0.0,0.0
8,275,3.818776027074868,1.1395632826468838,0.0,1.0,0.0,0.0,0.0,1.0
9,275,9.614932657556412,1.2098833009699494,1.0,1.0,0.0,0.0,0.0,0.0
10,275,4.692538500510543,6.354653582115567,0.0,1.0,0.0,0.0,1.0,0.0
11,275,8.755928979891022,10.942193698421898,1.0,0.0,0.0,0.0,0.0,0.0
12,275,11.444331558408678,6.581797405637737,1.0,0.0,1.0,0.0,0.0,1.0
13,275,12.0,1.4625924001792956,1.0,0.0,1.0,0.0,1.0,1.0
14,275,12.0,10.83149746331381,0.0,0.0,0.0,1.0,0.0,1.0
0,280,10.051904734306945,1.940240053424207,1.0,0.0,0.0,0.0,0.0,0.0
1,280,2.215401154396033,7.792754223075633,1.0,0.0,1.0,1.0,0.0,1.0
2,280,4.808641612758072,8.226176727898052,1.0,0.0,0.0,1.0,0.0,0.0
3,280,11.671018850856203,3.5168330218264505,0.0,0.0,0.0,1.0,1.0,0.0
4,280,2.6220574497599047,7.216788422741547,1.0,0.0,0.0,1.0,0.0,0.0
5,280,5.678676920145741,7.536489385078041,0.0,0.0,1.0,0.0,0.0,0.0
6,280,11.023363137623496,3.7950885992087424,1.0,0.0,1.0,0.0,0.0,0.0
7,280,1.0115904562036195,6.206197337157299,0.0,1.0,0.0,0.0,0.0,0.0
8,280,3.65684593000432,1.064184255121428,0.0,1.0,0.0,0.0,0.0,1.0
9,280,9.681642780908868,1.2265815391321258,1.0,1.0,0.0,0.0,0.0,0.0
10,280,4.825038041447668,6.43107645919175,0.0,1.0,0.0,0.0,1.0,0.0
11,280,8.83770593840384,10.896894470545258,1.0,0.0,0.0,0.0,0.0,0.0
12,280,11.30016531814201,6.693827453985974,1.0,0.0,1.0,0.0,0.0,1.0
13,280,12.0,1.553785345681744,1.0,0.0,1.0,0.0,1.0,1.0
14,280,12.0,10.820371949081624,0.0,0.0,0.0,1.0,0.0,1.0
0,285,10.024803494509314,1.9941007828318984,1.0,0.0,0.0,0.0,0.0,0.0
1,285,2.2023647488841305,7.791750687474551,1.0,0.0,1.0,1.0,0.0,1.0
2,285,4.733023053075603,8.319873567133913,1.0,0.0,0.0,1.0,0.0,0.0
3,285,11.70735464344772,3.470710655975582,0.0,0.0,0.0,1.0,1.0,0.0
4,285,2.5037951630990505,7.227173333439942,1.0,0.0,0.0,1.0,0.0,0.0
5,285,5.740283916763241,7.581103417210845,0.0,0.0,1.0,0.0,0.0,0.0
6,285,10.94691753651112,3.802240495644815,1.0,0.0,1.0,0.0,0.0,0.0
7,285,1.2343052783568431,6.219931607610109,0.0,1.0,0.0,0.0,0.0,0.0
8,285,3.5096002935240564,0.9945061115930082,0.0,1.0,0.0,0.0,0.0,1.0
9,285,9.755958889842134,1.2458425927355092,1.0,1.0,0.0,0.0,0.0,0.0
10,285,4.927315045792089,6.486358573384089,0.0,1.0,0.0,0.0,1.0,0.0
11,285,8.904115097519684,10.860689817611927,1.0,0.0,0.0,0.0,0.0,0.0
12,285,11.156346211752654,6.80555045775117,1.0,0.0,1.0,0.0,0.0,1.0
13,285,12.0,1.6468398655629846,1.0,0.0,1.0,0.0,1.0,1.0
14,285,12.0,10.807915151319303,0.0,0.0,0.0,1.0,0.0,1.0
0,290,9.998684196596974,2.047889263282222,1.0,0.0,0.0,0.0,0.0,0.0
1,290,2.197033029267942,7.791231298929717,1.0,0.0,1.0,1.0,0.0,1.0
2,290,4.670919698397858,8.396800913690466,1.0,0.0,0.0,1.0,0.0,0.0
3,290,11.75052022842036,3.4170672017123844,0.0,0.0,0.0,1.0,1.0,0.0
4,290,2.4041713150227317,7.236538414711875,1.0,0.0,0.0,1.0,0.0,0.0
5,290,5.799690356363209,7.623716949897823,0.0,0.0,1.0,0.0,0.0,0.0
6,290,10.89778438139926,3.807318224956288,1.0,0.0,1.0,0.0,0.0,0.0
7,290,1.462482323689759,6.229727642764191,0.0,1.0,0.0,0.0,0.0,0.0
8,290,3.3655732554189908,0.9242024493280996,0.0,1.0,0.0,0.0,0.0,1.0
9,290,9.839344864298203,1.26459152441727,1.0,1.0,0.0,0.0,0.0,0.0
10,290,5.0355141694495895,6.544068666543957,0.0,1.0,0.0,0.0,1.0,0.0
11,290,8.959176835814642,10.830810506251035,1.0,0.0,0.0,0.0,0.0,0.0
12,290,11.000435071971616,6.92363796830617,1.0,0.0,1.0,0.0,0.0,1.0
13,290,12.0,1.746562186783994,1.0,0.0,1.0,0.0,1.0,1.0
14,290,12.0,10.794260293988906,0.0,0.0,0.0,1.0,0.0,1.0
0,295,9.970464421701529,2.101585551086228,1.0,0.0,0.0,0.0,0.0,0.0
1,295,2.194162190096059,7.790921949870826,1.0,0.0,1.0,1.0,0.0,1.0
2,295,4.602967756925324,8.479285173548144,1.0,0.0,0.0,1.0,0.0,0.0
3,295,11.778112425713472,3.383092751898496,0.0,0.0,0.0,1.0,1.0,0.0
4,295,2.3134988047750897,7.24662740446425,1.0,0.0,0.0,1.0,0.0,0.0
5,295,5.882698095867728,7.682818099427872,0.0,0.0,1.0,0.0,0.0,0.0
6,295,10.868938554558948,3.8095274188272894,1.0,0.0,1.0,0.0,0.0,0.0
7,295,1.687822813307014,6.236605313735188,0.0,1.0,0.0,0.0,0.0,0.0
8,295,3.223197259034515,0.8535163502124211,0.0,1.0,0.0,0.0,0.0,1.0
9,295,9.936394408605222,1.28425472889084,1.0,1.0,0.0,0.0,0.0,0.0
10,295,5.146955342840361,6.604338693181334,0.0,1.0,0.0,0.0,1.0,0.0
11,295,9.017320447136424,10.79867427128082,1.0,0.0,0.0,0.0,0.0,0.0
12,295,10.851813816851404,7.034288379548939,1.0,0.0,1.0,0.0,0.0,1.0
13,295,12.0,1.844106488357192,1.0,0.0,1.0,0.0,1.0,1.0
14,295,12.0,10.77787214383648,0.0,0.0,0.0,1.0,0.0,1.0
