0,0,10.03499820890366,9.053856044584672,0.0,0.0,1.0,0.0,1.0,0.0
1,0,11.01056118611592,6.040332696514972,1.0,0.0,0.0,0.0,0.0,1.0
2,0,0.9520108828834416,10.973227832033674,0.0,1.0,0.0,0.0,0.0,1.0
3,0,1.9427402406664156,6.997863756577423,1.0,0.0,0.0,1.0,0.0,1.0
4,0,0.0666936318751337,8.069763124139772,0.0,1.0,1.0,0.0,1.0,1.0
5,0,3.958959054324581,1.016546947666057,1.0,1.0,0.0,0.0,0.0,0.0
6,0,3.020848382414983,10.95554903336355,0.0,0.0,0.0,0.0,1.0,0.0
7,0,1.96308359806706,5.949654693366231,0.0,0.0,0.0,0.0,1.0,0.0
8,0,5.939875005027535,12.0,0.0,0.0,0.0,1.0,1.0,1.0
9,0,2.951942140929657,12.0,1.0,1.0,0.0,0.0,1.0,0.0
10,0,7.025911627766414,0.0,1.0,0.0,0.0,0.0,0.0,0.0
11,0,5.041462530303675,5.048338546886208,0.0,1.0,0.0,1.0,0.0,0.0
12,0,12.0,7.926125165043697,1.0,0.0,0.0,0.0,0.0,0.0
13,0,1.039224024528407,8.95491096154374,1.0,1.0,0.0,0.0,0.0,1.0
14,0,0.9555984506686434,0.0157486315096565,1.0,1.0,1.0,0.0,0.0,0.0
0,5,10.071951161228736,9.110282753887134,0.0,0.0,1.0,0.0,1.0,0.0
1,5,11.023119244204246,6.091349843277029,1.0,0.0,0.0,0.0,0.0,1.0
2,5,0.9104740418078096,10.94974578837143,0.0,1.0,0.0,0.0,0.0,1.0
3,5,1.9083253207072632,6.996400347441037,1.0,0.0,0.0,1.0,0.0,1.0
4,5,0.0838979041657916,8.088630033326233,0.0,1.0,1.0,0.0,1.0,1.0
5,5,3.8907981318818554,1.044637730157789,1.0,1.0,0.0,0.0,0.0,0.0
6,5,3.046788021647092,10.900046676642429,0.0,0.0,0.0,0.0,1.0,0.0
7,5,1.9331187946033936,5.908959673356221,0.0,0.0,0.0,0.0,1.0,0.0
8,5,5.879425820373961,12.0,0.0,0.0,0.0,1.0,1.0,1.0
9,5,2.896712007149508,12.0,1.0,1.0,0.0,0.0,1.0,0.0
10,5,7.052355394874476,0.0,1.0,0.0,0.0,0.0,0.0,0.0
11,5,5.065031825779955,5.075704600086274,0.0,1.0,0.0,1.0,0.0,0.0
12,5,12.0,7.875297185997105,1.0,0.0,0.0,0.0,0.0,0.0
13,5,1.0811503897252828,8.906795612197001,1.0,1.0,0.0,0.0,0.0,1.0
14,5,0.91596771441212,0.0294280558096508,1.0,1.0,1.0,0.0,0.0,0.0
0,10,10.091721372770994,9.140991305016,0.0,0.0,1.0,0.0,1.0,0.0
1,10,11.033432851977686,6.129697740899223,1.0,0.0,0.0,0.0,0.0,1.0
2,10,0.8747347443026061,10.928332265520122,0.0,1.0,0.0,0.0,0.0,1.0
3,10,1.8476340103458404,6.992735933605523,1.0,0.0,0.0,1.0,0.0,1.0
4,10,0.1314870917706893,8.13878656566482,0.0,1.0,1.0,0.0,1.0,1.0
5,10,3.852206661875272,1.0588401456357632,1.0,1.0,0.0,0.0,0.0,0.0
6,10,3.072070439093147,10.844221484885136,0.0,0.0,0.0,0.0,1.0,0.0
7,10,1.8982367311763744,5.864865225649181,0.0,0.0,0.0,0.0,1.0,0.0
8,10,5.837285376416183,12.0,0.0,0.0,0.0,1.0,1.0,1.0
9,10,2.859597845762685,12.0,1.0,1.0,0.0,0.0,1.0,0.0
10,10,7.071750909854653,0.0,1.0,0.0,0.0,0.0,0.0,0.0
11,10,5.090367042579724,5.103562683574785,0.0,1.0,0.0,1.0,0.0,0.0
12,10,12.0,7.822011744973554,1.0,0.0,0.0,0.0,0.0,0.0
13,10,1.111654896470644,8.871001101169398,1.0,1.0,0.0,0.0,0.0,1.0
14,10,0.8695785347272819,0.0456549777119112,1.0,1.0,1.0,0.0,0.0,0.0
0,15,10.126251859015586,9.19721584204762,0.0,0.0,1.0,0.0,1.0,0.0
1,15,11.050809795566218,6.195535123919165,1.0,0.0,0.0,0.0,0.0,1.0
2,15,0.8209312845876734,10.895528815900503,0.0,1.0,0.0,0.0,0.0,1.0
3,15,1.796654512937873,6.989835136069256,1.0,0.0,0.0,1.0,0.0,1.0
4,15,0.1680028999124236,8.178705862346865,0.0,1.0,1.0,0.0,1.0,1.0
5,15,3.790743576300076,1.0816420997871514,1.0,1.0,0.0,0.0,0.0,0.0
6,15,3.094557979447666,10.79171504617442,0.0,0.0,0.0,0.0,1.0,0.0
7,15,1.864072054802658,5.823368247941462,0.0,0.0,0.0,0.0,1.0,0.0
8,15,5.800873520916786,12.0,0.0,0.0,0.0,1.0,1.0,1.0
9,15,2.809939131940793,12.0,1.0,1.0,0.0,0.0,1.0,0.0
10,15,7.094981853040434,0.0,1.0,0.0,0.0,0.0,0.0,0.0
11,15,5.128456130328156,5.145328615003005,0.0,1.0,0.0,1.0,0.0,0.0
12,15,12.0,7.780022520859548,1.0,0.0,0.0,0.0,0.0,0.0
13,15,1.1417610616595493,8.837935868529273,1.0,1.0,0.0,0.0,0.0,1.0
14,15,0.8114372980932754,0.0652192646563655,1.0,1.0,1.0,0.0,0.0,0.0
0,20,10.157458645651197,9.24968693939704,0.0,0.0,1.0,0.0,1.0,0.0
1,20,11.058246763032448,6.223405167585693,1.0,0.0,0.0,0.0,0.0,1.0
2,20,0.7833965039137937,10.873348235688038,0.0,1.0,0.0,0.0,0.0,1.0
3,20,1.736878792727273,6.987810799740284,1.0,0.0,0.0,1.0,0.0,1.0
4,20,0.2100073918700777,8.228593030593371,0.0,1.0,1.0,0.0,1.0,1.0
5,20,3.763487318494573,1.0922057378733865,1.0,1.0,0.0,0.0,0.0,0.0
6,20,3.1144762424360874,10.742720628301203,0.0,0.0,0.0,0.0,1.0,0.0
7,20,1.839637393736701,5.791676657521924,0.0,0.0,0.0,0.0,1.0,0.0
8,20,5.738578630886225,12.0,0.0,0.0,0.0,1.0,1.0,1.0
9,20,2.7745771642162755,12.0,1.0,1.0,0.0,0.0,1.0,0.0
10,20,7.1188361052213445,0.0,1.0,0.0,0.0,0.0,0.0,0.0
11,20,5.172234493107854,5.192757312006299,0.0,1.0,0.0,1.0,0.0,0.0
12,20,12.0,7.734208895529797,1.0,0.0,0.0,0.0,0.0,0.0
13,20,1.1873852684553006,8.787403850213245,1.0,1.0,0.0,0.0,0.0,1.0
14,20,0.7490485671339437,0.0878561423546688,1.0,1.0,1.0,0.0,0.0,0.0
0,25,10.19986721412023,9.317563843346214,0.0,0.0,1.0,0.0,1.0,0.0
1,25,11.07638166081066,6.286655438383312,1.0,0.0,0.0,0.0,0.0,1.0
2,25,0.7364181080038523,10.844970957785732,0.0,1.0,0.0,0.0,0.0,1.0
3,25,1.679039190300493,6.985556576533532,1.0,0.0,0.0,1.0,0.0,1.0
4,25,0.1727161615940612,8.258521206797923,0.0,1.0,1.0,0.0,1.0,1.0
5,25,3.7021029094370417,1.116283318258959,1.0,1.0,0.0,0.0,0.0,0.0
6,25,3.125071537287354,10.714468129424263,0.0,0.0,0.0,0.0,1.0,0.0
7,25,1.8022291641321275,5.744248403587317,0.0,0.0,0.0,0.0,1.0,0.0
8,25,5.693088398529176,12.0,0.0,0.0,0.0,1.0,1.0,1.0
9,25,2.732493827153309,12.0,1.0,1.0,0.0,0.0,1.0,0.0
10,25,7.143086644247786,0.0,1.0,0.0,0.0,0.0,0.0,0.0
11,25,5.207422802785769,5.2315776384827215,0.0,1.0,0.0,1.0,0.0,0.0
12,25,12.0,7.674591410060236,1.0,0.0,0.0,0.0,0.0,0.0
13,25,1.2338070230087117,8.739012388907142,1.0,1.0,0.0,0.0,0.0,1.0
14,25,0.6999824004220571,0.1056253747629289,1.0,1.0,1.0,0.0,0.0,0.0
0,30,10.23553319224233,9.376646365876493,0.0,0.0,1.0,0.0,1.0,0.0
1,30,11.144040233762142,6.2658913909606575,1.0,0.0,0.0,0.0,0.0,1.0
2,30,0.6726169465278087,10.806213240084189,0.0,1.0,0.0,0.0,0.0,1.0
3,30,1.6312438707314878,6.983948562048257,1.0,0.0,0.0,1.0,0.0,1.0
4,30,0.14036548092315,8.284382907336628,0.0,1.0,1.0,0.0,1.0,1.0
5,30,3.646702552622732,1.136764256035906,1.0,1.0,0.0,0.0,0.0,0.0
6,30,3.1474375175481506,10.657443542624458,0.0,0.0,0.0,0.0,1.0,0.0
7,30,1.751024786607516,5.678508782390357,0.0,0.0,0.0,0.0,1.0,0.0
8,30,5.6290162588158426,12.0,0.0,0.0,0.0,1.0,1.0,1.0
9,30,2.6916577567949744,12.0,1.0,1.0,0.0,0.0,1.0,0.0
10,30,7.156730527626928,0.0,1.0,0.0,0.0,0.0,0.0,0.0
11,30,5.253636899343348,5.281554993204248,0.0,1.0,0.0,1.0,0.0,0.0
12,30,12.0,7.618190982212623,1.0,0.0,0.0,0.0,0.0,0.0
13,30,1.2814098717272484,8.688421671573666,1.0,1.0,0.0,0.0,0.0,1.0
14,30,0.6331079447331343,0.1306694298699895,1.0,1.0,1.0,0.0,0.0,0.0
0,35,10.27248270443213,9.436341831901052,0.0,0.0,1.0,0.0,1.0,0.0
1,35,11.19550411443743,6.251200174584892,1.0,0.0,0.0,0.0,0.0,1.0
2,35,0.6283878829870972,10.778486528698757,0.0,1.0,0.0,0.0,0.0,1.0
3,35,1.5633334481699137,6.981209681392488,1.0,0.0,0.0,1.0,0.0,1.0
4,35,0.0841328900963545,8.331838856979198,0.0,1.0,1.0,0.0,1.0,1.0
5,35,3.588053289542773,1.1588147773945443,1.0,1.0,0.0,0.0,0.0,0.0
6,35,3.1593351025538703,10.623570677507464,0.0,0.0,0.0,0.0,1.0,0.0
7,35,1.7090197156776925,5.623130725759372,0.0,0.0,0.0,0.0,1.0,0.0
8,35,5.594308988142609,12.0,0.0,0.0,0.0,1.0,1.0,1.0
9,35,2.6419501192292847,12.0,1.0,1.0,0.0,0.0,1.0,0.0
10,35,7.181730289115432,0.0,1.0,0.0,0.0,0.0,0.0,0.0
11,35,5.290442219130442,5.3185472596245615,0.0,1.0,0.0,1.0,0.0,0.0
12,35,12.0,7.560961063393671,1.0,0.0,0.0,0.0,0.0,0.0
13,35,1.3256744731660426,8.64291857565212,1.0,1.0,0.0,0.0,0.0,1.0
14,35,0.5795117493663081,0.1511944127652311,1.0,1.0,1.0,0.0,0.0,0.0
0,40,10.307252495169408,9.489657750648616,0.0,0.0,1.0,0.0,1.0,0.0
1,40,11.264743389933248,6.232591164488381,1.0,0.0,0.0,0.0,0.0,1.0
2,40,0.5767903463757756,10.746271314974663,0.0,1.0,0.0,0.0,0.0,1.0
3,40,1.4839472972643877,6.9753706717514525,1.0,0.0,0.0,1.0,0.0,1.0
4,40,0.0315523119848847,8.375124107779463,0.0,1.0,1.0,0.0,1.0,1.0
5,40,3.524034281589762,1.18292833889031,1.0,1.0,0.0,0.0,0.0,0.0
6,40,3.178624620898814,10.564080588238133,0.0,0.0,0.0,0.0,1.0,0.0
7,40,1.6730492365686656,5.576389934082469,0.0,0.0,0.0,0.0,1.0,0.0
8,40,5.561263957027225,12.0,0.0,0.0,0.0,1.0,1.0,1.0
9,40,2.6018690001132,12.0,1.0,1.0,0.0,0.0,1.0,0.0
10,40,7.202902939502172,0.0,1.0,0.0,0.0,0.0,0.0,0.0
11,40,5.336525698798747,5.363905884292145,0.0,1.0,0.0,1.0,0.0,0.0
12,40,12.0,7.525893313216756,1.0,0.0,0.0,0.0,0.0,0.0
13,40,1.363514664793078,8.604854680241942,1.0,1.0,0.0,0.0,0.0,1.0
14,40,0.5218890390254495,0.1754007629632244,1.0,1.0,1.0,0.0,0.0,0.0
0,45,10.334933845692747,9.531133762641144,0.0,0.0,1.0,0.0,1.0,0.0
1,45,11.318931789551318,6.216722679618444,1.0,0.0,0.0,0.0,0.0,1.0
2,45,0.5316275568594631,10.71763559754366,0.0,1.0,0.0,0.0,0.0,1.0
3,45,1.443020203197133,6.971573100340679,1.0,0.0,0.0,1.0,0.0,1.0
4,45,0.0,8.403696901059172,0.0,1.0,1.0,0.0,1.0,1.0
5,45,3.49134275609555,1.1949617999297544,1.0,1.0,0.0,0.0,0.0,0.0
6,45,3.203385963519016,10.48907830368181,0.0,0.0,0.0,0.0,1.0,0.0
7,45,1.6344785841327247,5.52754074076614,0.0,0.0,0.0,0.0,1.0,0.0
8,45,5.510465450034695,12.0,0.0,0.0,0.0,1.0,1.0,1.0
9,45,2.549654140480972,12.0,1.0,1.0,0.0,0.0,1.0,0.0
10,45,7.218979632081084,0.0,1.0,0.0,0.0,0.0,0.0,0.0
11,45,5.365040290835921,5.391490628139218,0.0,1.0,0.0,1.0,0.0,0.0
12,45,12.0,7.469998157752511,1.0,0.0,0.0,0.0,0.0,0.0
13,45,1.4224253606281678,8.545428814496304,1.0,1.0,0.0,0.0,0.0,1.0
14,45,0.4596602309001254,0.2040799126984094,1.0,1.0,1.0,0.0,0.0,0.0
0,50,10.36750945984212,9.580266304990694,0.0,0.0,1.0,0.0,1.0,0.0
1,50,11.345189049318938,6.209773869257743,1.0,0.0,0.0,0.0,0.0,1.0
2,50,0.5136371436545062,10.706452132910416,0.0,1.0,0.0,0.0,0.0,1.0
3,50,1.3826189008081815,6.966417750117441,1.0,0.0,0.0,1.0,0.0,1.0
4,50,0.0,8.439257320203568,0.0,1.0,1.0,0.0,1.0,1.0
5,50,3.466267110690591,1.2042616385770764,1.0,1.0,0.0,0.0,0.0,0.0
6,50,3.2251724645339768,10.423942452690572,0.0,0.0,0.0,0.0,1.0,0.0
7,50,1.6028224451045288,5.487562759548361,0.0,0.0,0.0,0.0,1.0,0.0
8,50,5.4832004907664285,12.0,0.0,0.0,0.0,1.0,1.0,1.0
9,50,2.5236744847708974,12.0,1.0,1.0,0.0,0.0,1.0,0.0
10,50,7.249125725119016,0.0,1.0,0.0,0.0,0.0,0.0,0.0
11,50,5.415095618860907,5.443766716616907,0.0,1.0,0.0,1.0,0.0,0.0
12,50,12.0,7.4195788143778145,1.0,0.0,0.0,0.0,0.0,0.0
13,50,1.476665101486788,8.491297842671306,1.0,1.0,0.0,0.0,0.0,1.0
14,50,0.4024009390366506,0.231044974147358,1.0,1.0,1.0,0.0,0.0,0.0
0,55,10.393358363469549,9.621000279762622,0.0,0.0,1.0,0.0,1.0,0.0
1,55,11.382743205006292,6.200030865230132,1.0,0.0,0.0,0.0,0.0,1.0
2,55,0.4635939640422594,10.673339695994684,0.0,1.0,0.0,0.0,0.0,1.0
3,55,1.332503716259079,6.960273957639002,1.0,0.0,0.0,1.0,0.0,1.0
4,55,0.0,8.467494276395993,0.0,1.0,1.0,0.0,1.0,1.0
5,55,3.4332206885232925,1.216283976921138,1.0,1.0,0.0,0.0,0.0,0.0
6,55,3.2419887030227423,10.375507245011676,0.0,0.0,0.0,0.0,1.0,0.0
7,55,1.5577631698018717,5.431555930111116,0.0,0.0,0.0,0.0,1.0,0.0
8,55,5.437861417268202,12.0,0.0,0.0,0.0,1.0,1.0,1.0
9,55,2.4391511171879734,12.0,1.0,1.0,0.0,0.0,1.0,0.0
10,55,7.273594665550478,0.0,1.0,0.0,0.0,0.0,0.0,0.0
11,55,5.44419817936943,5.473946663376859,0.0,1.0,0.0,1.0,0.0,0.0
12,55,12.0,7.369823535665532,1.0,0.0,0.0,0.0,0.0,0.0
13,55,1.5185861408232275,8.448977766785568,1.0,1.0,0.0,0.0,0.0,1.0
14,55,0.3436593922964155,0.259650155214406,1.0,1.0,1.0,0.0,0.0,0.0
0,60,10.429788840777524,9.67749524699896,0.0,0.0,1.0,0.0,1.0,0.0
1,60,11.437391886753137,6.185942377793108,1.0,0.0,0.0,0.0,0.0,1.0
2,60,0.4181798016142042,10.642049505599134,0.0,1.0,0.0,0.0,0.0,1.0
3,60,1.2788749421768928,6.952899633755872,1.0,0.0,0.0,1.0,0.0,1.0
4,60,0.0,8.495615912069043,0.0,1.0,1.0,0.0,1.0,1.0
5,60,3.385883370076178,1.2331693248408846,1.0,1.0,0.0,0.0,0.0,0.0
6,60,3.274385046844909,10.288325184350104,0.0,0.0,0.0,0.0,1.0,0.0
7,60,1.5224424546010715,5.386352863628475,0.0,0.0,0.0,0.0,1.0,0.0
8,60,5.381742205468341,12.0,0.0,0.0,0.0,1.0,1.0,1.0
9,60,2.3964680467206287,12.0,1.0,1.0,0.0,0.0,1.0,0.0
10,60,7.306744066414343,0.0,1.0,0.0,0.0,0.0,0.0,0.0
11,60,5.477025936450122,5.507580166801114,0.0,1.0,0.0,1.0,0.0,0.0
12,60,12.0,7.321462657312404,1.0,0.0,0.0,0.0,0.0,0.0
13,60,1.5536588747834326,8.411511956063885,1.0,1.0,0.0,0.0,0.0,1.0
14,60,0.3069142393114784,0.277463643534807,1.0,1.0,1.0,0.0,0.0,0.0
0,65,10.453928445286335,9.713322098334617,0.0,0.0,1.0,0.0,1.0,0.0
1,65,11.492275472050755,6.170215041792336,1.0,0.0,0.0,0.0,0.0,1.0
2,65,0.3749003155866368,10.612338857446224,0.0,1.0,0.0,0.0,0.0,1.0
3,65,1.238832364369938,6.947836777028153,1.0,0.0,0.0,1.0,0.0,1.0
4,65,0.0,8.526681056507307,0.0,1.0,1.0,0.0,1.0,1.0
5,65,3.3285749806418434,1.2529172836562017,1.0,1.0,0.0,0.0,0.0,0.0
6,65,3.297834795740731,10.228983868695297,0.0,0.0,0.0,0.0,1.0,0.0
7,65,1.482804884490771,5.339044828698788,0.0,0.0,0.0,0.0,1.0,0.0
8,65,5.350957251342643,12.0,0.0,0.0,0.0,1.0,1.0,1.0
9,65,2.3505048257721106,12.0,1.0,1.0,0.0,0.0,1.0,0.0
10,65,7.328180035351951,0.0,1.0,0.0,0.0,0.0,0.0,0.0
11,65,5.521804055947015,5.553854279212145,0.0,1.0,0.0,1.0,0.0,0.0
12,65,12.0,7.258628837762852,1.0,0.0,0.0,0.0,0.0,0.0
13,65,1.5792355050305042,8.3839978586196,1.0,1.0,0.0,0.0,0.0,1.0
14,65,0.2583569680796159,0.3013802443538872,1.0,1.0,1.0,0.0,0.0,0.0
0,70,10.483550314880947,9.755426288137892,0.0,0.0,1.0,0.0,1.0,0.0
1,70,11.529412820512697,6.159608519183614,1.0,0.0,0.0,0.0,0.0,1.0
2,70,0.3199293627605524,10.572720172135648,0.0,1.0,0.0,0.0,0.0,1.0
3,70,1.196255703589973,6.942407962005336,1.0,0.0,0.0,1.0,0.0,1.0
4,70,0.0,8.559220179649794,0.0,1.0,1.0,0.0,1.0,1.0
5,70,3.265810404330772,1.2730383329585646,1.0,1.0,0.0,0.0,0.0,0.0
6,70,3.316997939531442,10.184051906512831,0.0,0.0,0.0,0.0,1.0,0.0
7,70,1.4366131458453966,5.286695585663613,0.0,0.0,0.0,0.0,1.0,0.0
8,70,5.296957867053284,12.0,0.0,0.0,0.0,1.0,1.0,1.0
9,70,2.300406820576136,12.0,1.0,1.0,0.0,0.0,1.0,0.0
10,70,7.345904459139339,0.0,1.0,0.0,0.0,0.0,0.0,0.0
11,70,5.57602527177952,5.609500054465077,0.0,1.0,0.0,1.0,0.0,0.0
12,70,12.0,7.233261460074298,1.0,0.0,0.0,0.0,0.0,0.0
13,70,1.6173088170478058,8.34265838528057,1.0,1.0,0.0,0.0,0.0,1.0
14,70,0.2211316443612627,0.3199195782277381,1.0,1.0,1.0,0.0,0.0,0.0
0,75,10.51294777061652,9.799474117843005,0.0,0.0,1.0,0.0,1.0,0.0
1,75,11.568032670436612,6.1475904815241655,1.0,0.0,0.0,0.0,0.0,1.0
2,75,0.2979470379559769,10.55673263561799,0.0,1.0,0.0,0.0,0.0,1.0
3,75,1.1726355158242905,6.938951126813526,1.0,0.0,0.0,1.0,0.0,1.0
4,75,0.0,8.592564020185945,0.0,1.0,1.0,0.0,1.0,1.0
5,75,3.209435705339231,1.2921412782145494,1.0,1.0,0.0,0.0,0.0,0.0
6,75,3.3463111348831074,10.118960069495232,0.0,0.0,0.0,0.0,1.0,0.0
7,75,1.3846904478049142,5.227340065464523,0.0,0.0,0.0,0.0,1.0,0.0
8,75,5.259881012953256,12.0,0.0,0.0,0.0,1.0,1.0,1.0
9,75,2.2379559312442114,12.0,1.0,1.0,0.0,0.0,1.0,0.0
10,75,7.375760964874074,0.0,1.0,0.0,0.0,0.0,0.0,0.0
11,75,5.60114083563545,5.634417306869096,0.0,1.0,0.0,1.0,0.0,0.0
12,75,12.0,7.195169872668688,1.0,0.0,0.0,0.0,0.0,0.0
13,75,1.6660746227659189,8.291575940257507,1.0,1.0,0.0,0.0,0.0,1.0
14,75,0.188088127903157,0.3358933018309629,1.0,1.0,1.0,0.0,0.0,0.0
0,80,10.539365848892432,9.839614026366911,0.0,0.0,1.0,0.0,1.0,0.0
1,80,11.647317174918166,6.125341522384604,1.0,0.0,0.0,0.0,0.0,1.0
2,80,0.2667779224816143,10.536481474197124,0.0,1.0,0.0,0.0,0.0,1.0
3,80,1.1332398320510912,6.9326732804453455,1.0,0.0,0.0,1.0,0.0,1.0
4,80,0.0,8.618271721143344,0.0,1.0,1.0,0.0,1.0,1.0
5,80,3.1368697118475413,1.3186880873837818,1.0,1.0,0.0,0.0,0.0,0.0
6,80,3.3764453167207216,10.05196193228285,0.0,0.0,0.0,0.0,1.0,0.0
7,80,1.3404631292044418,5.175683603325036,0.0,0.0,0.0,0.0,1.0,0.0
8,80,5.20531264894244,12.0,0.0,0.0,0.0,1.0,1.0,1.0
9,80,2.1682880049959694,12.0,1.0,1.0,0.0,0.0,1.0,0.0
10,80,7.408595872462397,0.0,1.0,0.0,0.0,0.0,0.0,0.0
11,80,5.647080644651375,5.67814517602822,0.0,1.0,0.0,1.0,0.0,0.0
12,80,12.0,7.150750129851731,1.0,0.0,0.0,0.0,0.0,0.0
13,80,1.7189977697895045,8.238098177376761,1.0,1.0,0.0,0.0,0.0,1.0
14,80,0.1232917367156043,0.3656714502123716,1.0,1.0,1.0,0.0,0.0,0.0
0,85,10.584623192873597,9.90710714548362,0.0,0.0,1.0,0.0,1.0,0.0
1,85,11.689003436607836,6.112240814034409,1.0,0.0,0.0,0.0,0.0,1.0
2,85,0.2113956642217325,10.49942010379374,0.0,1.0,0.0,0.0,0.0,1.0
3,85,1.0705472011692716,6.922824480205574,1.0,0.0,0.0,1.0,0.0,1.0
4,85,0.0,8.641719707369122,0.0,1.0,1.0,0.0,1.0,1.0
5,85,3.0866441213096643,1.3354278866946283,1.0,1.0,0.0,0.0,0.0,0.0
6,85,3.407103221725679,9.98804341775838,0.0,0.0,0.0,0.0,1.0,0.0
7,85,1.3011431134718914,5.127356749816605,0.0,0.0,0.0,0.0,1.0,0.0
8,85,5.160937724493694,12.0,0.0,0.0,0.0,1.0,1.0,1.0
9,85,2.1203026111403984,12.0,1.0,1.0,0.0,0.0,1.0,0.0
10,85,7.429140175166465,0.0,1.0,0.0,0.0,0.0,0.0,0.0
11,85,5.693250578465016,5.721551747801666,0.0,1.0,0.0,1.0,0.0,0.0
12,85,12.0,7.10004656836719,1.0,0.0,0.0,0.0,0.0,0.0
13,85,1.735114517635657,8.222308431956339,1.0,1.0,0.0,0.0,0.0,1.0
14,85,0.0605712560867232,0.3947029865567749,1.0,1.0,1.0,0.0,0.0,0.0
0,90,10.614836328017311,9.949450672907396,0.0,0.0,1.0,0.0,1.0,0.0
1,90,11.732000708890356,6.097177266882839,1.0,0.0,0.0,0.0,0.0,1.0
2,90,0.1519322599541325,10.46186639869982,0.0,1.0,0.0,0.0,0.0,1.0
3,90,1.0359529508432233,6.917956031174855,1.0,0.0,0.0,1.0,0.0,1.0
4,90,0.0,8.680667857358047,0.0,1.0,1.0,0.0,1.0,1.0
5,90,3.0257093186602333,1.3529218862910768,1.0,1.0,0.0,0.0,0.0,0.0
6,90,3.423741449245441,9.953710767379498,0.0,0.0,0.0,0.0,1.0,0.0
7,90,1.2734189216186256,5.090989948890116,0.0,0.0,0.0,0.0,1.0,0.0
8,90,5.13004912116458,12.0,0.0,0.0,0.0,1.0,1.0,1.0
9,90,2.059490075939185,12.0,1.0,1.0,0.0,0.0,1.0,0.0
10,90,7.449041068346504,0.0,1.0,0.0,0.0,0.0,0.0,0.0
11,90,5.732735229144924,5.755974795405387,0.0,1.0,0.0,1.0,0.0,0.0
12,90,12.0,7.04591417247595,1.0,0.0,0.0,0.0,0.0,0.0
13,90,1.770362433777231,8.189133916196793,1.0,1.0,0.0,0.0,0.0,1.0
14,90,0.0100563736307414,0.4212765589049075,1.0,1.0,1.0,0.0,0.0,0.0
0,95,10.62785404117606,9.96875531491849,0.0,0.0,1.0,0.0,1.0,0.0
1,95,11.7768746683475,6.079915432878651,1.0,0.0,0.0,0.0,0.0,1.0
2,95,0.1012864013859401,10.428207238131698,0.0,1.0,0.0,0.0,0.0,1.0
3,95,0.9848440865600632,6.908992608053976,1.0,0.0,0.0,1.0,0.0,1.0
4,95,0.0,8.71354099517879,0.0,1.0,1.0,0.0,1.0,1.0
5,95,2.9800917832254923,1.365420890330162,1.0,1.0,0.0,0.0,0.0,0.0
6,95,3.439883059740719,9.921973811874713,0.0,0.0,0.0,0.0,1.0,0.0
7,95,1.2511027989788963,5.061352121261431,0.0,0.0,0.0,0.0,1.0,0.0
8,95,5.066471709766996,12.0,0.0,0.0,0.0,1.0,1.0,1.0
9,95,2.027419654233024,12.0,1.0,1.0,0.0,0.0,1.0,0.0
10,95,7.474644348226571,0.0,1.0,0.0,0.0,0.0,0.0,0.0
11,95,5.762817592832034,5.7828178591533295,0.0,1.0,0.0,1.0,0.0,0.0
12,95,12.0,7.018341248034399,1.0,0.0,0.0,0.0,0.0,0.0
13,95,1.817927750783069,8.14230137542306,1.0,1.0,0.0,0.0,0.0,1.0
14,95,0.0,0.4550328694687096,1.0,1.0,1.0,0.0,0.0,0.0
0,100,10.669161788170852,10.031136134942363,0.0,0.0,1.0,0.0,1.0,0.0
1,100,11.851035234063218,6.051421658799976,1.0,0.0,0.0,0.0,0.0,1.0
2,100,0.0735032905542603,10.409656345792971,0.0,1.0,0.0,0.0,0.0,1.0
3,100,0.9523361265798376,6.902828440528205,1.0,0.0,0.0,1.0,0.0,1.0
4,100,0.0,8.734284672328068,0.0,1.0,1.0,0.0,1.0,1.0
5,100,2.929242715509381,1.3785343716698972,1.0,1.0,0.0,0.0,0.0,0.0
6,100,3.4596638556104944,9.882008830512978,0.0,0.0,0.0,0.0,1.0,0.0
7,100,1.2201157889972951,5.019154623630434,0.0,0.0,0.0,0.0,1.0,0.0
8,100,5.022251322242895,12.0,0.0,0.0,0.0,1.0,1.0,1.0
9,100,1.9856462201789564,12.0,1.0,1.0,0.0,0.0,1.0,0.0
10,100,7.503308526981443,0.0,1.0,0.0,0.0,0.0,0.0,0.0
11,100,5.806316480644888,5.820926775262587,0.0,1.0,0.0,1.0,0.0,0.0
12,100,12.0,6.973004765486552,1.0,0.0,0.0,0.0,0.0,0.0
13,100,1.8628509424828532,8.098546810107845,1.0,1.0,0.0,0.0,0.0,1.0
14,100,0.0,0.4937122124532068,1.0,1.0,1.0,0.0,0.0,0.0
0,105,10.695979350537751,10.070217267341173,0.0,0.0,1.0,0.0,1.0,0.0
1,105,11.895008690897043,6.034270873876057,1.0,0.0,0.0,0.0,0.0,1.0
2,105,0.0199286868494674,10.372675109242982,0.0,1.0,0.0,0.0,0.0,1.0
3,105,0.8989863122821756,6.892422282125894,1.0,0.0,0.0,1.0,0.0,1.0
4,105,0.0,8.7708436750563,0.0,1.0,1.0,0.0,1.0,1.0
5,105,2.896141239173525,1.387190735641198,1.0,1.0,0.0,0.0,0.0,0.0
6,105,3.492642999530156,9.819881961796762,0.0,0.0,0.0,0.0,1.0,0.0
7,105,1.1903006520278183,4.977495958311504,0.0,0.0,0.0,0.0,1.0,0.0
8,105,4.969741919567236,12.0,0.0,0.0,0.0,1.0,1.0,1.0
9,105,1.941398876862623,12.0,1.0,1.0,0.0,0.0,1.0,0.0
10,105,7.53316335688705,0.0,1.0,0.0,0.0,0.0,0.0,0.0
11,105,5.840051513319014,5.8495086007324,0.0,1.0,0.0,1.0,0.0,0.0
12,105,12.0,6.942756703343646,1.0,0.0,0.0,0.0,0.0,0.0
13,105,1.908683835555996,8.05344428816169,1.0,1.0,0.0,0.0,0.0,1.0
14,105,0.0,0.5245879872718953,1.0,1.0,1.0,0.0,0.0,0.0
0,110,10.727118010333005,10.1147393626337,0.0,0.0,1.0,0.0,1.0,0.0
1,110,11.965562461630334,6.005637218176007,1.0,0.0,0.0,0.0,0.0,1.0
2,110,0.0,10.344523099559757,0.0,1.0,0.0,0.0,0.0,1.0
3,110,0.854545248782058,6.88353559488809,1.0,0.0,0.0,1.0,0.0,1.0
4,110,0.0,8.803336957317017,0.0,1.0,1.0,0.0,1.0,1.0
5,110,2.850304412517528,1.399221634789672,1.0,1.0,0.0,0.0,0.0,0.0
6,110,3.523583834739143,9.766016844703518,0.0,0.0,0.0,0.0,1.0,0.0
7,110,1.1732282853597034,4.954411566774243,0.0,0.0,0.0,0.0,1.0,0.0
8,110,4.935802231171261,12.0,0.0,0.0,0.0,1.0,1.0,1.0
9,110,1.9018559333658045,12.0,1.0,1.0,0.0,0.0,1.0,0.0
10,110,7.564606357436233,0.0,1.0,0.0,0.0,0.0,0.0,0.0
11,110,5.886710096109979,5.887814114756602,0.0,1.0,0.0,1.0,0.0,0.0
12,110,12.0,6.885753782571331,1.0,0.0,0.0,0.0,0.0,0.0
13,110,1.9481429914233173,8.013746975305626,1.0,1.0,0.0,0.0,0.0,1.0
14,110,0.0,0.5455133776099711,1.0,1.0,1.0,0.0,0.0,0.0
0,115,10.771079049710009,10.181473410187616,0.0,0.0,1.0,0.0,1.0,0.0
1,115,11.99976734043902,5.992193470546611,1.0,0.0,0.0,0.0,0.0,1.0
2,115,0.0,10.32042082596318,0.0,1.0,0.0,0.0,0.0,1.0
3,115,0.8239762881471177,6.877764882876958,1.0,0.0,0.0,1.0,0.0,1.0
4,115,0.0,8.850542623518743,0.0,1.0,1.0,0.0,1.0,1.0
5,115,2.8005141313779047,1.4137139971446893,1.0,1.0,0.0,0.0,0.0,0.0
6,115,3.558326227555558,9.700505829376038,0.0,0.0,0.0,0.0,1.0,0.0
7,115,1.1412676717886696,4.911100174356924,0.0,0.0,0.0,0.0,1.0,0.0
8,115,4.903656146982027,12.0,0.0,0.0,0.0,1.0,1.0,1.0
9,115,1.8626309398117635,12.0,1.0,1.0,0.0,0.0,1.0,0.0
10,115,7.603955359454394,0.0,1.0,0.0,0.0,0.0,0.0,0.0
11,115,5.971826108034022,5.95776527434152,0.0,1.0,0.0,1.0,0.0,0.0
12,115,12.0,6.8472490838727005,1.0,0.0,0.0,0.0,0.0,0.0
13,115,1.978673975664094,7.982894326276302,1.0,1.0,0.0,0.0,0.0,1.0
14,115,0.0,0.5729661878816982,1.0,1.0,1.0,0.0,0.0,0.0
0,120,10.804999569464464,10.23103382112024,0.0,0.0,1.0,0.0,1.0,0.0
1,120,12.0,5.963947771373722,1.0,0.0,0.0,0.0,0.0,1.0
2,120,0.0215201221891047,10.284103853215129,0.0,1.0,0.0,0.0,0.0,1.0
3,120,0.774944599553467,6.86728406298982,1.0,0.0,0.0,1.0,0.0,1.0
4,120,0.0,8.893772121152393,0.0,1.0,1.0,0.0,1.0,1.0
5,120,2.7231557702322378,1.437002852111221,1.0,1.0,0.0,0.0,0.0,0.0
6,120,3.581124946798674,9.657130741183009,0.0,0.0,0.0,0.0,1.0,0.0
7,120,1.1146548998618868,4.87545211010493,0.0,0.0,0.0,0.0,1.0,0.0
8,120,4.870472011782107,12.0,0.0,0.0,0.0,1.0,1.0,1.0
9,120,1.7998458596353255,12.0,1.0,1.0,0.0,0.0,1.0,0.0
10,120,7.647319096259933,0.0,1.0,0.0,0.0,0.0,0.0,0.0
11,120,6.0120529969792855,5.990315668352236,0.0,1.0,0.0,1.0,0.0,0.0
12,120,12.0,6.789152624603835,1.0,0.0,0.0,0.0,0.0,0.0
13,120,2.02753999483852,8.029444042160382,1.0,1.0,0.0,0.0,0.0,1.0
14,120,0.0,0.596916143558904,1.0,1.0,1.0,0.0,0.0,0.0
0,125,10.83236650805143,10.272401051544197,0.0,0.0,1.0,0.0,1.0,0.0
1,125,12.0,5.946577886332806,1.0,0.0,0.0,0.0,0.0,1.0
2,125,0.0498410119689434,10.236994247477154,0.0,1.0,0.0,0.0,0.0,1.0
3,125,0.7361169813099138,6.85967535143061,1.0,0.0,0.0,1.0,0.0,1.0
4,125,0.0,8.922729996598964,0.0,1.0,1.0,0.0,1.0,1.0
5,125,2.681325467862712,1.4512431793067615,1.0,1.0,0.0,0.0,0.0,0.0
6,125,3.6020050647950344,9.618253823635598,0.0,0.0,0.0,0.0,1.0,0.0
7,125,1.06610683619837,4.80869812699239,0.0,0.0,0.0,0.0,1.0,0.0
8,125,4.843093362912295,12.0,0.0,0.0,0.0,1.0,1.0,1.0
9,125,1.755633616581631,12.0,1.0,1.0,0.0,0.0,1.0,0.0
10,125,7.683885671085869,0.0,1.0,0.0,0.0,0.0,0.0,0.0
11,125,6.050771021463038,6.022010458417139,0.0,1.0,0.0,1.0,0.0,0.0
12,125,12.0,6.716876107476872,1.0,0.0,0.0,0.0,0.0,0.0
13,125,2.077953908560658,8.077435353255925,1.0,1.0,0.0,0.0,0.0,1.0
14,125,0.0,0.6149440999236858,1.0,1.0,1.0,0.0,0.0,0.0
0,130,10.868645095524249,10.326610845928684,0.0,0.0,1.0,0.0,1.0,0.0
1,130,12.0,5.934579366201636,1.0,0.0,0.0,0.0,0.0,1.0
2,130,0.075009137686907,10.19006445281576,0.0,1.0,0.0,0.0,0.0,1.0
3,130,0.6867571270829959,6.850019596229224,1.0,0.0,0.0,1.0,0.0,1.0
4,130,0.0,8.957307522029366,0.0,1.0,1.0,0.0,1.0,1.0
5,130,2.632184911791522,1.469289772767933,1.0,1.0,0.0,0.0,0.0,0.0
6,130,3.620503076679397,9.584330569176297,0.0,0.0,0.0,0.0,1.0,0.0
7,130,1.0418602992107624,4.774584501572971,0.0,0.0,0.0,0.0,1.0,0.0
8,130,4.780804757716697,12.0,0.0,0.0,0.0,1.0,1.0,1.0
9,130,1.700225472660282,12.0,1.0,1.0,0.0,0.0,1.0,0.0
10,130,7.700106430618954,0.0,1.0,0.0,0.0,0.0,0.0,0.0
11,130,6.093405421348438,6.0575881622028565,0.0,1.0,0.0,1.0,0.0,0.0
12,130,12.0,6.670589622891128,1.0,0.0,0.0,0.0,0.0,0.0
13,130,2.121455588209219,8.117953669863107,1.0,1.0,0.0,0.0,0.0,1.0
14,130,0.0,0.6419320568098138,1.0,1.0,1.0,0.0,0.0,0.0
0,135,10.913723084642651,10.399580395235173,0.0,0.0,1.0,0.0,1.0,0.0
1,135,12.0,5.916984952920681,1.0,0.0,0.0,0.0,0.0,1.0
2,135,0.1079399668087439,10.131042595864214,0.0,1.0,0.0,0.0,0.0,1.0
3,135,0.647919138993513,6.840177549526397,1.0,0.0,0.0,1.0,0.0,1.0
4,135,0.0,9.005959741254717,0.0,1.0,1.0,0.0,1.0,1.0
5,135,2.554355912680403,1.4964300951504517,1.0,1.0,0.0,0.0,0.0,0.0
6,135,3.650962604915213,9.530671551175493,0.0,0.0,0.0,0.0,1.0,0.0
7,135,1.0153873548266252,4.736536414823003,0.0,0.0,0.0,0.0,1.0,0.0
8,135,4.735830259991806,12.0,0.0,0.0,0.0,1.0,1.0,1.0
9,135,1.6731112395195882,12.0,1.0,1.0,0.0,0.0,1.0,0.0
10,135,7.730189634153787,0.0,1.0,0.0,0.0,0.0,0.0,0.0
11,135,6.157687066501174,6.108753189495735,0.0,1.0,0.0,1.0,0.0,0.0
12,135,12.0,6.624380954099549,1.0,0.0,0.0,0.0,0.0,0.0
13,135,2.158016782322411,8.151195181633673,1.0,1.0,0.0,0.0,0.0,1.0
14,135,0.0,0.6607100541561827,1.0,1.0,1.0,0.0,0.0,0.0
0,140,10.939785882581743,10.442283902804174,0.0,0.0,1.0,0.0,1.0,0.0
1,140,12.0,5.901292702309858,1.0,0.0,0.0,0.0,0.0,1.0
2,140,0.1521181572335042,10.055111930575173,0.0,1.0,0.0,0.0,0.0,1.0
3,140,0.5964335345159381,6.826887728262462,1.0,0.0,0.0,1.0,0.0,1.0
4,140,0.0,9.041806891384732,0.0,1.0,1.0,0.0,1.0,1.0
5,140,2.494598739667874,1.5175749900492614,1.0,1.0,0.0,0.0,0.0,0.0
6,140,3.6925075397747382,9.457345248662987,0.0,0.0,0.0,0.0,1.0,0.0
7,140,0.9825284640325558,4.689964907406666,0.0,0.0,0.0,0.0,1.0,0.0
8,140,4.703287677112129,12.0,0.0,0.0,0.0,1.0,1.0,1.0
9,140,1.6124905769997613,12.0,1.0,1.0,0.0,0.0,1.0,0.0
10,140,7.744974406762596,0.0,1.0,0.0,0.0,0.0,0.0,0.0
11,140,6.1940118365464265,6.136020671526596,0.0,1.0,0.0,1.0,0.0,0.0
12,140,12.0,6.564871446524274,1.0,0.0,0.0,0.0,0.0,0.0
13,140,2.2122360420953773,8.202844952606915,1.0,1.0,0.0,0.0,0.0,1.0
14,140,0.0,0.6839363651008468,1.0,1.0,1.0,0.0,0.0,0.0
0,145,10.96281852160513,10.482816700899956,0.0,0.0,1.0,0.0,1.0,0.0
1,145,12.0,5.8735214611356295,1.0,0.0,0.0,0.0,0.0,1.0
2,145,0.179245036493992,10.00785861471076,0.0,1.0,0.0,0.0,0.0,1.0
3,145,0.5219574546841222,6.809544647403446,1.0,0.0,0.0,1.0,0.0,1.0
4,145,0.0,9.076736791902208,0.0,1.0,1.0,0.0,1.0,1.0
5,145,2.439253724218475,1.5371166134935097,1.0,1.0,0.0,0.0,0.0,0.0
6,145,3.7277503198330297,9.396611606817736,0.0,0.0,0.0,0.0,1.0,0.0
7,145,0.9390074038613896,4.631347478710624,0.0,0.0,0.0,0.0,1.0,0.0
8,145,4.67563107827779,12.0,0.0,0.0,0.0,1.0,1.0,1.0
9,145,1.5635558047040066,12.0,1.0,1.0,0.0,0.0,1.0,0.0
10,145,7.770078639108508,0.0,1.0,0.0,0.0,0.0,0.0,0.0
11,145,6.22765063856087,6.160473333505208,0.0,1.0,0.0,1.0,0.0,0.0
12,145,12.0,6.529254322244511,1.0,0.0,0.0,0.0,0.0,0.0
13,145,2.2428015009543056,8.232878816044328,1.0,1.0,0.0,0.0,0.0,1.0
14,145,0.0,0.7082768414206909,1.0,1.0,1.0,0.0,0.0,0.0
0,150,10.98671517102189,10.522606040661788,0.0,0.0,1.0,0.0,1.0,0.0
1,150,12.0,5.851682537699046,1.0,0.0,0.0,0.0,0.0,1.0
2,150,0.1969149676405526,9.97834618987454,0.0,1.0,0.0,0.0,0.0,1.0
3,150,0.4724455997620819,6.797279616978567,1.0,0.0,0.0,1.0,0.0,1.0
4,150,0.0,9.108945714690044,0.0,1.0,1.0,0.0,1.0,1.0
5,150,2.384815814108403,1.5555027200384122,1.0,1.0,0.0,0.0,0.0,0.0
6,150,3.758395671371411,9.344498927487132,0.0,0.0,0.0,0.0,1.0,0.0
7,150,0.900607894656636,4.578396123660744,0.0,0.0,0.0,0.0,1.0,0.0
8,150,4.629220517635418,12.0,0.0,0.0,0.0,1.0,1.0,1.0
9,150,1.5282316291705118,12.0,1.0,1.0,0.0,0.0,1.0,0.0
10,150,7.789726207501085,0.0,1.0,0.0,0.0,0.0,0.0,0.0
11,150,6.260615865362271,6.184176920437176,0.0,1.0,0.0,1.0,0.0,0.0
12,150,12.0,6.474022336840474,1.0,0.0,0.0,0.0,0.0,0.0
13,150,2.2811846758574807,8.273177326891451,1.0,1.0,0.0,0.0,0.0,1.0
14,150,0.0,0.7430670545753099,1.0,1.0,1.0,0.0,0.0,0.0
0,155,11.022250818133756,10.581274544268704,0.0,0.0,1.0,0.0,1.0,0.0
1,155,12.0,5.837777044592762,1.0,0.0,0.0,0.0,0.0,1.0
2,155,0.2326567013654722,9.92074095405611,0.0,1.0,0.0,0.0,0.0,1.0
3,155,0.4188954435377467,6.782126816900521,1.0,0.0,0.0,1.0,0.0,1.0
4,155,0.0,9.14731786045875,0.0,1.0,1.0,0.0,1.0,1.0
5,155,2.3344790047178643,1.573072323655431,1.0,1.0,0.0,0.0,0.0,0.0
6,155,3.7869648291050577,9.293450206004144,0.0,0.0,0.0,0.0,1.0,0.0
7,155,0.8787127568364154,4.547652956067208,0.0,0.0,0.0,0.0,1.0,0.0
8,155,4.590415228689464,12.0,0.0,0.0,0.0,1.0,1.0,1.0
9,155,1.468075850170508,12.0,1.0,1.0,0.0,0.0,1.0,0.0
10,155,7.802253324290465,0.0,1.0,0.0,0.0,0.0,0.0,0.0
11,155,6.221042710591291,6.240468461758431,0.0,1.0,0.0,1.0,0.0,0.0
12,155,12.0,6.430717612941911,1.0,0.0,0.0,0.0,0.0,0.0
13,155,2.338805470284167,8.333131269135055,1.0,1.0,0.0,0.0,0.0,1.0
14,155,0.0,0.7650716666889464,1.0,1.0,1.0,0.0,0.0,0.0
0,160,11.053219430843733,10.630211568427365,0.0,0.0,1.0,0.0,1.0,0.0
1,160,12.0,5.824346729277423,1.0,0.0,0.0,0.0,0.0,1.0
2,160,0.2641828917905977,9.871449454823535,0.0,1.0,0.0,0.0,0.0,1.0
3,160,0.3545388872830895,6.762630352585399,1.0,0.0,0.0,1.0,0.0,1.0
4,160,0.0,9.189024708811893,0.0,1.0,1.0,0.0,1.0,1.0
5,160,2.285416224693844,1.5877763121341102,1.0,1.0,0.0,0.0,0.0,0.0
6,160,3.8184577172529135,9.240002361679707,0.0,0.0,0.0,0.0,1.0,0.0
7,160,0.8328591384493017,4.483797908277435,0.0,0.0,0.0,0.0,1.0,0.0
8,160,4.562329651024412,11.9668457515406,0.0,0.0,0.0,1.0,1.0,1.0
9,160,1.4255505157031678,12.0,1.0,1.0,0.0,0.0,1.0,0.0
10,160,7.829259971999275,0.0,1.0,0.0,0.0,0.0,0.0,0.0
11,160,6.187631855857799,6.289809258728156,0.0,1.0,0.0,1.0,0.0,0.0
12,160,12.0,6.380171882644809,1.0,0.0,0.0,0.0,0.0,0.0
13,160,2.381824705324345,8.37819797573179,1.0,1.0,0.0,0.0,0.0,1.0
14,160,0.0,0.7957961054777036,1.0,1.0,1.0,0.0,0.0,0.0
0,165,11.0903321947389,10.687021842206311,0.0,0.0,1.0,0.0,1.0,0.0
1,165,12.0,5.802765215555179,1.0,0.0,0.0,0.0,0.0,1.0
2,165,0.2938359158229311,9.82060563391622,0.0,1.0,0.0,0.0,0.0,1.0
3,165,0.3014374798484233,6.74653209978801,1.0,0.0,0.0,1.0,0.0,1.0
4,165,0.0,9.21398738864461,0.0,1.0,1.0,0.0,1.0,1.0
5,165,2.217274279817665,1.607637328908211,1.0,1.0,0.0,0.0,0.0,0.0
6,165,3.842063825378528,9.200744014287878,0.0,0.0,0.0,0.0,1.0,0.0
7,165,0.8088344111380571,4.450292085290409,0.0,0.0,0.0,0.0,1.0,0.0
8,165,4.527370410575052,11.92266165714756,0.0,0.0,0.0,1.0,1.0,1.0
9,165,1.3844134937366364,12.0,1.0,1.0,0.0,0.0,1.0,0.0
10,165,7.849670846667724,0.0,1.0,0.0,0.0,0.0,0.0,0.0
11,165,6.242892306197856,6.327871229185034,0.0,1.0,0.0,1.0,0.0,0.0
12,165,12.0,6.335228695690622,1.0,0.0,0.0,0.0,0.0,0.0
13,165,2.409733774203846,8.406498233092632,1.0,1.0,0.0,0.0,0.0,1.0
14,165,0.0,0.8118296125504014,1.0,1.0,1.0,0.0,0.0,0.0
0,170,11.135131058086982,10.755990037078025,0.0,0.0,1.0,0.0,1.0,0.0
1,170,12.0,5.778454793276026,1.0,0.0,0.0,0.0,0.0,1.0
2,170,0.3179939387618885,9.779468906661306,0.0,1.0,0.0,0.0,0.0,1.0
3,170,0.2384106860342289,6.731109746972181,1.0,0.0,0.0,1.0,0.0,1.0
4,170,0.0,9.250602098962352,0.0,1.0,1.0,0.0,1.0,1.0
5,170,2.1811862198466843,1.618044256590987,1.0,1.0,0.0,0.0,0.0,0.0
6,170,3.867664316773983,9.1601317587788,0.0,0.0,0.0,0.0,1.0,0.0
7,170,0.7781872413763791,4.405392865052545,0.0,0.0,0.0,0.0,1.0,0.0
8,170,4.503181820343549,11.893574639198995,0.0,0.0,0.0,1.0,1.0,1.0
9,170,1.334793568598169,12.0,1.0,1.0,0.0,0.0,1.0,0.0
10,170,7.883246080098058,0.0,1.0,0.0,0.0,0.0,0.0,0.0
11,170,6.282237793936374,6.355320294628981,0.0,1.0,0.0,1.0,0.0,0.0
12,170,12.0,6.293404150758243,1.0,0.0,0.0,0.0,0.0,0.0
13,170,2.4414325291898424,8.438333172121666,1.0,1.0,0.0,0.0,0.0,1.0
14,170,0.0,0.8450532816947116,1.0,1.0,1.0,0.0,0.0,0.0
0,175,11.176474569416165,10.819819319168657,0.0,0.0,1.0,0.0,1.0,0.0
1,175,12.0,5.760184979436885,1.0,0.0,0.0,0.0,0.0,1.0
2,175,0.3436658739899718,9.733899324443444,0.0,1.0,0.0,0.0,0.0,1.0
3,175,0.1856130086992239,6.717925844230809,1.0,0.0,0.0,1.0,0.0,1.0
4,175,0.0,9.268068522264787,0.0,1.0,1.0,0.0,1.0,1.0
5,175,2.1428813373909588,1.6281559986044565,1.0,1.0,0.0,0.0,0.0,0.0
6,175,3.905751493201569,9.099477739353938,0.0,0.0,0.0,0.0,1.0,0.0
7,175,0.7479742917676697,4.359579744120374,0.0,0.0,0.0,0.0,1.0,0.0
8,175,4.445913818159051,11.825475559058535,0.0,0.0,0.0,1.0,1.0,1.0
9,175,1.2876218223061946,12.0,1.0,1.0,0.0,0.0,1.0,0.0
10,175,7.8995698684997055,0.0,1.0,0.0,0.0,0.0,0.0,0.0
11,175,6.331292304653564,6.389938858407978,0.0,1.0,0.0,1.0,0.0,0.0
12,175,12.0,6.269040915078918,1.0,0.0,0.0,0.0,0.0,0.0
13,175,2.494343954723768,8.489030293743655,1.0,1.0,0.0,0.0,0.0,1.0
14,175,0.0,0.8799123517322782,1.0,1.0,1.0,0.0,0.0,0.0
0,180,11.221651350874756,10.889396415469848,0.0,0.0,1.0,0.0,1.0,0.0
1,180,12.0,5.734240956251098,1.0,0.0,0.0,0.0,0.0,1.0
2,180,0.3775299943457764,9.670897113661264,0.0,1.0,0.0,0.0,0.0,1.0
3,180,0.1265961594626665,6.702337382353917,1.0,0.0,0.0,1.0,0.0,1.0
4,180,0.0,9.305451856285607,0.0,1.0,1.0,0.0,1.0,1.0
5,180,2.097000504076661,1.6402440328282093,1.0,1.0,0.0,0.0,0.0,0.0
6,180,3.9466786936493423,9.035688486003869,0.0,0.0,0.0,0.0,1.0,0.0
7,180,0.723101016326966,4.321935151209153,0.0,0.0,0.0,0.0,1.0,0.0
8,180,4.4038025883163945,11.774914554173922,0.0,0.0,0.0,1.0,1.0,1.0
9,180,1.243858018655255,12.0,1.0,1.0,0.0,0.0,1.0,0.0
10,180,7.928011012956129,0.0,1.0,0.0,0.0,0.0,0.0,0.0
11,180,6.37702639835566,6.423734776746485,0.0,1.0,0.0,1.0,0.0,0.0
12,180,12.0,6.211460063710894,1.0,0.0,0.0,0.0,0.0,0.0
13,180,2.534356191295986,8.526770716554662,1.0,1.0,0.0,0.0,0.0,1.0
14,180,0.0,0.9105529099797166,1.0,1.0,1.0,0.0,0.0,0.0
0,185,11.241882722450448,10.920509456419396,0.0,0.0,1.0,0.0,1.0,0.0
1,185,12.0,5.716841656602552,1.0,0.0,0.0,0.0,0.0,1.0
2,185,0.4048465654295743,9.617640779951886,0.0,1.0,0.0,0.0,0.0,1.0
3,185,0.0530001333574645,6.6866301653354006,1.0,0.0,0.0,1.0,0.0,1.0
4,185,0.0,9.344539055755764,0.0,1.0,1.0,0.0,1.0,1.0
5,185,2.007813152638453,1.66539869575349,1.0,1.0,0.0,0.0,0.0,0.0
6,185,3.977639634401572,8.985535686817995,0.0,0.0,0.0,0.0,1.0,0.0
7,185,0.6956082520728393,4.278793056453468,0.0,0.0,0.0,0.0,1.0,0.0
8,185,4.372338897730036,11.737421733656287,0.0,0.0,0.0,1.0,1.0,1.0
9,185,1.2128412787914715,12.0,1.0,1.0,0.0,0.0,1.0,0.0
10,185,7.946401767906978,0.0,1.0,0.0,0.0,0.0,0.0,0.0
11,185,6.4150213370951725,6.451572756805041,0.0,1.0,0.0,1.0,0.0,0.0
12,185,12.0,6.170137330015022,1.0,0.0,0.0,0.0,0.0,0.0
13,185,2.5404637651429125,8.520700025521455,1.0,1.0,0.0,0.0,0.0,1.0
14,185,0.0,0.928351680329986,1.0,1.0,1.0,0.0,0.0,0.0
0,190,11.264530556973988,10.9555254485822,0.0,0.0,1.0,0.0,1.0,0.0
1,190,12.0,5.694528906480081,1.0,0.0,0.0,0.0,0.0,1.0
2,190,0.4368953614198885,9.55565991498879,0.0,1.0,0.0,0.0,0.0,1.0
3,190,0.0020606341897455,6.675380031219073,1.0,0.0,0.0,1.0,0.0,1.0
4,190,0.0,9.3631305446809,0.0,1.0,1.0,0.0,1.0,1.0
5,190,1.983480542276641,1.6717363021721523,1.0,1.0,0.0,0.0,0.0,0.0
6,190,4.01209662535935,8.930868815912165,0.0,0.0,0.0,0.0,1.0,0.0
7,190,0.681330416556156,4.255955060160654,0.0,0.0,0.0,0.0,1.0,0.0
8,190,4.339434463702554,11.69642880173928,0.0,0.0,0.0,1.0,1.0,1.0
9,190,1.1842313146050771,12.0,1.0,1.0,0.0,0.0,1.0,0.0
10,190,7.966196778917558,0.0,1.0,0.0,0.0,0.0,0.0,0.0
11,190,6.462208947466223,6.484835822656138,0.0,1.0,0.0,1.0,0.0,0.0
12,190,12.0,6.111227821662523,1.0,0.0,0.0,0.0,0.0,0.0
13,190,2.599908808889717,8.46381777732332,1.0,1.0,0.0,0.0,0.0,1.0
14,190,0.0,0.9515914144520752,1.0,1.0,1.0,0.0,0.0,0.0
0,195,11.29200374662298,10.997372331105932,0.0,0.0,1.0,0.0,1.0,0.0
1,195,12.0,5.673349682402991,1.0,0.0,0.0,0.0,0.0,1.0
2,195,0.4541698563482624,9.5211791184614,0.0,1.0,0.0,0.0,0.0,1.0
3,195,0.0,6.663245931781783,1.0,0.0,0.0,1.0,0.0,1.0
4,195,0.0,9.39131303896732,0.0,1.0,1.0,0.0,1.0,1.0
5,195,1.9427274246293968,1.683148132532551,1.0,1.0,0.0,0.0,0.0,0.0
6,195,4.033525147910376,8.897632432004656,0.0,0.0,0.0,0.0,1.0,0.0
7,195,0.6580582930432771,4.220973513458112,0.0,0.0,0.0,0.0,1.0,0.0
8,195,4.303010002902169,11.65187651476799,0.0,0.0,0.0,1.0,1.0,1.0
9,195,1.1481991394195068,12.0,1.0,1.0,0.0,0.0,1.0,0.0
10,195,7.984527834900109,0.0,1.0,0.0,0.0,0.0,0.0,0.0
11,195,6.532143356469596,6.5369634167224016,0.0,1.0,0.0,1.0,0.0,0.0
12,195,12.0,6.056192768275605,1.0,0.0,0.0,0.0,0.0,0.0
13,195,2.666809921237751,8.396784438738845,1.0,1.0,0.0,0.0,0.0,1.0
14,195,0.0,0.9813061684826794,1.0,1.0,1.0,0.0,0.0,0.0
0,200,11.321910759684096,11.042083878604176,0.0,0.0,1.0,0.0,1.0,0.0
1,200,12.0,5.647845154477158,1.0,0.0,0.0,0.0,0.0,1.0
2,200,0.4921113100407479,9.45116898954257,0.0,1.0,0.0,0.0,0.0,1.0
3,200,0.0,6.650415361386967,1.0,0.0,0.0,1.0,0.0,1.0
4,200,0.0,9.425931553702476,0.0,1.0,1.0,0.0,1.0,1.0
5,200,1.884119427770743,1.7004667161807665,1.0,1.0,0.0,0.0,0.0,0.0
6,200,4.059368109069144,8.857869515003294,0.0,0.0,0.0,0.0,1.0,0.0
7,200,0.6341180043555552,4.182045582552846,0.0,0.0,0.0,0.0,1.0,0.0
8,200,4.264919333396916,11.60500174544797,0.0,0.0,0.0,1.0,1.0,1.0
9,200,1.1215897857570996,12.0,1.0,1.0,0.0,0.0,1.0,0.0
10,200,8.011229779686856,0.0,1.0,0.0,0.0,0.0,0.0,0.0
11,200,6.602019836650473,6.588483244236574,0.0,1.0,0.0,1.0,0.0,0.0
12,200,12.0,6.009923512843126,1.0,0.0,0.0,0.0,0.0,0.0
13,200,2.621879021896483,8.349678238795168,1.0,1.0,0.0,0.0,0.0,1.0
14,200,0.0,1.0227482413533409,1.0,1.0,1.0,0.0,0.0,0.0
0,205,11.353523890466816,11.09140535710164,0.0,0.0,1.0,0.0,1.0,0.0
1,205,12.0,5.623321110550698,1.0,0.0,0.0,0.0,0.0,1.0
2,205,0.5181028774906368,9.39950123136622,0.0,1.0,0.0,0.0,0.0,1.0
3,205,0.0,6.636246066609227,1.0,0.0,0.0,1.0,0.0,1.0
4,205,0.0,9.45933987325264,0.0,1.0,1.0,0.0,1.0,1.0
5,205,1.8024663030818535,1.7245096981157788,1.0,1.0,0.0,0.0,0.0,0.0
6,205,4.10142881008873,8.795279676230152,0.0,0.0,0.0,0.0,1.0,0.0
7,205,0.6207828666936873,4.160313950581841,0.0,0.0,0.0,0.0,1.0,0.0
8,205,4.244241717878192,11.579787788940038,0.0,0.0,0.0,1.0,1.0,1.0
9,205,1.0755077742459922,12.0,1.0,1.0,0.0,0.0,1.0,0.0
10,205,8.035461303736167,0.0,1.0,0.0,0.0,0.0,0.0,0.0
11,205,6.634804391791325,6.612590820107744,0.0,1.0,0.0,1.0,0.0,0.0
12,205,12.0,5.959373235983411,1.0,0.0,0.0,0.0,0.0,0.0
13,205,2.584055065462756,8.31125361117971,1.0,1.0,0.0,0.0,0.0,1.0
14,205,0.0,1.0442466561983383,1.0,1.0,1.0,0.0,0.0,0.0
0,210,11.389309111180076,11.147101820889503,0.0,0.0,1.0,0.0,1.0,0.0
1,210,12.0,5.602617407731983,1.0,0.0,0.0,0.0,0.0,1.0
2,210,0.5501286260719433,9.33890978672468,0.0,1.0,0.0,0.0,0.0,1.0
3,210,0.0,6.627578109124598,1.0,0.0,0.0,1.0,0.0,1.0
4,210,0.0,9.488189065855735,0.0,1.0,1.0,0.0,1.0,1.0
5,210,1.73963265594907,1.7432605707407576,1.0,1.0,0.0,0.0,0.0,0.0
6,210,4.134026150450084,8.749281102765643,0.0,0.0,0.0,0.0,1.0,0.0
7,210,0.5796602479421171,4.090602546958793,0.0,0.0,0.0,0.0,1.0,0.0
8,210,4.197076039725912,11.51767120711973,0.0,0.0,0.0,1.0,1.0,1.0
9,210,1.0227326515221138,12.0,1.0,1.0,0.0,0.0,1.0,0.0
10,210,8.063579266355331,0.0,1.0,0.0,0.0,0.0,0.0,0.0
11,210,6.677064334859251,6.642676829397047,0.0,1.0,0.0,1.0,0.0,0.0
12,210,12.0,5.898480079652694,1.0,0.0,0.0,0.0,0.0,0.0
13,210,2.538551406585799,8.264531100924144,1.0,1.0,0.0,0.0,0.0,1.0
14,210,0.0,1.0642080546676018,1.0,1.0,1.0,0.0,0.0,0.0
0,215,11.428845860750725,11.208337861211268,0.0,0.0,1.0,0.0,1.0,0.0
1,215,12.0,5.589958839866988,1.0,0.0,0.0,0.0,0.0,1.0
2,215,0.581393717708178,9.278812839988202,0.0,1.0,0.0,0.0,0.0,1.0
3,215,0.0,6.615843913278545,1.0,0.0,0.0,1.0,0.0,1.0
4,215,0.0,9.500948087428885,0.0,1.0,1.0,0.0,1.0,1.0
5,215,1.6780143016852829,1.761969043452878,1.0,1.0,0.0,0.0,0.0,0.0
6,215,4.160013105671689,8.711893256932251,0.0,0.0,0.0,0.0,1.0,0.0
7,215,0.5480439305299943,4.038715711379346,0.0,0.0,0.0,0.0,1.0,0.0
8,215,4.171894511949954,11.484913941198226,0.0,0.0,0.0,1.0,1.0,1.0
9,215,0.996123096474307,12.0,1.0,1.0,0.0,0.0,1.0,0.0
10,215,8.089797293656197,0.0,1.0,0.0,0.0,0.0,0.0,0.0
11,215,6.716168852715292,6.672224618643841,0.0,1.0,0.0,1.0,0.0,0.0
12,215,12.0,5.846130323070477,1.0,0.0,0.0,0.0,0.0,0.0
13,215,2.496852988374703,8.223080912751776,1.0,1.0,0.0,0.0,0.0,1.0
14,215,0.0,1.0957807794895844,1.0,1.0,1.0,0.0,0.0,0.0
0,220,11.457153728427295,11.254179675096111,0.0,0.0,1.0,0.0,1.0,0.0
1,220,12.0,5.582754310885746,1.0,0.0,0.0,0.0,0.0,1.0
2,220,0.6021525608834231,9.23869270390884,0.0,1.0,0.0,0.0,0.0,1.0
3,220,0.0,6.606312605087567,1.0,0.0,0.0,1.0,0.0,1.0
4,220,0.0,9.523112657496206,0.0,1.0,1.0,0.0,1.0,1.0
5,220,1.6310636817647564,1.7752756635854443,1.0,1.0,0.0,0.0,0.0,0.0
6,220,4.177906842099064,8.68705405628793,0.0,0.0,0.0,0.0,1.0,0.0
7,220,0.5099369461001966,3.975908156709673,0.0,0.0,0.0,0.0,1.0,0.0
8,220,4.127336208932342,11.427158963408464,0.0,0.0,0.0,1.0,1.0,1.0
9,220,0.9344802264639184,12.0,1.0,1.0,0.0,0.0,1.0,0.0
10,220,8.118463574282229,0.0,1.0,0.0,0.0,0.0,0.0,0.0
11,220,6.758250809962112,6.7032475702236,0.0,1.0,0.0,1.0,0.0,0.0
12,220,12.0,5.8024512517174935,1.0,0.0,0.0,0.0,0.0,0.0
13,220,2.4449667723973607,8.172975904922755,1.0,1.0,0.0,0.0,0.0,1.0
14,220,0.0,1.1270206798966285,1.0,1.0,1.0,0.0,0.0,0.0
0,225,11.506795323601771,11.329188871296388,0.0,0.0,1.0,0.0,1.0,0.0
1,225,12.0,5.560585292543474,1.0,0.0,0.0,0.0,0.0,1.0
2,225,0.6280067884379901,9.188523679318212,0.0,1.0,0.0,0.0,0.0,1.0
3,225,0.0,6.596911530607506,1.0,0.0,0.0,1.0,0.0,1.0
4,225,0.0,9.545443872331576,0.0,1.0,1.0,0.0,1.0,1.0
5,225,1.584487741305052,1.7898753167821828,1.0,1.0,0.0,0.0,0.0,0.0
6,225,4.21077023587885,8.639040773828928,0.0,0.0,0.0,0.0,1.0,0.0
7,225,0.4730837781709319,3.91701938747995,0.0,0.0,0.0,0.0,1.0,0.0
8,225,4.096152393384347,11.383871243806713,0.0,0.0,0.0,1.0,1.0,1.0
9,225,0.8897404253490175,12.0,1.0,1.0,0.0,0.0,1.0,0.0
10,225,8.142702453760977,0.0,1.0,0.0,0.0,0.0,0.0,0.0
11,225,6.794333815000069,6.7307224919399,0.0,1.0,0.0,1.0,0.0,0.0
12,225,12.0,5.748611546689155,1.0,0.0,0.0,0.0,0.0,0.0
13,225,2.410237404522394,8.136651006157363,1.0,1.0,0.0,0.0,0.0,1.0
14,225,0.0,1.1530779189444798,1.0,1.0,1.0,0.0,0.0,0.0
0,230,11.525295489181818,11.356228444926089,0.0,0.0,1.0,0.0,1.0,0.0
1,230,12.0,5.541248154797203,1.0,0.0,0.0,0.0,0.0,1.0
2,230,0.6540127564609156,9.137014413933038,0.0,1.0,0.0,0.0,0.0,1.0
3,230,0.0,6.584187644313798,1.0,0.0,0.0,1.0,0.0,1.0
4,230,0.0,9.564026804854365,0.0,1.0,1.0,0.0,1.0,1.0
5,230,1.5157094150948571,1.8111136423133067,1.0,1.0,0.0,0.0,0.0,0.0
6,230,4.245351689087613,8.588672748596604,0.0,0.0,0.0,0.0,1.0,0.0
7,230,0.4298471118545162,3.845429731185729,0.0,0.0,0.0,0.0,1.0,0.0
8,230,4.072536013016033,11.351449961656774,0.0,0.0,0.0,1.0,1.0,1.0
9,230,0.8346175552833263,12.0,1.0,1.0,0.0,0.0,1.0,0.0
10,230,8.163686771620146,0.0,1.0,0.0,0.0,0.0,0.0,0.0
11,230,6.836439344973934,6.763584792869115,0.0,1.0,0.0,1.0,0.0,0.0
12,230,12.0,5.698173476563485,1.0,0.0,0.0,0.0,0.0,0.0
13,230,2.392373163412384,8.116992027175096,1.0,1.0,0.0,0.0,0.0,1.0
14,230,0.0,1.1763414323656978,1.0,1.0,1.0,0.0,0.0,0.0
0,235,11.545077881706977,11.38585454580098,0.0,0.0,1.0,0.0,1.0,0.0
1,235,12.0,5.509573870583383,1.0,0.0,0.0,0.0,0.0,1.0
2,235,0.6755154620423434,9.095027423867943,0.0,1.0,0.0,0.0,0.0,1.0
3,235,0.0,6.568374513152411,1.0,0.0,0.0,1.0,0.0,1.0
4,235,0.0,9.592180079239004,0.0,1.0,1.0,0.0,1.0,1.0
5,235,1.4650724709726186,1.8250059501474096,1.0,1.0,0.0,0.0,0.0,0.0
6,235,4.29028887670446,8.524131273152266,0.0,0.0,0.0,0.0,1.0,0.0
7,235,0.3939535718203226,3.788461620623013,0.0,0.0,0.0,0.0,1.0,0.0
8,235,4.04635737432087,11.314057208409348,0.0,0.0,0.0,1.0,1.0,1.0
9,235,0.7833109735984654,12.0,1.0,1.0,0.0,0.0,1.0,0.0
10,235,8.186500385246518,0.0,1.0,0.0,0.0,0.0,0.0,0.0
11,235,6.886164935635657,6.803003989624355,0.0,1.0,0.0,1.0,0.0,0.0
12,235,12.0,5.635903891809097,1.0,0.0,0.0,0.0,0.0,0.0
13,235,2.3408510314780666,8.060503645165133,1.0,1.0,0.0,0.0,0.0,1.0
14,235,0.0,1.2025768171976543,1.0,1.0,1.0,0.0,0.0,0.0
0,240,11.578089388601978,11.431617306752932,0.0,0.0,1.0,0.0,1.0,0.0
1,240,12.0,5.491627553505461,1.0,0.0,0.0,0.0,0.0,1.0
2,240,0.6904896986303993,9.067059642783814,0.0,1.0,0.0,0.0,0.0,1.0
3,240,0.0,6.558924418037891,1.0,0.0,0.0,1.0,0.0,1.0
4,240,0.0,9.6175387462256,0.0,1.0,1.0,0.0,1.0,1.0
5,240,1.40751107992311,1.842639632034481,1.0,1.0,0.0,0.0,0.0,0.0
6,240,4.326391097791839,8.46717006130882,0.0,0.0,0.0,0.0,1.0,0.0
7,240,0.3570523221754899,3.729341254192936,0.0,0.0,0.0,0.0,1.0,0.0
8,240,4.010424670348856,11.267010354146644,0.0,0.0,0.0,1.0,1.0,1.0
9,240,0.734788572459495,12.0,1.0,1.0,0.0,0.0,1.0,0.0
10,240,8.209226680955691,0.0,1.0,0.0,0.0,0.0,0.0,0.0
11,240,6.930064051405563,6.838452870997588,0.0,1.0,0.0,1.0,0.0,0.0
12,240,12.0,5.569292402363608,1.0,0.0,0.0,0.0,0.0,0.0
13,240,2.315813213408504,8.032663834521408,1.0,1.0,0.0,0.0,0.0,1.0
14,240,0.0,1.2289681457900203,1.0,1.0,1.0,0.0,0.0,0.0
0,245,11.615303703406768,11.481627671050186,0.0,0.0,1.0,0.0,1.0,0.0
1,245,12.0,5.468758242236096,1.0,0.0,0.0,0.0,0.0,1.0
2,245,0.700341057110871,9.049854350840338,0.0,1.0,0.0,0.0,0.0,1.0
3,245,0.0,6.546008629609198,1.0,0.0,0.0,1.0,0.0,1.0
4,245,0.0,9.638290280041376,0.0,1.0,1.0,0.0,1.0,1.0
5,245,1.372440337885115,1.8527714840504137,1.0,1.0,0.0,0.0,0.0,0.0
6,245,4.362532448163727,8.410720374883345,0.0,0.0,0.0,0.0,1.0,0.0
7,245,0.3343928131680634,3.693615922722841,0.0,0.0,0.0,0.0,1.0,0.0
8,245,3.9869136701162033,11.237225169497584,0.0,0.0,0.0,1.0,1.0,1.0
9,245,0.693334465463702,12.0,1.0,1.0,0.0,0.0,1.0,0.0
10,245,8.240864781354572,0.0,1.0,0.0,0.0,0.0,0.0,0.0
11,245,6.977455100539558,6.876376085738378,0.0,1.0,0.0,1.0,0.0,0.0
12,245,12.0,5.514238362267494,1.0,0.0,0.0,0.0,0.0,0.0
13,245,2.355558554021142,7.996651003625165,1.0,1.0,0.0,0.0,0.0,1.0
14,245,0.0,1.2562886454050928,1.0,1.0,1.0,0.0,0.0,0.0
0,250,11.653458463797294,11.530869732080832,0.0,0.0,1.0,0.0,1.0,0.0
1,250,12.0,5.44709181564116,1.0,0.0,0.0,0.0,0.0,1.0
2,250,0.7312266684260176,8.993595386992087,0.0,1.0,0.0,0.0,0.0,1.0
3,250,0.0,6.535039232052146,1.0,0.0,0.0,1.0,0.0,1.0
4,250,0.0,9.678622783564494,0.0,1.0,1.0,0.0,1.0,1.0
5,250,1.3182432097864147,1.86664688483035,1.0,1.0,0.0,0.0,0.0,0.0
6,250,4.396704732044515,8.35511175331075,0.0,0.0,0.0,0.0,1.0,0.0
7,250,0.3147917118132082,3.662173880619081,0.0,0.0,0.0,0.0,1.0,0.0
8,250,3.963702215192329,11.208252653836627,0.0,0.0,0.0,1.0,1.0,1.0
9,250,0.6382955503609935,12.0,1.0,1.0,0.0,0.0,1.0,0.0
10,250,8.259253142643114,0.0,1.0,0.0,0.0,0.0,0.0,0.0
11,250,7.013778934773212,6.904516815085416,0.0,1.0,0.0,1.0,0.0,0.0
12,250,12.0,5.468669228975639,1.0,0.0,0.0,0.0,0.0,0.0
13,250,2.3939967920663774,7.962517689429176,1.0,1.0,0.0,0.0,0.0,1.0
14,250,0.0,1.2822343882853062,1.0,1.0,1.0,0.0,0.0,0.0
0,255,11.685892500743469,11.571409170640816,0.0,0.0,1.0,0.0,1.0,0.0
1,255,12.0,5.421592786714881,1.0,0.0,0.0,0.0,0.0,1.0
2,255,0.7564743154042035,8.946594360741138,0.0,1.0,0.0,0.0,0.0,1.0
3,255,0.0,6.526698386809563,1.0,0.0,0.0,1.0,0.0,1.0
4,255,0.0,9.716699967566322,0.0,1.0,1.0,0.0,1.0,1.0
5,255,1.2692132284209623,1.8794101533775835,1.0,1.0,0.0,0.0,0.0,0.0
6,255,4.419702276863189,8.31822293065625,0.0,0.0,0.0,0.0,1.0,0.0
7,255,0.2789829130422829,3.608134529886616,0.0,0.0,0.0,0.0,1.0,0.0
8,255,3.9430366242023815,11.184719091624824,0.0,0.0,0.0,1.0,1.0,1.0
9,255,0.5852383769292103,12.0,1.0,1.0,0.0,0.0,1.0,0.0
10,255,8.284500427594075,0.0,1.0,0.0,0.0,0.0,0.0,0.0
11,255,7.077517591153538,6.956270934749241,0.0,1.0,0.0,1.0,0.0,0.0
12,255,12.0,5.4163877024207965,1.0,0.0,0.0,0.0,0.0,0.0
13,255,2.43636926469006,7.924239551883622,1.0,1.0,0.0,0.0,0.0,1.0
14,255,0.0,1.302370568644012,1.0,1.0,1.0,0.0,0.0,0.0
0,260,11.717632514994785,11.611407265964775,0.0,0.0,1.0,0.0,1.0,0.0
1,260,12.0,5.396173769783581,1.0,0.0,0.0,0.0,0.0,1.0
2,260,0.7874171700185656,8.8929579400745,0.0,1.0,0.0,0.0,0.0,1.0
3,260,0.0,6.517714735963453,1.0,0.0,0.0,1.0,0.0,1.0
4,260,0.0,9.741492612902208,0.0,1.0,1.0,0.0,1.0,1.0
5,260,1.1903738116230798,1.8976625427693077,1.0,1.0,0.0,0.0,0.0,0.0
6,260,4.45052274168456,8.263181180631591,0.0,0.0,0.0,0.0,1.0,0.0
7,260,0.25961952889356,3.5783530687875134,0.0,0.0,0.0,0.0,1.0,0.0
8,260,3.9063953855404,11.138317052269755,0.0,0.0,0.0,1.0,1.0,1.0
9,260,0.5506342244325019,12.0,1.0,1.0,0.0,0.0,1.0,0.0
10,260,8.31159350296041,0.0,1.0,0.0,0.0,0.0,0.0,0.0
11,260,7.1108851456077815,6.983076519105358,0.0,1.0,0.0,1.0,0.0,0.0
12,260,12.0,5.343646376510624,1.0,0.0,0.0,0.0,0.0,0.0
13,260,2.4892702438554664,7.877044302608376,1.0,1.0,0.0,0.0,0.0,1.0
14,260,0.0,1.3314199091162449,1.0,1.0,1.0,0.0,0.0,0.0
0,265,11.749508332181083,11.651544220650484,0.0,0.0,1.0,0.0,1.0,0.0
1,265,12.0,5.377432528218832,1.0,0.0,0.0,0.0,0.0,1.0
2,265,0.8106663117085049,8.850943400495838,0.0,1.0,0.0,0.0,0.0,1.0
3,265,0.0,6.508502481905601,1.0,0.0,0.0,1.0,0.0,1.0
4,265,0.0,9.771915310542893,0.0,1.0,1.0,0.0,1.0,1.0
5,265,1.1456815002756753,1.909152830573933,1.0,1.0,0.0,0.0,0.0,0.0
6,265,4.468668167911402,8.228811059267146,0.0,0.0,0.0,0.0,1.0,0.0
7,265,0.2348573243857707,3.5373345056208683,0.0,0.0,0.0,0.0,1.0,0.0
8,265,3.8695336863957417,11.091720435043344,0.0,0.0,0.0,1.0,1.0,1.0
9,265,0.4971607976480008,12.0,1.0,1.0,0.0,0.0,1.0,0.0
10,265,8.339501524140347,0.0,1.0,0.0,0.0,0.0,0.0,0.0
11,265,7.1630907475487575,7.02433221080279,0.0,1.0,0.0,1.0,0.0,0.0
12,265,12.0,5.298904177231932,1.0,0.0,0.0,0.0,0.0,0.0
13,265,2.539271621947276,7.831221503575045,1.0,1.0,0.0,0.0,0.0,1.0
14,265,0.0,1.3645690076698649,1.0,1.0,1.0,0.0,0.0,0.0
0,270,11.7928346246968,11.706463591274336,0.0,0.0,1.0,0.0,1.0,0.0
1,270,12.0,5.356003028348359,1.0,0.0,0.0,0.0,0.0,1.0
2,270,0.8360926757379666,8.805832987363052,0.0,1.0,0.0,0.0,0.0,1.0
3,270,0.0,6.495907187333614,1.0,0.0,0.0,1.0,0.0,1.0
4,270,0.0,9.794400427733532,0.0,1.0,1.0,0.0,1.0,1.0
5,270,1.1129624114468446,1.916689653659964,1.0,1.0,0.0,0.0,0.0,0.0
6,270,4.510897597907654,8.150696617205618,0.0,0.0,0.0,0.0,1.0,0.0
7,270,0.1960441869670681,3.4728830242122823,0.0,0.0,0.0,0.0,1.0,0.0
8,270,3.8283486580085047,11.039754883018809,0.0,0.0,0.0,1.0,1.0,1.0
9,270,0.4455964346481225,12.0,1.0,1.0,0.0,0.0,1.0,0.0
10,270,8.36000830776794,0.0,1.0,0.0,0.0,0.0,0.0,0.0
11,270,7.2034464318551645,7.055778748731876,0.0,1.0,0.0,1.0,0.0,0.0
12,270,12.0,5.249512592105854,1.0,0.0,0.0,0.0,0.0,0.0
13,270,2.5799573553010013,7.794963831618507,1.0,1.0,0.0,0.0,0.0,1.0
14,270,0.0,1.3812512988469627,1.0,1.0,1.0,0.0,0.0,0.0
0,275,11.818237895374036,11.73805746891122,0.0,0.0,1.0,0.0,1.0,0.0
1,275,12.0,5.330839741842387,1.0,0.0,0.0,0.0,0.0,1.0
2,275,0.8644168616576106,8.755068007559117,0.0,1.0,0.0,0.0,0.0,1.0
3,275,0.0,6.476526587235827,1.0,0.0,0.0,1.0,0.0,1.0
4,275,0.0,9.833157601238105,0.0,1.0,1.0,0.0,1.0,1.0
5,275,1.0617814843252793,1.9296163491550664,1.0,1.0,0.0,0.0,0.0,0.0
6,275,4.532998253728218,8.10941326082596,0.0,0.0,0.0,0.0,1.0,0.0
7,275,0.164618407491433,3.41990937519188,0.0,0.0,0.0,0.0,1.0,0.0
8,275,3.786668014660167,10.986694371879691,0.0,0.0,0.0,1.0,1.0,1.0
9,275,0.4107226073404036,12.0,1.0,1.0,0.0,0.0,1.0,0.0
10,275,8.380644345454613,0.0,1.0,0.0,0.0,0.0,0.0,0.0
11,275,7.23291220076897,7.078018400430997,0.0,1.0,0.0,1.0,0.0,0.0
12,275,12.0,5.1935984040383705,1.0,0.0,0.0,0.0,0.0,0.0
13,275,2.6213768794972263,7.757764560728572,1.0,1.0,0.0,0.0,0.0,1.0
14,275,0.0,1.4109189054381237,1.0,1.0,1.0,0.0,0.0,0.0
0,280,11.840871445944504,11.76679979794062,0.0,0.0,1.0,0.0,1.0,0.0
1,280,12.0,5.303443268236766,1.0,0.0,0.0,0.0,0.0,1.0
2,280,0.8897449045652253,8.707125530778836,0.0,1.0,0.0,0.0,0.0,1.0
3,280,0.0,6.463406894339092,1.0,0.0,0.0,1.0,0.0,1.0
4,280,0.0,9.85159669626178,0.0,1.0,1.0,0.0,1.0,1.0
5,280,1.008171133755598,1.9426027660085092,1.0,1.0,0.0,0.0,0.0,0.0
6,280,4.561302539065356,8.057901794256697,0.0,0.0,0.0,0.0,1.0,0.0
7,280,0.139275229590523,3.3745266715995306,0.0,0.0,0.0,0.0,1.0,0.0
8,280,3.739187319476502,10.928482518611398,0.0,0.0,0.0,1.0,1.0,1.0
9,280,0.3814928297061091,12.0,1.0,1.0,0.0,0.0,1.0,0.0
10,280,8.400106985308181,0.0,1.0,0.0,0.0,0.0,0.0,0.0
11,280,7.259984032499307,7.097815339687045,0.0,1.0,0.0,1.0,0.0,0.0
12,280,12.0,5.113467720162957,1.0,0.0,0.0,0.0,0.0,0.0
13,280,2.665427469431294,7.719173913405487,1.0,1.0,0.0,0.0,0.0,1.0
14,280,0.0,1.4332502900291475,1.0,1.0,1.0,0.0,0.0,0.0
0,285,11.872949649616876,11.808195575221117,0.0,0.0,1.0,0.0,1.0,0.0
1,285,12.0,5.285381396006672,1.0,0.0,0.0,0.0,0.0,1.0
2,285,0.9067843951080072,8.674889120331693,0.0,1.0,0.0,0.0,0.0,1.0
3,285,0.0,6.451793842841084,1.0,0.0,0.0,1.0,0.0,1.0
4,285,0.0,9.8749896702108,0.0,1.0,1.0,0.0,1.0,1.0
5,285,0.9417091878294456,1.9592708509753884,1.0,1.0,0.0,0.0,0.0,0.0
6,285,4.5830911996116175,8.01612626439204,0.0,0.0,0.0,0.0,1.0,0.0
7,285,0.1221857369199456,3.344345819045176,0.0,0.0,0.0,0.0,1.0,0.0
8,285,3.706861192531144,10.888569686512332,0.0,0.0,0.0,1.0,1.0,1.0
9,285,0.3338508483562166,12.0,1.0,1.0,0.0,0.0,1.0,0.0
10,285,8.415294799683409,0.0,1.0,0.0,0.0,0.0,0.0,0.0
11,285,7.306010973893545,7.1308602111525365,0.0,1.0,0.0,1.0,0.0,0.0
12,285,12.0,5.100080726642625,1.0,0.0,0.0,0.0,0.0,0.0
13,285,2.705442579413506,7.685351681508043,1.0,1.0,0.0,0.0,0.0,1.0
14,285,0.0,1.4511908911990703,1.0,1.0,1.0,0.0,0.0,0.0
0,290,11.904928863474396,11.85142919897,0.0,0.0,1.0,0.0,1.0,0.0
1,290,12.0,5.27324499554755,1.0,0.0,0.0,0.0,0.0,1.0
2,290,0.9289813320320254,8.629950603666096,0.0,1.0,0.0,0.0,0.0,1.0
3,290,0.0,6.446311512638995,1.0,0.0,0.0,1.0,0.0,1.0
4,290,0.0,9.919065002596987,0.0,1.0,1.0,0.0,1.0,1.0
5,290,0.9091491098537616,1.9679091918264604,1.0,1.0,0.0,0.0,0.0,0.0
6,290,4.613491506832865,7.95867725669051,0.0,0.0,0.0,0.0,1.0,0.0
7,290,0.1007196915968322,3.3073106207880283,0.0,0.0,0.0,0.0,1.0,0.0
8,290,3.665358735052951,10.8369203332836,0.0,0.0,0.0,1.0,1.0,1.0
9,290,0.2822178863897627,12.0,1.0,1.0,0.0,0.0,1.0,0.0
10,290,8.43176211068111,0.0,1.0,0.0,0.0,0.0,0.0,0.0
11,290,7.365010977947303,7.172439017503078,0.0,1.0,0.0,1.0,0.0,0.0
12,290,12.0,5.068118991863155,1.0,0.0,0.0,0.0,0.0,0.0
13,290,2.7443732606052365,7.653028721407291,1.0,1.0,0.0,0.0,0.0,1.0
14,290,0.0,1.4673225421077256,1.0,1.0,1.0,0.0,0.0,0.0
0,295,11.933705915018397,11.887800280363663,0.0,0.0,1.0,0.0,1.0,0.0
1,295,12.0,5.252372598290074,1.0,0.0,0.0,0.0,0.0,1.0
2,295,0.9460853811401494,8.596082167911803,0.0,1.0,0.0,0.0,0.0,1.0
3,295,0.0,6.437576592299393,1.0,0.0,0.0,1.0,0.0,1.0
4,295,0.0,9.951199597394696,0.0,1.0,1.0,0.0,1.0,1.0
5,295,0.8798508466984806,1.9755487837260488,1.0,1.0,0.0,0.0,0.0,0.0
6,295,4.636770327658692,7.9133111376915775,0.0,0.0,0.0,0.0,1.0,0.0
7,295,0.0787463689463235,3.2669661684539872,0.0,0.0,0.0,0.0,1.0,0.0
8,295,3.63513156666068,10.79921531379086,0.0,0.0,0.0,1.0,1.0,1.0
9,295,0.2395715653636972,12.0,1.0,1.0,0.0,0.0,1.0,0.0
10,295,8.447094475460256,0.0,1.0,0.0,0.0,0.0,0.0,0.0
11,295,7.407726825059493,7.204951431588362,0.0,1.0,0.0,1.0,0.0,0.0
12,295,12.0,5.034273705409496,1.0,0.0,0.0,0.0,0.0,0.0
13,295,2.7921459525300287,7.6107282697170735,1.0,1.0,0.0,0.0,0.0,1.0
14,295,0.0,1.497259685531412,1.0,1.0,1.0,0.0,0.0,0.0
