0,0,8.942090937000762,4.967341445521761,-1.0,-1.0,8.0,-1.0,-1.0,-1.0
1,0,6.989245979585997,1.0132961260064768,-1.0,1.0,2.0,1.0,-1.0,1.0
2,0,9.997452953717966,4.032653042437937,-1.0,-1.0,5.0,-1.0,5.0,-1.0
3,0,6.046675529593237,11.033218188962485,-1.0,7.0,7.0,-1.0,7.0,-1.0
4,0,0.0452581974854888,0.0151556344130618,-1.0,-1.0,0.0,-1.0,0.0,-1.0
5,0,3.0591657687189406,11.019864858676694,6.0,-1.0,-1.0,-1.0,6.0,-1.0
6,0,11.974456354417228,6.956984886363089,-1.0,-1.0,-1.0,-1.0,-1.0,5.0
7,0,6.05580499242013,1.9998160708930368,-1.0,1.0,-1.0,-1.0,-1.0,-1.0
8,0,1.989489636306428,8.95378054144558,-1.0,-1.0,-1.0,-1.0,6.0,-1.0
9,0,3.0347068027525754,7.949747108749707,6.0,-1.0,4.0,-1.0,-1.0,-1.0
10,0,1.986012033351426,1.959789488563028,-1.0,-1.0,-1.0,0.0,0.0,-1.0
11,0,2.983491679867197,3.992602916487307,-1.0,-1.0,3.0,-1.0,-1.0,0.0
12,0,0.9688848040283417,12.0,-1.0,-1.0,-1.0,6.0,6.0,-1.0
13,0,6.977636010894172,0.0,-1.0,-1.0,-1.0,-1.0,1.0,-1.0
14,0,3.9725734880741914,4.047527453835444,-1.0,-1.0,-1.0,-1.0,3.0,-1.0
0,5,8.882442201260444,4.935351345564842,-1.0,-1.0,8.0,-1.0,-1.0,-1.0
1,5,6.979713628977094,1.0252718092620066,-1.0,1.0,2.0,1.0,-1.0,1.0
2,5,9.9496123908432,4.027743260178806,-1.0,-1.0,5.0,-1.0,5.0,-1.0
3,5,6.093653822421153,11.066549411097846,-1.0,7.0,7.0,-1.0,7.0,-1.0
4,5,0.0907109344895727,0.0296228952515007,-1.0,-1.0,0.0,-1.0,0.0,-1.0
5,5,3.1311470406625923,11.04463389723991,6.0,-1.0,-1.0,-1.0,6.0,-1.0
6,5,11.948452100892192,6.914563185622527,-1.0,-1.0,-1.0,-1.0,-1.0,5.0
7,5,6.102641537184222,2.000412994026504,-1.0,1.0,-1.0,-1.0,-1.0,-1.0
8,5,1.976839884467183,8.890107092423301,-1.0,-1.0,-1.0,-1.0,6.0,-1.0
9,5,3.0627199823829026,7.909075152625333,6.0,-1.0,4.0,-1.0,-1.0,-1.0
10,5,1.9382039438713448,1.9743408089252927,-1.0,-1.0,-1.0,0.0,0.0,-1.0
11,5,2.9731195310677108,3.988166156134577,-1.0,-1.0,3.0,-1.0,-1.0,0.0
12,5,0.9338301399692048,12.0,-1.0,-1.0,-1.0,6.0,6.0,-1.0
13,5,6.952214360292165,0.0,-1.0,-1.0,-1.0,-1.0,1.0,-1.0
14,5,3.9339175644421593,4.110330720747714,-1.0,-1.0,-1.0,-1.0,3.0,-1.0
0,10,8.826850336479296,4.903966534075586,-1.0,-1.0,4.0,-1.0,-1.0,-1.0
1,10,6.966499574961755,1.0428583419281254,-1.0,1.0,2.0,1.0,-1.0,1.0
2,10,9.911485998620362,4.023523811643387,-1.0,-1.0,5.0,-1.0,5.0,-1.0
3,10,6.132048087873788,11.093146097065311,-1.0,7.0,8.0,-1.0,7.0,-1.0
4,10,0.1393754034308011,0.0464474660065662,-1.0,-1.0,0.0,-1.0,0.0,-1.0
5,10,3.210727467974297,11.069746649223784,7.0,-1.0,-1.0,-1.0,6.0,-1.0
6,10,11.908396061654,6.846832242407403,-1.0,-1.0,-1.0,-1.0,-1.0,5.0
7,10,6.175680709340472,2.0001490244424525,-1.0,1.0,-1.0,-1.0,-1.0,-1.0
8,10,1.9619455661690544,8.816464611817654,-1.0,-1.0,-1.0,-1.0,6.0,-1.0
9,10,3.089968418159514,7.869251053511192,7.0,-1.0,6.0,-1.0,-1.0,-1.0
10,10,1.901170585343112,1.9855244166215336,-1.0,-1.0,-1.0,0.0,0.0,-1.0
11,10,2.958976267078074,3.981969556872489,-1.0,-1.0,3.0,-1.0,-1.0,0.0
12,10,0.914313682742534,12.0,-1.0,-1.0,-1.0,6.0,6.0,-1.0
13,10,6.928243191969518,0.0,-1.0,-1.0,-1.0,-1.0,1.0,-1.0
14,10,3.896320287554557,4.174232252146436,-1.0,-1.0,-1.0,-1.0,3.0,-1.0
0,15,8.800805874598744,4.8890974151749,-1.0,-1.0,4.0,-1.0,-1.0,-1.0
1,15,6.947322227444198,1.0687070099871518,-1.0,1.0,2.0,1.0,-1.0,1.0
2,15,9.862710519954,4.017507752060501,-1.0,-1.0,5.0,-1.0,5.0,-1.0
3,15,6.152586921734237,11.107666426091573,-1.0,7.0,8.0,-1.0,7.0,-1.0
4,15,0.1967913664003659,0.0656246407400332,-1.0,-1.0,0.0,-1.0,0.0,-1.0
5,15,3.277790449386679,11.090685722696376,7.0,-1.0,-1.0,-1.0,6.0,-1.0
6,15,11.87237134259939,6.782781825771917,-1.0,-1.0,-1.0,-1.0,-1.0,5.0
7,15,6.2605098078115855,2.0029617926684877,-1.0,1.0,-1.0,-1.0,-1.0,-1.0
8,15,1.948727642982441,8.75057638069856,-1.0,-1.0,-1.0,-1.0,6.0,-1.0
9,15,3.105202476461959,7.84610636383441,7.0,-1.0,6.0,-1.0,-1.0,-1.0
10,15,1.8514765572060607,1.9984158790028648,-1.0,-1.0,-1.0,0.0,0.0,-1.0
11,15,2.9362142625057905,3.9720597323262794,-1.0,-1.0,3.0,-1.0,-1.0,0.0
12,15,0.8813611363364863,12.0,-1.0,-1.0,-1.0,6.0,6.0,-1.0
13,15,6.920470371205795,0.0101958058309585,-1.0,-1.0,-1.0,-1.0,1.0,-1.0
14,15,3.857442409209029,4.24037008735522,-1.0,-1.0,-1.0,-1.0,3.0,-1.0
0,20,8.755897767828735,4.862443762441857,-1.0,-1.0,4.0,-1.0,-1.0,-1.0
1,20,6.936303538426489,1.0839699370618836,-1.0,1.0,2.0,1.0,-1.0,1.0
2,20,9.799896288477722,4.009995993004095,-1.0,-1.0,5.0,-1.0,5.0,-1.0
3,20,6.15638035507258,11.110299900707156,-1.0,7.0,8.0,-1.0,7.0,-1.0
4,20,0.2484298803994649,0.0829347544751636,-1.0,-1.0,0.0,-1.0,0.0,-1.0
5,20,3.343503321707938,11.110711579797142,7.0,-1.0,-1.0,-1.0,6.0,-1.0
6,20,11.822750909199083,6.692792720992045,-1.0,-1.0,-1.0,-1.0,-1.0,5.0
7,20,6.333161163805457,2.0056764950361354,-1.0,1.0,-1.0,-1.0,-1.0,-1.0
8,20,1.9355605709458032,8.683459673088555,-1.0,-1.0,-1.0,-1.0,6.0,-1.0
9,20,3.119199731489681,7.825007028434386,7.0,-1.0,6.0,-1.0,-1.0,-1.0
10,20,1.8087606039085824,2.008565234509295,-1.0,-1.0,-1.0,0.0,0.0,-1.0
11,20,2.9055929638578464,3.9586966689724874,-1.0,-1.0,3.0,-1.0,-1.0,0.0
12,20,0.8538908495558067,12.0,-1.0,-1.0,-1.0,6.0,6.0,-1.0
13,20,6.929540564150763,0.0,-1.0,-1.0,-1.0,-1.0,1.0,-1.0
14,20,3.820025255342107,4.3069678760725205,-1.0,-1.0,-1.0,-1.0,3.0,-1.0
0,25,8.718198470080672,4.840719320725421,-1.0,-1.0,4.0,-1.0,-1.0,-1.0
1,25,6.931583506040379,1.090491979256363,-1.0,1.0,2.0,1.0,-1.0,1.0
2,25,9.723750635635144,4.001989948425233,-1.0,-1.0,5.0,-1.0,5.0,-1.0
3,25,6.1588351310380975,11.10686530573945,-1.0,7.0,8.0,-1.0,7.0,-1.0
4,25,0.2967229237548984,0.0991368457456269,-1.0,-1.0,0.0,-1.0,0.0,-1.0
5,25,3.420816757857738,11.131943480314971,7.0,-1.0,-1.0,-1.0,6.0,-1.0
6,25,11.777792510945442,6.6089240324837855,-1.0,-1.0,-1.0,-1.0,-1.0,5.0
7,25,6.400974166705083,2.0100783820992496,-1.0,1.0,-1.0,-1.0,-1.0,-1.0
8,25,1.924647527198728,8.627437965396314,-1.0,-1.0,-1.0,-1.0,6.0,-1.0
9,25,3.1249964258555187,7.816335737294373,7.0,-1.0,6.0,-1.0,-1.0,-1.0
10,25,1.7716513942122558,2.0185599027880645,-1.0,-1.0,-1.0,0.0,0.0,-1.0
11,25,2.8692865815423527,3.9424582996833895,-1.0,-1.0,3.0,-1.0,-1.0,0.0
12,25,0.8560624085819294,12.0,-1.0,-1.0,-1.0,6.0,6.0,-1.0
13,25,6.921787067956762,0.0097110890801331,-1.0,-1.0,-1.0,-1.0,1.0,-1.0
14,25,3.778403736399351,4.380944952203905,-1.0,-1.0,-1.0,-1.0,3.0,-1.0
0,30,8.674224813860217,4.816484172437399,-1.0,-1.0,4.0,-1.0,-1.0,-1.0
1,30,6.927233545484957,1.0969853425114346,-1.0,1.0,2.0,1.0,-1.0,1.0
2,30,9.660135677833454,3.995774968069226,-1.0,-1.0,5.0,-1.0,2.0,-1.0
3,30,6.159178271731359,11.106394853852862,-1.0,7.0,8.0,-1.0,7.0,-1.0
4,30,0.3502588896350262,0.1169721017682207,-1.0,-1.0,0.0,-1.0,0.0,-1.0
5,30,3.473413566416341,11.146046331439155,7.0,-1.0,-1.0,-1.0,6.0,-1.0
6,30,11.726278168463232,6.520566203528536,-1.0,-1.0,-1.0,-1.0,-1.0,5.0
7,30,6.472839584694335,2.017851437809058,-1.0,1.0,-1.0,-1.0,-1.0,-1.0
8,30,1.9128450635737368,8.56958521748053,-1.0,-1.0,-1.0,-1.0,6.0,-1.0
9,30,3.123284287660686,7.818798826236377,7.0,-1.0,6.0,-1.0,-1.0,-1.0
10,30,1.74197535546563,2.0272412599938887,-1.0,-1.0,-1.0,0.0,0.0,-1.0
11,30,2.821850156149402,3.9213899803182577,-1.0,-1.0,3.0,-1.0,-1.0,0.0
12,30,0.8576595803700686,12.0,-1.0,-1.0,-1.0,6.0,6.0,-1.0
13,30,6.919956776868424,0.0119991976598401,-1.0,-1.0,-1.0,-1.0,1.0,-1.0
14,30,3.732509259726281,4.461913044066083,-1.0,-1.0,-1.0,-1.0,3.0,-1.0
0,35,8.643355637340347,4.799905473009822,-1.0,-1.0,4.0,-1.0,-1.0,-1.0
1,35,6.917839776629078,1.1112677007751073,-1.0,1.0,2.0,1.0,-1.0,1.0
2,35,9.611567451037168,3.991543499902843,-1.0,-1.0,5.0,-1.0,2.0,-1.0
3,35,6.153169651994225,11.114674964150105,-1.0,7.0,8.0,-1.0,7.0,-1.0
4,35,0.3986703180865016,0.1326855689404873,-1.0,-1.0,0.0,-1.0,0.0,-1.0
5,35,3.5205125721185664,11.158274761014786,7.0,-1.0,-1.0,-1.0,6.0,-1.0
6,35,11.673076947287518,6.430049056933025,-1.0,-1.0,-1.0,-1.0,-1.0,5.0
7,35,6.564006070867336,2.027394067328596,-1.0,1.0,-1.0,-1.0,-1.0,-1.0
8,35,1.8969199036571245,8.495615367393569,-1.0,-1.0,-1.0,-1.0,6.0,-1.0
9,35,3.1112518411972365,7.836035883911437,7.0,-1.0,6.0,-1.0,-1.0,-1.0
10,35,1.738237572714929,2.0283470745987184,-1.0,-1.0,-1.0,0.0,0.0,-1.0
11,35,2.754221008352147,3.8934381984077926,-1.0,-1.0,3.0,-1.0,-1.0,0.0
12,35,0.8643429470616739,12.0,-1.0,-1.0,-1.0,6.0,6.0,-1.0
13,35,6.908079035744969,0.0274153849029414,-1.0,-1.0,-1.0,-1.0,1.0,-1.0
14,35,3.680146140458609,4.551558800390103,-1.0,-1.0,-1.0,-1.0,3.0,-1.0
0,40,8.619903880897269,4.786923909128787,-1.0,-1.0,4.0,-1.0,-1.0,-1.0
1,40,6.900173372939949,1.1370360401163313,-1.0,1.0,2.0,1.0,-1.0,1.0
2,40,9.577818671341369,3.98874595768318,-1.0,-1.0,5.0,-1.0,2.0,-1.0
3,40,6.148957616199678,11.120233448067536,-1.0,7.0,8.0,-1.0,7.0,-1.0
4,40,0.4508189405773384,0.1493913684083922,-1.0,-1.0,0.0,-1.0,0.0,-1.0
5,40,3.582976636913529,11.175045381911128,7.0,-1.0,-1.0,-1.0,6.0,-1.0
6,40,11.622946678048354,6.3490077308062265,-1.0,-1.0,-1.0,-1.0,-1.0,5.0
7,40,6.6482013443729375,2.0378044129625463,-1.0,1.0,-1.0,-1.0,-1.0,-1.0
8,40,1.880001224780872,8.415419904505836,-1.0,-1.0,-1.0,-1.0,6.0,-1.0
9,40,3.087601387195529,7.869267428466357,7.0,-1.0,6.0,-1.0,-1.0,-1.0
10,40,1.7313839524505252,2.030020496867216,-1.0,-1.0,-1.0,0.0,0.0,-1.0
11,40,2.664553255100349,3.8560885217176817,-1.0,-1.0,3.0,-1.0,-1.0,0.0
12,40,0.8709318701801898,12.0,-1.0,-1.0,-1.0,6.0,6.0,-1.0
13,40,6.900234986753214,0.0376496386539759,-1.0,-1.0,-1.0,-1.0,1.0,-1.0
14,40,3.630289647870247,4.634598612224592,-1.0,-1.0,-1.0,-1.0,3.0,-1.0
0,45,8.619556193873414,4.786734893425098,-1.0,-1.0,4.0,-1.0,-1.0,-1.0
1,45,6.891104905325515,1.1503503752578084,-1.0,1.0,2.0,1.0,-1.0,1.0
2,45,9.537038343141685,3.98447149554418,-1.0,-1.0,5.0,-1.0,2.0,-1.0
3,45,6.137474626927685,11.13568839307784,-1.0,7.0,8.0,-1.0,7.0,-1.0
4,45,0.4962890072045045,0.1627289020854496,-1.0,-1.0,0.0,-1.0,0.0,-1.0
5,45,3.635214614994224,11.187394443874933,7.0,-1.0,-1.0,-1.0,6.0,-1.0
6,45,11.576450313278706,6.277270540806929,-1.0,-1.0,-1.0,-1.0,-1.0,5.0
7,45,6.720528940214559,2.049072936939984,-1.0,1.0,-1.0,-1.0,-1.0,-1.0
8,45,1.866288775620588,8.356374247725737,-1.0,-1.0,-1.0,-1.0,6.0,-1.0
9,45,3.0513706054207,7.92257245263792,7.0,-1.0,6.0,-1.0,-1.0,-1.0
10,45,1.7312387116730314,2.030055698612539,-1.0,-1.0,-1.0,0.0,0.0,-1.0
11,45,2.579715060527719,3.821342956443652,-1.0,-1.0,3.0,-1.0,-1.0,0.0
12,45,0.8769856375035217,12.0,-1.0,-1.0,-1.0,6.0,6.0,-1.0
13,45,6.904935106972304,0.0318778872220349,-1.0,-1.0,-1.0,-1.0,1.0,-1.0
14,45,3.5717093847528565,4.729918011633548,-1.0,-1.0,-1.0,-1.0,3.0,-1.0
0,50,8.618002101247095,4.785873315902768,-1.0,-1.0,4.0,-1.0,-1.0,-1.0
1,50,6.9063690701467415,1.128140182618815,-1.0,1.0,2.0,1.0,-1.0,1.0
2,50,9.528615786336395,3.983583604769687,-1.0,-1.0,5.0,-1.0,2.0,-1.0
3,50,6.112613495956038,11.170233564709196,-1.0,7.0,8.0,-1.0,7.0,-1.0
4,50,0.5291550665024513,0.1710658143674428,-1.0,-1.0,0.0,-1.0,0.0,-1.0
5,50,3.6953965374215465,11.201510082575576,7.0,-1.0,-1.0,-1.0,6.0,-1.0
6,50,11.540039595995776,6.221412628014984,-1.0,-1.0,-1.0,-1.0,-1.0,5.0
7,50,6.794523788210956,2.0603179234206563,-1.0,1.0,-1.0,-1.0,-1.0,-1.0
8,50,1.8564674789587037,8.311290880597806,-1.0,-1.0,-1.0,-1.0,6.0,-1.0
9,50,3.025374731412773,7.9618759306440765,7.0,-1.0,6.0,-1.0,-1.0,-1.0
10,50,1.7282558778670627,2.0307277911560626,-1.0,-1.0,-1.0,0.0,0.0,-1.0
11,50,2.465139996642442,3.776558065831623,-1.0,-1.0,3.0,-1.0,-1.0,0.0
12,50,0.8865973689199331,12.0,-1.0,-1.0,-1.0,6.0,6.0,-1.0
13,50,6.897721535150842,0.0404706264711705,-1.0,-1.0,-1.0,-1.0,1.0,-1.0
14,50,3.522371693786594,4.812541808233773,-1.0,-1.0,-1.0,-1.0,3.0,-1.0
0,55,8.632479860732772,4.793613301981174,-1.0,-1.0,4.0,-1.0,-1.0,-1.0
1,55,6.92313793690779,1.1035970517283793,-1.0,1.0,2.0,1.0,-1.0,1.0
2,55,9.529859402742458,3.9836729129933066,-1.0,-1.0,5.0,-1.0,2.0,-1.0
3,55,6.090390531991317,11.200748511360226,-1.0,7.0,8.0,-1.0,7.0,-1.0
4,55,0.56370391542733,0.1794617742785143,-1.0,-1.0,0.0,-1.0,0.0,-1.0
5,55,3.770840796475473,11.21704265652274,7.0,-1.0,-1.0,-1.0,6.0,-1.0
6,55,11.51755483000365,6.185082336338606,-1.0,-1.0,-1.0,-1.0,-1.0,5.0
7,55,6.849853968883954,2.0684603813491584,-1.0,1.0,-1.0,-1.0,-1.0,-1.0
8,55,1.8436845108803772,8.258907012122389,-1.0,-1.0,-1.0,-1.0,6.0,-1.0
9,55,2.9929046220254683,8.013979865640886,7.0,-1.0,6.0,-1.0,-1.0,-1.0
10,55,1.723769395561453,2.0316683909626825,-1.0,-1.0,-1.0,0.0,0.0,-1.0
11,55,2.356591335912014,3.732637923680196,-1.0,-1.0,3.0,-1.0,-1.0,0.0
12,55,0.8985245530129725,12.0,-1.0,-1.0,-1.0,6.0,6.0,-1.0
13,55,6.88393615983956,0.056346750206003,-1.0,-1.0,-1.0,-1.0,1.0,-1.0
14,55,3.4743266577244176,4.896079543341661,-1.0,-1.0,-1.0,-1.0,3.0,-1.0
0,60,8.662909538877443,4.8101060423479,-1.0,-1.0,4.0,-1.0,-1.0,-1.0
1,60,6.9389993099107246,1.0798399407814006,-1.0,1.0,2.0,1.0,-1.0,1.0
2,60,9.539051169414916,3.9845361405874327,-1.0,-1.0,5.0,-1.0,2.0,-1.0
3,60,6.078418994328056,11.217306673257832,-1.0,7.0,8.0,-1.0,7.0,-1.0
4,60,0.6359861185221931,0.1958874861003864,-1.0,-1.0,0.0,-1.0,0.0,-1.0
5,60,3.8388992846981984,11.230922487405754,7.0,-1.0,-1.0,-1.0,6.0,-1.0
6,60,11.491048244668388,6.141831459143868,-1.0,-1.0,-1.0,-1.0,-1.0,5.0
7,60,6.885163066046997,2.073862741097258,-1.0,1.0,-1.0,-1.0,-1.0,-1.0
8,60,1.9163093194437024,8.240657356212942,-1.0,-1.0,-1.0,-1.0,6.0,-1.0
9,60,2.965202762336676,8.060173194092483,7.0,-1.0,6.0,-1.0,-1.0,-1.0
10,60,1.7171572805312436,2.032847344269547,-1.0,-1.0,-1.0,0.0,0.0,-1.0
11,60,2.248034275676606,3.687490056811124,-1.0,-1.0,3.0,-1.0,-1.0,0.0
12,60,0.9110427820950552,12.0,-1.0,-1.0,-1.0,6.0,6.0,-1.0
13,60,6.86652482405523,0.0771405091558405,-1.0,-1.0,-1.0,-1.0,1.0,-1.0
14,60,3.4197259326356546,4.9876766794188505,-1.0,-1.0,-1.0,-1.0,3.0,-1.0
0,65,8.706890151921584,4.831365065886732,-1.0,-1.0,4.0,-1.0,-1.0,-1.0
1,65,6.964604655581421,1.0424914794564335,-1.0,1.0,2.0,1.0,-1.0,1.0
2,65,9.53974333705798,3.984580640030731,-1.0,-1.0,5.0,-1.0,2.0,-1.0
3,65,6.065979365705704,11.234107701356242,-1.0,7.0,8.0,-1.0,7.0,-1.0
4,65,0.688785000632161,0.2077095252581527,-1.0,-1.0,0.0,-1.0,0.0,-1.0
5,65,3.917858302103944,11.246061122093494,7.0,-1.0,-1.0,-1.0,6.0,-1.0
6,65,11.453632993804735,6.083450668475508,-1.0,-1.0,-1.0,-1.0,-1.0,5.0
7,65,6.912704607451823,2.0784582465135286,-1.0,1.0,-1.0,-1.0,-1.0,-1.0
8,65,1.9803642180796257,8.223740245937938,-1.0,-1.0,-1.0,-1.0,6.0,-1.0
9,65,2.937024509033767,8.109675967503229,7.0,-1.0,6.0,-1.0,-1.0,-1.0
10,65,1.7238178691794337,2.031643547369661,-1.0,-1.0,-1.0,0.0,0.0,-1.0
11,65,2.1440832047508347,3.644421887386656,-1.0,-1.0,3.0,-1.0,-1.0,0.0
12,65,0.9255336198155236,12.0,-1.0,-1.0,-1.0,6.0,6.0,-1.0
13,65,6.834142395456807,0.1158833155178831,-1.0,-1.0,-1.0,-1.0,1.0,-1.0
14,65,3.3727720697543826,5.067296330711463,-1.0,-1.0,-1.0,-1.0,3.0,-1.0
0,70,8.731597416178246,4.842559828728036,-1.0,-1.0,4.0,-1.0,-1.0,-1.0
1,70,6.984302304533821,1.0126419012949732,-1.0,1.0,2.0,1.0,-1.0,1.0
2,70,9.53352795498195,3.98426807503628,-1.0,-1.0,5.0,-1.0,2.0,-1.0
3,70,6.059200563818107,11.243227541979518,-1.0,7.0,8.0,-1.0,7.0,-1.0
4,70,0.7478115519897297,0.2226380627862797,-1.0,-1.0,0.0,-1.0,0.0,-1.0
5,70,3.994109211850306,11.261029797663513,7.0,-1.0,-1.0,-1.0,6.0,-1.0
6,70,11.413213373578952,6.019206830480149,-1.0,-1.0,-1.0,-1.0,-1.0,5.0
7,70,6.962346490520779,2.086966838715231,-1.0,1.0,-1.0,-1.0,-1.0,-1.0
8,70,2.023287663679066,8.212845126878454,-1.0,-1.0,-1.0,-1.0,6.0,-1.0
9,70,2.914457461084664,8.14836043643609,7.0,-1.0,6.0,-1.0,-1.0,-1.0
10,70,1.7351089612041015,2.0298205888605065,-1.0,-1.0,-1.0,0.0,0.0,-1.0
11,70,2.026592408834889,3.595042518303656,-1.0,-1.0,3.0,-1.0,-1.0,0.0
12,70,0.9472281255692474,12.0,-1.0,-1.0,-1.0,6.0,6.0,-1.0
13,70,6.8092740140566255,0.1459985593704623,-1.0,-1.0,-1.0,-1.0,1.0,-1.0
14,70,3.332051489144044,5.138818506482626,-1.0,-1.0,-1.0,-1.0,3.0,-1.0
0,75,8.755128003375225,4.852819507792572,-1.0,-1.0,4.0,-1.0,-1.0,-1.0
1,75,7.005403491668211,0.9804911316192808,-1.0,1.0,2.0,1.0,-1.0,1.0
2,75,9.519431559158694,3.9838405290259935,-1.0,-1.0,5.0,-1.0,2.0,-1.0
3,75,6.065278876105588,11.235153713530652,-1.0,7.0,8.0,-1.0,7.0,-1.0
4,75,0.8152096649220935,0.2387621521244766,-1.0,-1.0,0.0,-1.0,0.0,-1.0
5,75,4.059917728997927,11.270977757258477,7.0,-1.0,-1.0,-1.0,7.0,-1.0
6,75,11.382021162756644,5.968893712246564,-1.0,-1.0,-1.0,-1.0,-1.0,5.0
7,75,6.950129156724634,2.1582333821244366,-1.0,1.0,-1.0,-1.0,-1.0,-1.0
8,75,2.062800186747663,8.20240603446264,-1.0,-1.0,-1.0,-1.0,6.0,-1.0
9,75,2.8864029359706462,8.197151297479971,7.0,-1.0,6.0,-1.0,-1.0,-1.0
10,75,1.7397436077152486,2.029092098345594,-1.0,-1.0,-1.0,0.0,0.0,-1.0
11,75,1.9117198508981152,3.5455365540667123,-1.0,-1.0,3.0,-1.0,-1.0,0.0
12,75,0.9627812882530564,12.0,-1.0,-1.0,-1.0,6.0,6.0,-1.0
13,75,6.79419172515192,0.1641399415499871,-1.0,-1.0,-1.0,-1.0,1.0,-1.0
14,75,3.293083656716766,5.203968475598988,-1.0,-1.0,-1.0,-1.0,3.0,-1.0
0,80,8.777364225048373,4.862565770551448,-1.0,-1.0,4.0,-1.0,-1.0,-1.0
1,80,7.021807929334971,0.954763564374153,-1.0,1.0,2.0,1.0,-1.0,1.0
2,80,9.51077691297713,3.983756588512625,-1.0,-1.0,5.0,-1.0,2.0,-1.0
3,80,6.074553606534395,11.223347739231215,-1.0,7.0,8.0,-1.0,7.0,-1.0
4,80,0.8817946932343779,0.2543031185971131,-1.0,-1.0,0.0,-1.0,0.0,-1.0
5,80,4.095631371661419,11.276071193710392,7.0,-1.0,-1.0,-1.0,7.0,-1.0
6,80,11.350264201160492,5.915718622948801,-1.0,-1.0,-1.0,-1.0,-1.0,5.0
7,80,6.941486661638893,2.206531772425942,-1.0,1.0,-1.0,-1.0,-1.0,-1.0
8,80,2.120404386513527,8.189872682080281,-1.0,-1.0,-1.0,-1.0,6.0,-1.0
9,80,2.846500317624102,8.263424887657585,7.0,-1.0,6.0,-1.0,-1.0,-1.0
10,80,1.7527670688059127,2.0271242787033974,-1.0,-1.0,-1.0,0.0,0.0,-1.0
11,80,1.79367126989169,3.49069065264348,-1.0,-1.0,3.0,-1.0,-1.0,0.0
12,80,0.9756833133035712,12.0,-1.0,-1.0,-1.0,6.0,6.0,-1.0
13,80,6.781403972903618,0.1794183596175243,-1.0,-1.0,-1.0,-1.0,1.0,-1.0
14,80,3.25901823578311,5.258421815157412,-1.0,-1.0,-1.0,-1.0,3.0,-1.0
0,85,8.824422281015684,4.882619341635116,-1.0,-1.0,4.0,-1.0,-1.0,-1.0
1,85,7.046189782519315,0.9167178314077626,-1.0,1.0,2.0,1.0,-1.0,1.0
2,85,9.499313398816843,3.983867470009172,-1.0,-1.0,5.0,-1.0,2.0,-1.0
3,85,6.079581706997322,11.216789192384889,-1.0,7.0,8.0,-1.0,7.0,-1.0
4,85,0.9567640190777592,0.272553730145921,-1.0,-1.0,0.0,-1.0,0.0,-1.0
5,85,4.13485818416958,11.281608597374484,7.0,-1.0,-1.0,-1.0,7.0,-1.0
6,85,11.32600644942444,5.874673077303744,-1.0,-1.0,-1.0,-1.0,-1.0,5.0
7,85,6.931066638504932,2.273948785310695,-1.0,1.0,-1.0,-1.0,-1.0,-1.0
8,85,2.1794322015069607,8.177269766832282,-1.0,-1.0,-1.0,-1.0,6.0,-1.0
9,85,2.80809872982094,8.325559171033762,7.0,-1.0,6.0,-1.0,-1.0,-1.0
10,85,1.7722785404283676,2.024065007464498,-1.0,-1.0,-1.0,0.0,0.0,-1.0
11,85,1.6758940022927296,3.430871434035348,-1.0,-1.0,3.0,-1.0,-1.0,0.0
12,85,0.983232047017005,12.0,-1.0,-1.0,-1.0,6.0,6.0,-1.0
13,85,6.775235830420716,0.1869609302399613,-1.0,-1.0,-1.0,-1.0,1.0,-1.0
14,85,3.2321886023552096,5.3026044223520845,-1.0,-1.0,-1.0,-1.0,3.0,-1.0
0,90,8.853614305977397,4.894877980652781,-1.0,-1.0,4.0,-1.0,-1.0,-1.0
1,90,7.06498171843279,0.8870101142763079,-1.0,1.0,2.0,1.0,-1.0,1.0
2,90,9.47000636509441,3.985383874308678,-1.0,-1.0,5.0,-1.0,2.0,-1.0
3,90,6.084601548800915,11.210089701038068,-1.0,7.0,8.0,-1.0,7.0,-1.0
4,90,1.0252826603892422,0.2900864267902502,-1.0,-1.0,0.0,-1.0,0.0,-1.0
5,90,4.190447440812992,11.289338943440905,7.0,-1.0,-1.0,-1.0,7.0,-1.0
6,90,11.28704104407764,5.806273313936118,-1.0,-1.0,-1.0,-1.0,-1.0,5.0
7,90,6.919768003059434,2.341596226512378,-1.0,1.0,-1.0,-1.0,-1.0,-1.0
8,90,2.2371014756149807,8.163252936533594,-1.0,-1.0,-1.0,-1.0,6.0,-1.0
9,90,2.76549393289776,8.392745752393331,7.0,-1.0,6.0,-1.0,-1.0,-1.0
10,90,1.7842822481468947,2.0220527066959537,-1.0,-1.0,-1.0,0.0,0.0,-1.0
11,90,1.5668675212747485,3.37346093442228,-1.0,-1.0,3.0,-1.0,-1.0,0.0
12,90,0.9885457597313648,12.0,-1.0,-1.0,-1.0,6.0,6.0,-1.0
13,90,6.780565729492909,0.1811483136458449,-1.0,-1.0,-1.0,-1.0,1.0,-1.0
14,90,3.2023344974944616,5.353505176088826,-1.0,-1.0,-1.0,-1.0,3.0,-1.0
0,95,8.878439346156446,4.904568381622036,-1.0,-1.0,4.0,-1.0,-1.0,-1.0
1,95,7.085879807673059,0.8539045241076405,-1.0,1.0,2.0,1.0,-1.0,1.0
2,95,9.438548419635078,3.9867476828352792,-1.0,-1.0,5.0,-1.0,2.0,-1.0
3,95,6.0873691992929535,11.206606693465696,-1.0,7.0,8.0,-1.0,7.0,-1.0
4,95,1.1039836028024743,0.3094628141005006,-1.0,-1.0,0.0,-1.0,0.0,-1.0
5,95,4.272054300685475,11.300307351178008,7.0,-1.0,-1.0,-1.0,7.0,-1.0
6,95,11.240995227368172,5.723861644180164,-1.0,-1.0,-1.0,-1.0,-1.0,5.0
7,95,6.907042857819547,2.4191322825469213,-1.0,1.0,-1.0,-1.0,-1.0,-1.0
8,95,2.2917979766733088,8.151688791755937,-1.0,-1.0,-1.0,-1.0,6.0,-1.0
9,95,2.7222776323723155,8.462662397477981,7.0,-1.0,6.0,-1.0,-1.0,-1.0
10,95,1.7896691568344674,2.052480039162382,-1.0,-1.0,-1.0,0.0,0.0,-1.0
11,95,1.4594106053071032,3.316087555624345,-1.0,-1.0,3.0,-1.0,-1.0,0.0
12,95,0.9874960940318056,11.996685741169324,-1.0,-1.0,-1.0,6.0,6.0,-1.0
13,95,6.792601708175663,0.1678979622381436,-1.0,-1.0,-1.0,-1.0,1.0,-1.0
14,95,3.154261449886872,5.433741758552934,-1.0,-1.0,-1.0,-1.0,3.0,-1.0
0,100,8.893434830613687,4.866632095127379,-1.0,-1.0,4.0,-1.0,-1.0,-1.0
1,100,7.1043767205673385,0.824490215167764,-1.0,1.0,2.0,1.0,-1.0,1.0
2,100,9.409976056766046,3.988778160369335,-1.0,-1.0,5.0,-1.0,2.0,-1.0
3,100,6.089117620916486,11.204378730362444,-1.0,7.0,8.0,-1.0,7.0,-1.0
4,100,1.172847992699193,0.3278397437362188,-1.0,-1.0,0.0,-1.0,0.0,-1.0
5,100,4.366767263693136,11.313479543635076,7.0,-1.0,-1.0,-1.0,7.0,-1.0
6,100,11.192658645447496,5.634532471953593,-1.0,-1.0,-1.0,-1.0,-1.0,5.0
7,100,6.894701197174863,2.4986276383706234,-1.0,1.0,-1.0,-1.0,-1.0,-1.0
8,100,2.35865216450338,8.134997631128046,-1.0,-1.0,-1.0,-1.0,6.0,-1.0
9,100,2.6849994466551177,8.520452993346213,7.0,-1.0,6.0,-1.0,-1.0,-1.0
10,100,1.7942223980826166,2.082828986339684,-1.0,-1.0,-1.0,0.0,0.0,-1.0
11,100,1.3326636444159097,3.2528882040789213,-1.0,-1.0,3.0,-1.0,-1.0,0.0
12,100,0.9826186278030976,11.982665501391953,-1.0,-1.0,-1.0,6.0,6.0,-1.0
13,100,6.764521925102942,0.1417344960352502,-1.0,-1.0,-1.0,-1.0,1.0,-1.0
14,100,3.1154722529788192,5.501871099104212,-1.0,-1.0,-1.0,-1.0,3.0,-1.0
0,105,8.904574867468726,4.839292631261457,-1.0,-1.0,4.0,-1.0,-1.0,-1.0
1,105,7.111228598786585,0.8133704839626523,-1.0,1.0,2.0,1.0,-1.0,1.0
2,105,9.390651646787486,3.990387335219727,-1.0,-1.0,5.0,-1.0,2.0,-1.0
3,105,6.085299356632406,11.209082914696127,-1.0,7.0,8.0,-1.0,7.0,-1.0
4,105,1.2618050948169952,0.3478886729417297,-1.0,-1.0,0.0,-1.0,0.0,-1.0
5,105,4.43644670326465,11.323297394993952,7.0,-1.0,-1.0,-1.0,7.0,-1.0
6,105,11.13989201734619,5.53906090346188,-1.0,-1.0,-1.0,-1.0,-1.0,5.0
7,105,6.876716456971449,2.5958183193346698,-1.0,1.0,-1.0,-1.0,-1.0,-1.0
8,105,2.440890220692871,8.114920052048612,-1.0,-1.0,-1.0,-1.0,6.0,-1.0
9,105,2.6565669324029706,8.567659961921963,7.0,-1.0,6.0,-1.0,-1.0,-1.0
10,105,1.7963866706175975,2.099762392516148,-1.0,-1.0,-1.0,0.0,0.0,-1.0
11,105,1.199637005099896,3.184643348292364,-1.0,-1.0,3.0,-1.0,-1.0,0.0
12,105,0.9811323288958872,11.978551799649612,-1.0,-1.0,-1.0,6.0,6.0,-1.0
13,105,6.723201363222635,0.103648846830437,-1.0,-1.0,-1.0,-1.0,1.0,-1.0
14,105,3.0706519404674584,5.583574634575694,-1.0,-1.0,-1.0,-1.0,3.0,-1.0
0,110,8.920205581353288,4.801981001861112,-1.0,-1.0,4.0,-1.0,-1.0,-1.0
1,110,7.127255934431697,0.7882042414563495,-1.0,1.0,2.0,1.0,-1.0,1.0
2,110,9.36270247549789,3.99285837806175,-1.0,-1.0,5.0,-1.0,2.0,-1.0
3,110,6.077584256525314,11.218907086845284,-1.0,7.0,8.0,-1.0,7.0,-1.0
4,110,1.3673714118600335,0.3768347106406294,-1.0,-1.0,0.0,-1.0,0.0,-1.0
5,110,4.492674920295292,11.331690845101912,7.0,-1.0,-1.0,-1.0,7.0,-1.0
6,110,11.080153729413055,5.431070454340435,-1.0,-1.0,-1.0,-1.0,-1.0,5.0
7,110,6.856362020859269,2.714673287766418,-1.0,1.0,-1.0,-1.0,-1.0,-1.0
8,110,2.523057291235025,8.094840297583676,-1.0,-1.0,-1.0,-1.0,6.0,-1.0
9,110,2.6177967206134203,8.633381489851793,7.0,-1.0,6.0,-1.0,-1.0,-1.0
10,110,1.799752143347661,2.125159693354325,-1.0,-1.0,-1.0,0.0,0.0,-1.0
11,110,1.0974729251229371,3.131262434459936,-1.0,-1.0,3.0,-1.0,-1.0,0.0
12,110,0.9811566474385844,11.978629324599432,-1.0,-1.0,-1.0,6.0,6.0,-1.0
13,110,6.6788910050890165,0.0624339105324861,-1.0,-1.0,-1.0,-1.0,1.0,-1.0
14,110,3.0037626947965825,5.6994049450952335,-1.0,-1.0,-1.0,-1.0,3.0,-1.0
0,115,8.93049171166285,4.7754991730727845,-1.0,-1.0,4.0,-1.0,-1.0,-1.0
1,115,7.142780503918586,0.7645073573010612,-1.0,1.0,2.0,1.0,-1.0,1.0
2,115,9.35071406307403,3.993770922746435,-1.0,-1.0,5.0,-1.0,2.0,-1.0
3,115,6.071066748824527,11.227513677062772,-1.0,7.0,8.0,-1.0,7.0,-1.0
4,115,1.4615792791961522,0.4058672848951737,-1.0,-1.0,0.0,-1.0,0.0,-1.0
5,115,4.5510603665696,11.33744206756686,7.0,-1.0,-1.0,-1.0,7.0,-1.0
6,115,11.018139249864992,5.323762131795623,-1.0,-1.0,-1.0,-1.0,-1.0,5.0
7,115,6.836152971853782,2.8396289503723144,-1.0,1.0,-1.0,-1.0,-1.0,-1.0
8,115,2.6036587667147697,8.075658125621754,-1.0,-1.0,-1.0,-1.0,6.0,-1.0
9,115,2.5791033592927097,8.698044644861412,7.0,-1.0,6.0,-1.0,-1.0,-1.0
10,115,1.8027976470585945,2.150262185903307,-1.0,-1.0,-1.0,0.0,0.0,-1.0
11,115,0.989700956892297,3.073364431789296,-1.0,-1.0,3.0,-1.0,-1.0,0.0
12,115,0.9815121316306132,11.97969884935397,-1.0,-1.0,-1.0,6.0,6.0,-1.0
13,115,6.629045769592151,0.0159297966300058,-1.0,-1.0,-1.0,-1.0,1.0,-1.0
14,115,2.935539388155764,5.821616563162367,-1.0,-1.0,-1.0,-1.0,3.0,-1.0
0,120,8.943448978888467,4.7424642553277785,-1.0,-1.0,4.0,-1.0,-1.0,-1.0
1,120,7.167943130046201,0.7255407738807957,-1.0,1.0,2.0,1.0,-1.0,1.0
2,120,9.344113826905028,3.994123686283009,-1.0,-1.0,5.0,-1.0,2.0,-1.0
3,120,6.066236628136164,11.233925643283934,-1.0,7.0,8.0,-1.0,7.0,-1.0
4,120,1.5526424571251047,0.4327023880470003,-1.0,-1.0,0.0,-1.0,0.0,-1.0
5,120,4.626023231174654,11.346780071940474,7.0,-1.0,-1.0,-1.0,7.0,-1.0
6,120,10.954732459147204,5.223368373316371,-1.0,-1.0,-1.0,-1.0,-1.0,5.0
7,120,6.819188640684106,2.9575319925382404,-1.0,1.0,-1.0,-1.0,-1.0,-1.0
8,120,2.6566207466526417,8.063081650256198,-1.0,-1.0,-1.0,-1.0,6.0,-1.0
9,120,2.5442127803775767,8.752999519805064,7.0,-1.0,6.0,-1.0,-1.0,-1.0
10,120,1.804826031161697,2.1664408750653488,-1.0,-1.0,-1.0,0.0,0.0,-1.0
11,120,0.8645993405962423,3.005589143279134,-1.0,-1.0,3.0,-1.0,-1.0,0.0
12,120,0.9864673702669288,11.99454440979528,-1.0,-1.0,-1.0,6.0,6.0,-1.0
13,120,6.583996456492104,0.0,-1.0,-1.0,-1.0,-1.0,1.0,-1.0
14,120,2.8679299226316703,5.950300353863918,-1.0,-1.0,-1.0,-1.0,3.0,-1.0
0,125,8.968857307320718,4.678394615026169,-1.0,-1.0,4.0,-1.0,-1.0,-1.0
1,125,7.19802452578895,0.6812464045777943,-1.0,1.0,2.0,1.0,-1.0,1.0
2,125,9.33658994476118,3.9945053277838327,-1.0,-1.0,5.0,-1.0,2.0,-1.0
3,125,6.054115678685532,11.24960875828418,-1.0,7.0,8.0,-1.0,7.0,-1.0
4,125,1.6334312021255226,0.4585818856251548,-1.0,-1.0,0.0,-1.0,0.0,-1.0
5,125,4.713782082361297,11.355536249903396,7.0,-1.0,-1.0,-1.0,7.0,-1.0
6,125,10.891304208217454,5.120801060610366,-1.0,-1.0,-1.0,-1.0,-1.0,5.0
7,125,6.805835296616351,3.0700241029445974,-1.0,1.0,-1.0,-1.0,-1.0,-1.0
8,125,2.70937809999754,8.048070870229111,-1.0,-1.0,-1.0,-1.0,6.0,-1.0
9,125,2.5177813761489043,8.795221438674005,7.0,-1.0,6.0,-1.0,-1.0,-1.0
10,125,1.807411058362789,2.1952734027043785,-1.0,-1.0,-1.0,0.0,0.0,-1.0
11,125,0.752448129836005,2.94508757136522,-1.0,-1.0,3.0,-1.0,-1.0,0.0
12,125,0.999121608136488,12.0,-1.0,-1.0,-1.0,6.0,6.0,-1.0
13,125,6.530114269087732,0.0,-1.0,-1.0,-1.0,-1.0,1.0,-1.0
14,125,2.801140944123897,6.082985260998704,-1.0,-1.0,-1.0,-1.0,3.0,-1.0
0,130,8.979561637941577,4.651557875128228,-1.0,-1.0,4.0,-1.0,-1.0,-1.0
1,130,7.226719999730501,0.6373754524792731,-1.0,1.0,2.0,1.0,-1.0,1.0
2,130,9.33580085168089,3.9945687116828776,-1.0,-1.0,5.0,-1.0,2.0,-1.0
3,130,6.0369397554285085,11.270825844074317,-1.0,7.0,8.0,-1.0,7.0,-1.0
4,130,1.731853168670891,0.4889494439201025,-1.0,-1.0,0.0,-1.0,0.0,-1.0
5,130,4.767179531967688,11.359804347276926,7.0,-1.0,-1.0,-1.0,7.0,-1.0
6,130,10.813230325305424,4.999539381610371,-1.0,-1.0,-1.0,-1.0,-1.0,5.0
7,130,6.794790765100728,3.172663694464639,-1.0,1.0,-1.0,-1.0,-1.0,-1.0
8,130,2.7683124182444283,8.03099268447212,-1.0,-1.0,-1.0,-1.0,6.0,-1.0
9,130,2.491573056782172,8.838158268770437,7.0,-1.0,6.0,-1.0,-1.0,-1.0
10,130,1.8114627085824404,2.24145208233412,-1.0,-1.0,-1.0,0.0,0.0,-1.0
11,130,0.6404324450771228,2.885424546874888,-1.0,-1.0,3.0,-1.0,-1.0,0.0
12,130,1.0066382273931105,12.0,-1.0,-1.0,-1.0,6.0,6.0,-1.0
13,130,6.466892039205303,0.0,-1.0,-1.0,-1.0,-1.0,1.0,-1.0
14,130,2.747728634821657,6.186804900255667,-1.0,-1.0,-1.0,-1.0,3.0,-1.0
0,135,8.981559525424368,4.646600007421862,-1.0,-1.0,4.0,-1.0,-1.0,-1.0
1,135,7.246668960533682,0.6058756774390271,-1.0,1.0,2.0,1.0,-1.0,1.0
2,135,9.341852441186314,3.994223673755749,-1.0,-1.0,5.0,-1.0,2.0,-1.0
3,135,6.015925009463783,11.296034678767253,-1.0,7.0,8.0,-1.0,7.0,-1.0
4,135,1.8229236700525575,0.5129645032630475,-1.0,-1.0,0.0,-1.0,0.0,-1.0
5,135,4.81177935816086,11.364206141325838,7.0,-1.0,-1.0,-1.0,7.0,-1.0
6,135,10.72793427859516,4.867662282420745,-1.0,-1.0,-1.0,-1.0,-1.0,5.0
7,135,6.783830773809857,3.2602242190222195,-1.0,1.0,-1.0,-1.0,-1.0,-1.0
8,135,2.81884567097639,8.015703683194225,-1.0,-1.0,-1.0,-1.0,6.0,-1.0
9,135,2.475960527170798,8.864826187275709,7.0,-1.0,6.0,-1.0,-1.0,-1.0
10,135,1.816843228552816,2.297811808808308,-1.0,-1.0,-1.0,0.0,0.0,-1.0
11,135,0.5291766368832587,2.821898084916888,-1.0,-1.0,3.0,-1.0,-1.0,0.0
12,135,1.0147958370261052,12.0,-1.0,-1.0,-1.0,6.0,6.0,-1.0
13,135,6.409245160301859,0.0,-1.0,-1.0,-1.0,-1.0,1.0,-1.0
14,135,2.697065927160138,6.291426687616946,-1.0,-1.0,-1.0,-1.0,3.0,-1.0
0,140,8.984973596719351,4.637566773849846,-1.0,-1.0,4.0,-1.0,-1.0,-1.0
1,140,7.254566275504251,0.5931317416651741,-1.0,1.0,2.0,1.0,-1.0,1.0
2,140,9.364223263424606,3.992485138893053,-1.0,-1.0,5.0,-1.0,2.0,-1.0
3,140,5.994502138342915,11.321793461340842,-1.0,7.0,8.0,-1.0,7.0,-1.0
4,140,1.8966852182177247,0.5322956139761765,-1.0,-1.0,0.0,-1.0,0.0,-1.0
5,140,4.841190589688143,11.366809494346851,7.0,-1.0,-1.0,-1.0,7.0,-1.0
6,140,10.636715810534282,4.737395889842591,-1.0,-1.0,-1.0,-1.0,-1.0,5.0
7,140,6.771150015649754,3.3458080098697995,-1.0,1.0,-1.0,-1.0,-1.0,-1.0
8,140,2.858001129165888,8.004005317115608,-1.0,-1.0,-1.0,-1.0,6.0,-1.0
9,140,2.4525518606076107,8.906135637286429,7.0,-1.0,6.0,-1.0,-1.0,-1.0
10,140,1.8208729698045605,2.3559654681669104,-1.0,-1.0,-1.0,0.0,0.0,-1.0
11,140,0.4033076640005673,2.7506236916032947,-1.0,-1.0,3.0,-1.0,-1.0,0.0
12,140,1.025667366867565,12.0,-1.0,-1.0,-1.0,6.0,6.0,-1.0
13,140,6.349033168810399,0.0,-1.0,-1.0,-1.0,-1.0,1.0,-1.0
14,140,2.6405791219528343,6.4044476042337095,-1.0,-1.0,-1.0,-1.0,3.0,-1.0
0,145,8.989967099282078,4.625055869874661,-1.0,-1.0,4.0,-1.0,-1.0,-1.0
1,145,7.261803404837106,0.5815165183653385,-1.0,1.0,2.0,1.0,-1.0,1.0
2,145,9.354772784648034,3.9933275248672913,-1.0,-1.0,5.0,-1.0,2.0,-1.0
3,145,5.973476311528084,11.347161995685347,-1.0,7.0,8.0,-1.0,7.0,-1.0
4,145,1.972274118329085,0.5522477709605367,-1.0,-1.0,0.0,-1.0,0.0,-1.0
5,145,4.853693109798615,11.368019981661122,7.0,-1.0,-1.0,-1.0,7.0,-1.0
6,145,10.540163550314922,4.604598953612027,-1.0,-1.0,-1.0,-1.0,-1.0,5.0
7,145,6.7513977326365815,3.443973310162356,-1.0,1.0,-1.0,-1.0,-1.0,-1.0
8,145,2.898188666669369,7.991244180517834,-1.0,-1.0,-1.0,-1.0,3.0,-1.0
9,145,2.4173038128099256,8.965150233296425,7.0,-1.0,6.0,-1.0,-1.0,-1.0
10,145,1.8233766547884216,2.405165576344735,-1.0,-1.0,-1.0,0.0,0.0,-1.0
11,145,0.2649735998797505,2.6731206484365795,-1.0,-1.0,3.0,-1.0,-1.0,0.0
12,145,1.040051481244912,12.0,-1.0,-1.0,-1.0,6.0,6.0,-1.0
13,145,6.28407629839165,0.0,-1.0,-1.0,-1.0,-1.0,1.0,-1.0
14,145,2.573448222206316,6.52984407161516,-1.0,-1.0,-1.0,-1.0,3.0,-1.0
0,150,8.986818349625318,4.633204457196847,-1.0,-1.0,4.0,-1.0,-1.0,-1.0
1,150,7.267241553581623,0.5730501611668588,-1.0,1.0,2.0,1.0,-1.0,1.0
2,150,9.354191200526785,3.993376583978747,-1.0,-1.0,5.0,-1.0,2.0,-1.0
3,150,5.963129503562624,11.361114902395345,-1.0,7.0,8.0,-1.0,7.0,-1.0
4,150,2.06314947798462,0.576403570542475,-1.0,-1.0,0.0,-1.0,0.0,-1.0
5,150,4.852230865317808,11.381923365118444,7.0,-1.0,-1.0,-1.0,7.0,-1.0
6,150,10.449972876638064,4.479914683100096,-1.0,-1.0,-1.0,-1.0,-1.0,5.0
7,150,6.728189407829801,3.5547012719745053,-1.0,1.0,-1.0,-1.0,-1.0,-1.0
8,150,2.928034596796835,7.98224521554564,-1.0,-1.0,-1.0,-1.0,3.0,-1.0
9,150,2.386363694283552,9.016689474656124,7.0,-1.0,6.0,-1.0,-1.0,-1.0
10,150,1.824942226121709,2.43893117321066,-1.0,-1.0,-1.0,0.0,0.0,-1.0
11,150,0.1176208775883877,2.592557603119322,-1.0,-1.0,3.0,-1.0,-1.0,0.0
12,150,1.05671803964946,12.0,-1.0,-1.0,-1.0,6.0,6.0,-1.0
13,150,6.229166867195415,0.0639582737130961,-1.0,-1.0,-1.0,-1.0,1.0,-1.0
14,150,2.5041693415350874,6.657334078387046,-1.0,-1.0,-1.0,-1.0,3.0,-1.0
0,155,8.983723942840175,4.641974223627587,-1.0,-1.0,4.0,-1.0,-1.0,-1.0
1,155,7.275292549083449,0.5605763427264612,-1.0,1.0,2.0,1.0,-1.0,1.0
2,155,9.377164284896075,3.991075519148682,-1.0,-1.0,5.0,-1.0,2.0,-1.0
3,155,5.952975046733405,11.374956664956,-1.0,7.0,8.0,-1.0,7.0,-1.0
4,155,2.1459621758052005,0.6008787944794998,-1.0,-1.0,0.0,-1.0,0.0,-1.0
5,155,4.851436336282776,11.38865441025364,7.0,-1.0,-1.0,-1.0,7.0,-1.0
6,155,10.366300065931023,4.367756699052361,-1.0,-1.0,-1.0,-1.0,-1.0,5.0
7,155,6.706655099701552,3.664001264188103,-1.0,1.0,-1.0,-1.0,-1.0,-1.0
8,155,2.968155680349322,7.970974206882938,-1.0,-1.0,-1.0,-1.0,3.0,-1.0
9,155,2.3500770203936274,9.078282887161652,7.0,-1.0,6.0,-1.0,-1.0,-1.0
10,155,1.827724831108975,2.47474983706417,-1.0,-1.0,-1.0,0.0,0.0,-1.0
11,155,0.0,2.4997861679318896,-1.0,-1.0,3.0,-1.0,-1.0,0.0
12,155,1.0753704761396283,12.0,-1.0,-1.0,-1.0,6.0,6.0,-1.0
13,155,6.170858743734679,0.1320215556301237,-1.0,-1.0,-1.0,-1.0,1.0,-1.0
14,155,2.434173365524266,6.781606796505935,-1.0,-1.0,-1.0,-1.0,3.0,-1.0
0,160,8.966404492438858,4.691574277366923,-1.0,-1.0,4.0,-1.0,-1.0,-1.0
1,160,7.286585230210319,0.5424432488170767,-1.0,1.0,2.0,1.0,-1.0,1.0
2,160,9.403415712107613,3.987979791632729,-1.0,-1.0,5.0,-1.0,2.0,-1.0
3,160,5.924816058384007,11.412633423109414,-1.0,7.0,8.0,-1.0,7.0,-1.0
4,160,2.232116737723,0.6274463639226775,-1.0,-1.0,0.0,-1.0,0.0,-1.0
5,160,4.851745929979856,11.38620836728053,7.0,-1.0,-1.0,-1.0,7.0,-1.0
6,160,10.278846405596443,4.248169077379559,-1.0,-1.0,-1.0,-1.0,-1.0,5.0
7,160,6.689726707191988,3.742790001760525,-1.0,1.0,-1.0,-1.0,-1.0,-1.0
8,160,3.005839401737337,7.960685896117175,-1.0,-1.0,-1.0,-1.0,3.0,-1.0
9,160,2.3123207316879117,9.1455912955759,7.0,-1.0,6.0,-1.0,-1.0,-1.0
10,160,1.829005839021733,2.4910366619260587,-1.0,-1.0,-1.0,0.0,0.0,-1.0
11,160,0.0,2.4092338600623373,-1.0,-1.0,3.0,-1.0,-1.0,0.0
12,160,1.101198440164304,12.0,-1.0,-1.0,-1.0,6.0,6.0,-1.0
13,160,6.138489765198751,0.171910828971614,-1.0,-1.0,-1.0,-1.0,1.0,-1.0
14,160,2.370783302587504,6.899230072474145,-1.0,-1.0,-1.0,-1.0,3.0,-1.0
0,165,9.026024305982732,4.710690477915231,-1.0,-1.0,4.0,-1.0,-1.0,-1.0
1,165,7.30383880785091,0.5157055204536466,-1.0,1.0,2.0,1.0,-1.0,1.0
2,165,9.43109757574571,3.985665599156165,-1.0,-1.0,5.0,-1.0,2.0,-1.0
3,165,5.905704676743582,11.438234262146622,-1.0,7.0,8.0,-1.0,7.0,-1.0
4,165,2.321409527746842,0.6535337985924917,-1.0,-1.0,0.0,-1.0,0.0,-1.0
5,165,4.854860093957616,11.361559434730758,7.0,-1.0,-1.0,-1.0,7.0,-1.0
6,165,10.19063271562449,4.130865313968442,-1.0,-1.0,-1.0,-1.0,-1.0,5.0
7,165,6.670638510037836,3.8256498959733607,-1.0,1.0,-1.0,-1.0,-1.0,-1.0
8,165,3.040339876230145,7.950690786523624,-1.0,-1.0,-1.0,-1.0,3.0,-1.0
9,165,2.2755115735654856,9.214777034313048,7.0,-1.0,6.0,-1.0,-1.0,-1.0
10,165,1.83188981193054,2.523229859706635,-1.0,-1.0,-1.0,0.0,0.0,-1.0
11,165,0.0,2.311445125662273,-1.0,-1.0,3.0,-1.0,-1.0,0.0
12,165,1.1235621557167093,12.0,-1.0,-1.0,-1.0,6.0,6.0,-1.0
13,165,6.105143051240264,0.2137970222576409,-1.0,-1.0,-1.0,-1.0,1.0,-1.0
14,165,2.3042762900652773,7.022071846670626,-1.0,-1.0,-1.0,-1.0,3.0,-1.0
0,170,9.06815114429733,4.7252483458534185,-1.0,-1.0,4.0,-1.0,-1.0,-1.0
1,170,7.331616072896051,0.4723763420245254,-1.0,1.0,2.0,1.0,-1.0,1.0
2,170,9.464758896155978,3.9831269845847017,-1.0,-1.0,5.0,-1.0,2.0,-1.0
3,170,5.853297378556249,11.400284100572197,-1.0,7.0,8.0,-1.0,7.0,-1.0
4,170,2.416303072161576,0.6818030782768545,-1.0,-1.0,0.0,-1.0,0.0,-1.0
5,170,4.856984496613927,11.340969396351024,7.0,-1.0,-1.0,-1.0,7.0,-1.0
6,170,10.05707530557917,4.230280814181167,-1.0,-1.0,-1.0,-1.0,-1.0,5.0
7,170,6.650901776353768,3.904744522764645,-1.0,1.0,-1.0,-1.0,-1.0,-1.0
8,170,3.07034467549744,7.942501383744048,-1.0,-1.0,-1.0,-1.0,3.0,-1.0
9,170,2.235477504929442,9.294248682080491,7.0,-1.0,6.0,-1.0,-1.0,-1.0
10,170,1.8329279028634284,2.5353333254614454,-1.0,-1.0,-1.0,0.0,0.0,-1.0
11,170,0.0,2.2073076064999437,-1.0,-1.0,3.0,-1.0,-1.0,0.0
12,170,1.1476475747033867,12.0,-1.0,-1.0,-1.0,6.0,6.0,-1.0
13,170,6.065724518582099,0.261767967780542,-1.0,-1.0,-1.0,-1.0,1.0,-1.0
14,170,2.226429901004433,7.169017045749152,-1.0,-1.0,-1.0,-1.0,3.0,-1.0
0,175,9.091150893321652,4.733461514672199,-1.0,-1.0,4.0,-1.0,-1.0,-1.0
1,175,7.372395591630085,0.4119016205983248,-1.0,1.0,2.0,1.0,-1.0,1.0
2,175,9.51913441982266,3.979342683907019,-1.0,-1.0,5.0,-1.0,2.0,-1.0
3,175,5.794772186891868,11.35671144034251,-1.0,7.0,8.0,-1.0,7.0,-1.0
4,175,2.5102752397023558,0.7108344646868647,-1.0,-1.0,0.0,-1.0,0.0,-1.0
5,175,4.859812558317321,11.320801308259684,7.0,-1.0,-1.0,-1.0,7.0,-1.0
6,175,9.93979618074578,4.323524532500761,-1.0,-1.0,-1.0,-1.0,-1.0,5.0
7,175,6.634926842445858,3.969969273774123,-1.0,1.0,-1.0,-1.0,-1.0,-1.0
8,175,3.097048596974914,7.935693496424602,-1.0,-1.0,-1.0,-1.0,3.0,-1.0
9,175,2.189505262298918,9.39056536020967,7.0,-1.0,6.0,-1.0,-1.0,-1.0
10,175,1.8339492909956576,2.5485521713867643,-1.0,-1.0,-1.0,0.0,0.0,-1.0
11,175,0.0,2.1069794375997706,-1.0,-1.0,3.0,-1.0,-1.0,0.0
12,175,1.1713582048346614,12.0,-1.0,-1.0,-1.0,6.0,6.0,-1.0
13,175,6.036230127436,0.2982105223213053,-1.0,-1.0,-1.0,-1.0,1.0,-1.0
14,175,2.1451846915100328,7.325490696681606,-1.0,-1.0,-1.0,-1.0,3.0,-1.0
0,180,9.11633952355754,4.742550808242523,-1.0,-1.0,4.0,-1.0,-1.0,-1.0
1,180,7.425985006590069,0.4479353690888484,-1.0,1.0,2.0,1.0,-1.0,1.0
2,180,9.56726319810924,3.9765541732857104,-1.0,-1.0,5.0,-1.0,2.0,-1.0
3,180,5.744391925581865,11.318143832968724,-1.0,7.0,8.0,-1.0,7.0,-1.0
4,180,2.6004964868095573,0.7375566550835033,-1.0,-1.0,0.0,-1.0,0.0,-1.0
5,180,4.868196937398692,11.266240876127291,7.0,-1.0,-1.0,-1.0,7.0,-1.0
6,180,9.843950810239487,4.402991557557235,-1.0,-1.0,-1.0,-1.0,-1.0,5.0
7,180,6.619009976595035,4.030918718317383,-1.0,1.0,-1.0,-1.0,-1.0,-1.0
8,180,3.12544244086117,7.927849121524595,-1.0,-1.0,-1.0,-1.0,3.0,-1.0
9,180,2.1334428459609924,9.500618606221929,7.0,-1.0,6.0,-1.0,-1.0,-1.0
10,180,1.835768268149338,2.5707561690648806,-1.0,-1.0,-1.0,0.0,0.0,-1.0
11,180,0.0,1.997896942688364,-1.0,-1.0,3.0,-1.0,-1.0,0.0
12,180,1.2432808386222902,11.974241579981449,-1.0,-1.0,-1.0,6.0,6.0,-1.0
13,180,6.0022620439560095,0.3398907468454897,-1.0,-1.0,-1.0,-1.0,1.0,-1.0
14,180,2.0556391049944813,7.488269993335573,-1.0,-1.0,-1.0,-1.0,3.0,-1.0
0,185,9.124093447417144,4.745431645975653,-1.0,-1.0,4.0,-1.0,-1.0,-1.0
1,185,7.483847996294386,0.4872597105919881,-1.0,1.0,2.0,1.0,-1.0,1.0
2,185,9.626327779374492,3.974554336338733,-1.0,-1.0,5.0,-1.0,2.0,-1.0
3,185,5.695488337933431,11.280753737788643,-1.0,7.0,8.0,-1.0,7.0,-1.0
4,185,2.6861866283696463,0.7632509240700429,-1.0,-1.0,0.0,-1.0,0.0,-1.0
5,185,4.880835617091974,11.195883275871882,7.0,-1.0,-1.0,-1.0,7.0,-1.0
6,185,9.7409990240076,4.487455127801975,-1.0,-1.0,-1.0,-1.0,-1.0,5.0
7,185,6.606457022439491,4.078393564360322,-1.0,1.0,-1.0,-1.0,-1.0,-1.0
8,185,3.1506261072617354,7.920525802997675,-1.0,-1.0,-1.0,-1.0,3.0,-1.0
9,185,2.069488104188382,9.621644078991336,7.0,-1.0,6.0,-1.0,-1.0,-1.0
10,185,1.8372876076380544,2.600896876169764,-1.0,-1.0,-1.0,0.0,0.0,-1.0
11,185,0.0,1.8986128565188072,-1.0,-1.0,3.0,-1.0,-1.0,0.0
12,185,1.308880805950168,11.949219872426209,-1.0,-1.0,-1.0,6.0,6.0,-1.0
13,185,5.968303155149981,0.3830598387026286,-1.0,-1.0,-1.0,-1.0,1.0,-1.0
14,185,1.9782627307757172,7.639974356190342,-1.0,-1.0,-1.0,-1.0,3.0,-1.0
0,190,9.159568051426506,4.759786833747422,-1.0,-1.0,4.0,-1.0,-1.0,-1.0
1,190,7.560166852403636,0.5391437679334952,-1.0,1.0,2.0,1.0,-1.0,1.0
2,190,9.624138540527555,3.884020448285297,-1.0,-1.0,5.0,-1.0,2.0,-1.0
3,190,5.6456217413630885,11.2437129733845,-1.0,7.0,8.0,-1.0,7.0,-1.0
4,190,2.77060930047862,0.7858419569776014,-1.0,-1.0,0.0,-1.0,0.0,-1.0
5,190,4.894235902080368,11.126811945249038,7.0,-1.0,-1.0,-1.0,7.0,-1.0
6,190,9.662959957161256,4.554095045347711,-1.0,-1.0,-1.0,-1.0,-1.0,5.0
7,190,6.595805529587402,4.123538684727865,-1.0,1.0,-1.0,-1.0,-1.0,-1.0
8,190,3.1862693445861563,7.910260169717679,-1.0,-1.0,-1.0,-1.0,3.0,-1.0
9,190,2.003486315436639,9.747108184358906,7.0,-1.0,6.0,-1.0,-1.0,-1.0
10,190,1.840960761508352,2.6545216691855007,-1.0,-1.0,-1.0,0.0,0.0,-1.0
11,190,0.0,1.7985746312369737,-1.0,-1.0,3.0,-1.0,-1.0,0.0
12,190,1.3804278742273148,11.922168687816818,-1.0,-1.0,-1.0,6.0,6.0,-1.0
13,190,5.923988078189029,0.4371258309663644,-1.0,-1.0,-1.0,-1.0,1.0,-1.0
14,190,1.8884532412135904,7.813879947175927,-1.0,-1.0,-1.0,-1.0,3.0,-1.0
0,195,9.19937672811842,4.77557495860766,-1.0,-1.0,4.0,-1.0,-1.0,-1.0
1,195,7.652944395904193,0.6003754515614295,-1.0,1.0,2.0,1.0,-1.0,1.0
2,195,9.622145250631666,3.7825430683448142,-1.0,-1.0,5.0,-1.0,2.0,-1.0
3,195,5.589055458194373,11.20055855723456,-1.0,7.0,8.0,-1.0,7.0,-1.0
4,195,2.863373735322324,0.8088170903455346,-1.0,-1.0,0.0,-1.0,0.0,-1.0
5,195,4.905480448461565,11.067894877838896,7.0,-1.0,-1.0,-1.0,7.0,-1.0
6,195,9.57847122000123,4.629750367427992,-1.0,-1.0,-1.0,-1.0,-1.0,5.0
7,195,6.5827313769623474,4.18298304074463,-1.0,1.0,-1.0,-1.0,-1.0,-1.0
8,195,3.19011988291868,7.90913569852003,-1.0,-1.0,-1.0,-1.0,3.0,-1.0
9,195,1.9217199472250708,9.90364531241614,7.0,-1.0,6.0,-1.0,-1.0,-1.0
10,195,1.843724036178452,2.703409531686386,-1.0,-1.0,-1.0,0.0,0.0,-1.0
11,195,0.0,1.702479802724431,-1.0,-1.0,3.0,-1.0,-1.0,0.0
12,195,1.4474879052522318,11.89858976354396,-1.0,-1.0,-1.0,6.0,6.0,-1.0
13,195,5.874614172153165,0.4926477372427126,-1.0,-1.0,-1.0,-1.0,1.0,-1.0
14,195,1.7998593261518916,7.988832751300708,-1.0,-1.0,-1.0,-1.0,3.0,-1.0
0,200,9.233692874535215,4.788687232889172,-1.0,-1.0,5.0,-1.0,-1.0,-1.0
1,200,7.736571165644633,0.6542085130801498,-1.0,4.0,1.0,1.0,-1.0,1.0
2,200,9.616858778204229,3.6791140334095616,-1.0,-1.0,2.0,-1.0,2.0,-1.0
3,200,5.538855322120434,11.16204542960874,-1.0,7.0,8.0,-1.0,7.0,-1.0
4,200,2.9581946958605823,0.8298836241186557,-1.0,-1.0,0.0,-1.0,0.0,-1.0
5,200,4.917849963567947,11.002571410234694,7.0,-1.0,-1.0,-1.0,7.0,-1.0
6,200,9.485547537426545,4.71215019830236,-1.0,-1.0,-1.0,-1.0,-1.0,5.0
7,200,6.569920393756545,4.244634556601581,-1.0,4.0,-1.0,-1.0,-1.0,-1.0
8,200,3.207032678532837,7.903828726554942,-1.0,-1.0,-1.0,-1.0,3.0,-1.0
9,200,1.848748043964572,10.043958619746544,7.0,-1.0,6.0,-1.0,-1.0,-1.0
10,200,1.8459375852128108,2.7549451141435246,-1.0,-1.0,-1.0,0.0,0.0,-1.0
11,200,0.0,1.6020354524520202,-1.0,-1.0,3.0,-1.0,-1.0,0.0
12,200,1.4885719797481076,11.885349034194002,-1.0,-1.0,-1.0,6.0,6.0,-1.0
13,200,5.819880295463931,0.553077440020676,-1.0,-1.0,-1.0,-1.0,1.0,-1.0
14,200,1.7173791348187382,8.154926596543927,-1.0,-1.0,-1.0,-1.0,6.0,-1.0
0,205,9.275694831799948,4.805196825047829,-1.0,-1.0,5.0,-1.0,-1.0,-1.0
1,205,7.828360351799327,0.7136325155912725,-1.0,4.0,1.0,1.0,-1.0,1.0
2,205,9.614689993827843,3.5800559825576608,-1.0,-1.0,2.0,-1.0,2.0,-1.0
3,205,5.4798551248898,11.11677009566135,-1.0,7.0,8.0,-1.0,7.0,-1.0
4,205,3.061690915648758,0.8526620045633794,-1.0,-1.0,0.0,-1.0,0.0,-1.0
5,205,4.930203036311003,10.936545900181448,7.0,-1.0,-1.0,-1.0,7.0,-1.0
6,205,9.3816311218778,4.803684106840638,-1.0,-1.0,-1.0,-1.0,-1.0,5.0
7,205,6.560215304708399,4.2953324636217625,-1.0,4.0,-1.0,-1.0,-1.0,-1.0
8,205,3.237696103771581,7.893798349024605,-1.0,-1.0,-1.0,-1.0,3.0,-1.0
9,205,1.7684529746579374,10.195555287657005,7.0,-1.0,6.0,-1.0,-1.0,-1.0
10,205,1.8475518975137464,2.7985359924843496,-1.0,-1.0,-1.0,0.0,0.0,-1.0
11,205,0.0,1.4893073939045522,-1.0,-1.0,3.0,-1.0,-1.0,0.0
12,205,1.5204931494786442,11.87498946121055,-1.0,-1.0,-1.0,6.0,6.0,-1.0
13,205,5.760364730315515,0.6151438588402549,-1.0,-1.0,-1.0,-1.0,1.0,-1.0
14,205,1.633824967689432,8.321267184063487,-1.0,-1.0,-1.0,-1.0,6.0,-1.0
0,210,9.295104041790465,4.813119654620704,-1.0,-1.0,5.0,-1.0,-1.0,-1.0
1,210,7.933387213895564,0.7818113065678286,-1.0,4.0,1.0,1.0,-1.0,1.0
2,210,9.613820944294249,3.4747768510322348,-1.0,-1.0,2.0,-1.0,2.0,-1.0
3,210,5.445639735108981,11.09054120338856,-1.0,7.0,8.0,-1.0,7.0,-1.0
4,210,3.1589233681930136,0.8734403027340457,-1.0,-1.0,0.0,-1.0,0.0,-1.0
5,210,4.94163184010291,10.874626019751968,7.0,-1.0,-1.0,-1.0,7.0,-1.0
6,210,9.280135483267356,4.90105800945268,-1.0,-1.0,-1.0,-1.0,-1.0,5.0
7,210,6.552803858588597,4.3319462682694905,-1.0,4.0,-1.0,-1.0,-1.0,-1.0
8,210,3.293094834657252,7.876186726259338,-1.0,-1.0,-1.0,-1.0,3.0,-1.0
9,210,1.6869279354168656,10.348150044796284,7.0,-1.0,6.0,-1.0,-1.0,-1.0
10,210,1.8514723071008143,2.880104366442796,-1.0,-1.0,-1.0,0.0,0.0,-1.0
11,210,0.0,1.3614389627504733,-1.0,-1.0,3.0,-1.0,-1.0,0.0
12,210,1.5679087104887337,11.860659575093196,-1.0,-1.0,-1.0,6.0,6.0,-1.0
13,210,5.719800334618505,0.6593398813297002,-1.0,-1.0,-1.0,-1.0,1.0,-1.0
14,210,1.545777578723586,8.49507089183147,-1.0,-1.0,-1.0,-1.0,6.0,-1.0
0,215,9.328449808176911,4.82717013623722,-1.0,-1.0,5.0,-1.0,-1.0,-1.0
1,215,8.031853805318312,0.8482916765152254,-1.0,4.0,1.0,2.0,-1.0,2.0
2,215,9.614121149507262,3.3489068300840548,-1.0,-1.0,2.0,-1.0,2.0,-1.0
3,215,5.436469692576009,11.083403475395858,-1.0,7.0,8.0,-1.0,7.0,-1.0
4,215,3.246784390251221,0.8919130217178739,-1.0,-1.0,0.0,-1.0,0.0,-1.0
5,215,4.948368215374698,10.844332821675325,7.0,-1.0,-1.0,-1.0,7.0,-1.0
6,215,9.174435217846876,5.00942438811136,-1.0,-1.0,-1.0,-1.0,-1.0,5.0
7,215,6.543522816356894,4.378984934900918,-1.0,4.0,-1.0,-1.0,-1.0,-1.0
8,215,3.3523007598041845,7.857366707438325,-1.0,-1.0,-1.0,-1.0,3.0,-1.0
9,215,1.6196603057558467,10.482904101666245,7.0,-1.0,6.0,-1.0,-1.0,-1.0
10,215,1.853846077080873,2.945414001173634,-1.0,-1.0,-1.0,0.0,0.0,-1.0
11,215,0.0,1.2246875675233275,-1.0,-1.0,3.0,-1.0,-1.0,0.0
12,215,1.5845914513390529,11.855875082551623,-1.0,-1.0,-1.0,6.0,6.0,-1.0
13,215,5.676383896509474,0.7070997721086852,-1.0,-1.0,-1.0,-1.0,1.0,-1.0
14,215,1.4611120189277935,8.66715340657783,-1.0,-1.0,-1.0,-1.0,6.0,-1.0
0,220,9.362804367725044,4.842384236028768,-1.0,-1.0,5.0,-1.0,-1.0,-1.0
1,220,8.14958059340717,0.93346077253971,-1.0,4.0,1.0,2.0,-1.0,2.0
2,220,9.615171016604648,3.257722011799979,-1.0,-1.0,2.0,-1.0,2.0,-1.0
3,220,5.453851263373218,11.09574089112318,-1.0,7.0,8.0,-1.0,7.0,-1.0
4,220,3.3423036903984444,0.913638096900886,-1.0,-1.0,0.0,-1.0,0.0,-1.0
5,220,4.96228304826562,10.780628046062668,7.0,-1.0,-1.0,-1.0,7.0,-1.0
6,220,9.088244032044257,5.096630386720777,-1.0,-1.0,-1.0,-1.0,-1.0,5.0
7,220,6.529262975943626,4.444211661925996,-1.0,4.0,-1.0,-1.0,-1.0,-1.0
8,220,3.3997282258869754,7.841992170377143,-1.0,-1.0,-1.0,-1.0,3.0,-1.0
9,220,1.5417178860463514,10.63067603353331,7.0,-1.0,6.0,-1.0,-1.0,-1.0
10,220,1.8568685252434536,3.019511774986656,-1.0,-1.0,-1.0,0.0,0.0,-1.0
11,220,0.0,1.0920378652316851,-1.0,-1.0,3.0,-1.0,-1.0,0.0
12,220,1.5980019466826887,11.852056251714924,-1.0,-1.0,-1.0,6.0,6.0,-1.0
13,220,5.623451985195,0.7632240806165395,-1.0,-1.0,-1.0,-1.0,1.0,-1.0
14,220,1.3664100022501808,8.865404113792508,-1.0,-1.0,-1.0,-1.0,6.0,-1.0
0,225,9.42637326052108,4.871342061845673,-1.0,-1.0,5.0,-1.0,-1.0,-1.0
1,225,8.25060931290805,1.0110090364878348,-1.0,4.0,1.0,2.0,-1.0,2.0
2,225,9.617277008759071,3.1630685095444675,-1.0,-1.0,2.0,-1.0,2.0,-1.0
3,225,5.468579293008709,11.10637911986598,-1.0,7.0,8.0,-1.0,7.0,-1.0
4,225,3.458680066793486,0.941625164521556,-1.0,-1.0,0.0,-1.0,0.0,-1.0
5,225,4.971232091733938,10.736561184761088,7.0,-1.0,-1.0,-1.0,7.0,-1.0
6,225,9.00186443243246,5.181736506316598,-1.0,-1.0,-1.0,-1.0,-1.0,5.0
7,225,6.514074859875129,4.509251346038815,-1.0,4.0,-1.0,-1.0,-1.0,-1.0
8,225,3.4685724403240754,7.823369829212089,-1.0,-1.0,-1.0,-1.0,3.0,-1.0
9,225,1.4710927497070152,10.767561849443622,7.0,-1.0,6.0,-1.0,-1.0,-1.0
10,225,1.8598276673979888,3.0888454907248386,-1.0,-1.0,-1.0,0.0,0.0,-1.0
11,225,0.0,0.9579960653524312,-1.0,-1.0,3.0,-1.0,-1.0,0.0
12,225,1.6250932964188147,11.84464444374237,-1.0,-1.0,-1.0,6.0,6.0,-1.0
13,225,5.550823663942308,0.8402225307225004,-1.0,-1.0,-1.0,-1.0,1.0,-1.0
14,225,1.2862678493654065,9.040072743860744,-1.0,-1.0,-1.0,-1.0,6.0,-1.0
0,230,9.509712415302646,4.910145603229364,-1.0,-1.0,5.0,-1.0,-1.0,-1.0
1,230,8.349449117532014,1.0840762194453248,-1.0,4.0,1.0,2.0,-1.0,2.0
2,230,9.620848175029538,3.0774288967800487,-1.0,-1.0,2.0,-1.0,2.0,-1.0
3,230,5.501153762868502,11.12965883533594,-1.0,7.0,8.0,-1.0,7.0,-1.0
4,230,3.564753597860082,0.9668158458429784,-1.0,-1.0,0.0,-1.0,0.0,-1.0
5,230,4.983215960216845,10.66794289808775,7.0,-1.0,-1.0,-1.0,7.0,-1.0
6,230,8.919189065493915,5.263986170622706,-1.0,-1.0,-1.0,-1.0,-1.0,5.0
7,230,6.498062286083062,4.574833156587854,-1.0,4.0,-1.0,-1.0,-1.0,-1.0
8,230,3.547836153512837,7.79910779091881,-1.0,-1.0,-1.0,-1.0,3.0,-1.0
9,230,1.4047108391092022,10.897522725423828,7.0,-1.0,6.0,-1.0,-1.0,-1.0
10,230,1.863652792050814,3.166067261675797,-1.0,-1.0,-1.0,0.0,0.0,-1.0
11,230,0.0,0.8202041478039332,-1.0,-1.0,3.0,-1.0,-1.0,0.0
12,230,1.661269706796162,11.835123451390436,-1.0,-1.0,-1.0,6.0,6.0,-1.0
13,230,5.480402890811703,0.9146448738885794,-1.0,-1.0,-1.0,-1.0,1.0,-1.0
14,230,1.2043753428755992,9.209112748537654,-1.0,-1.0,-1.0,-1.0,6.0,-1.0
0,235,9.590487103681278,4.947672457963919,-1.0,-1.0,5.0,-1.0,-1.0,-1.0
1,235,8.454052027568725,1.1620882792130094,-1.0,4.0,1.0,2.0,-1.0,2.0
2,235,9.626575867877664,3.0025190251102685,-1.0,-1.0,2.0,-1.0,2.0,-1.0
3,235,5.529444107597035,11.149860153391696,-1.0,7.0,8.0,-1.0,7.0,-1.0
4,235,3.676477362854929,0.9929300942584144,-1.0,-1.0,0.0,-1.0,0.0,-1.0
5,235,5.052913813626169,10.678014837298262,7.0,-1.0,-1.0,-1.0,7.0,-1.0
6,235,8.823512678526226,5.358227019866888,-1.0,-1.0,-1.0,-1.0,-1.0,5.0
7,235,6.48230480930168,4.643625030940954,-1.0,4.0,-1.0,-1.0,-1.0,-1.0
8,235,3.617622938746576,7.776711839272393,-1.0,-1.0,-1.0,-1.0,3.0,-1.0
9,235,1.34261341144534,11.018516210623972,7.0,-1.0,6.0,-1.0,-1.0,-1.0
10,235,1.8661530240184527,3.247170289929305,-1.0,-1.0,-1.0,0.0,0.0,-1.0
11,235,0.0,0.6648216899734881,-1.0,-1.0,3.0,-1.0,-1.0,0.0
12,235,1.7250646654861357,11.818117832947896,-1.0,-1.0,-1.0,6.0,6.0,-1.0
13,235,5.4037042306535925,0.9907725522487104,-1.0,-1.0,-1.0,-1.0,1.0,-1.0
14,235,1.1112380008630085,9.401410089416688,-1.0,-1.0,-1.0,-1.0,6.0,-1.0
0,240,9.686430352327234,4.992771594192263,-1.0,-1.0,5.0,-1.0,-1.0,-1.0
1,240,8.554869135302692,1.2350895089943406,-1.0,4.0,1.0,2.0,-1.0,2.0
2,240,9.631201924392643,2.9370330189460407,-1.0,-1.0,2.0,-1.0,2.0,-1.0
3,240,5.554226466769755,11.167981586690797,-1.0,7.0,8.0,-1.0,7.0,-1.0
4,240,3.77319619874352,1.015559262079466,-1.0,-1.0,3.0,-1.0,0.0,-1.0
5,240,5.121586725584454,10.687409571068844,7.0,-1.0,-1.0,-1.0,7.0,-1.0
6,240,8.73442625689024,5.446100332799187,-1.0,-1.0,-1.0,-1.0,-1.0,5.0
7,240,6.467717919451185,4.705283688493032,-1.0,4.0,-1.0,-1.0,-1.0,-1.0
8,240,3.7101392399425777,7.745475277590502,-1.0,-1.0,-1.0,-1.0,3.0,-1.0
9,240,1.2789388614705473,11.138451237055268,7.0,-1.0,6.0,-1.0,-1.0,-1.0
10,240,1.865689349299407,3.3154599414534527,-1.0,-1.0,-1.0,0.0,0.0,-1.0
11,240,0.0,0.5109047055840862,-1.0,-1.0,0.0,-1.0,-1.0,0.0
12,240,1.8110234428390533,11.79290377559239,-1.0,-1.0,-1.0,6.0,6.0,-1.0
13,240,5.32565447147929,1.0697406451531155,-1.0,-1.0,-1.0,-1.0,1.0,-1.0
14,240,1.0043846002733234,9.629338556411868,-1.0,-1.0,-1.0,-1.0,6.0,-1.0
0,245,9.799730918555005,5.044846379841783,-1.0,-1.0,5.0,-1.0,-1.0,-1.0
1,245,8.651205101636984,1.3047083980211855,-1.0,4.0,1.0,2.0,-1.0,2.0
2,245,9.634610289478754,2.870391804875711,-1.0,-1.0,2.0,-1.0,2.0,-1.0
3,245,5.584144888640671,11.18838514059838,-1.0,7.0,8.0,-1.0,7.0,-1.0
4,245,3.8502998056573143,1.0345391683349958,-1.0,-1.0,3.0,-1.0,0.0,-1.0
5,245,5.178084402790389,10.69449012834924,7.0,-1.0,-1.0,-1.0,7.0,-1.0
6,245,8.65053383799695,5.528529196239385,-1.0,-1.0,-1.0,-1.0,-1.0,5.0
7,245,6.450110752641958,4.783112754671941,-1.0,4.0,-1.0,-1.0,-1.0,-1.0
8,245,3.766777324901642,7.725747800529904,-1.0,-1.0,-1.0,-1.0,3.0,-1.0
9,245,1.220567628769016,11.246958421275432,7.0,-1.0,6.0,-1.0,-1.0,-1.0
10,245,1.8667088340686877,3.377383996893653,-1.0,-1.0,-1.0,0.0,0.0,-1.0
11,245,0.0,0.345539985987581,-1.0,-1.0,0.0,-1.0,-1.0,0.0
12,245,1.8914657682478584,11.770046907172684,-1.0,-1.0,-1.0,6.0,6.0,-1.0
13,245,5.264792841607878,1.1303252036485325,-1.0,-1.0,-1.0,-1.0,1.0,-1.0
14,245,1.2317518106603151,9.735857562356763,-1.0,-1.0,-1.0,-1.0,6.0,-1.0
0,250,9.92086615786084,5.100553148036323,-1.0,-1.0,5.0,-1.0,-1.0,-1.0
1,250,8.740965102931591,1.370452277900656,-1.0,4.0,1.0,2.0,-1.0,2.0
2,250,9.639789164438762,2.7983745736966625,-1.0,-1.0,2.0,-1.0,2.0,-1.0
3,250,5.611091311282613,11.20734312084674,-1.0,7.0,8.0,-1.0,7.0,-1.0
4,250,3.9333688238818993,1.0546445466670296,-1.0,-1.0,3.0,-1.0,0.0,-1.0
5,250,5.224561460105371,10.699498258514016,7.0,-1.0,-1.0,-1.0,7.0,-1.0
6,250,8.563229784289268,5.615476036259638,-1.0,-1.0,-1.0,-1.0,-1.0,5.0
7,250,6.432487998095588,4.85336396206154,-1.0,4.0,-1.0,-1.0,-1.0,-1.0
8,250,3.814561037535485,7.707894195567452,-1.0,-1.0,-1.0,-1.0,3.0,-1.0
9,250,1.1606860698333474,11.357518611011267,7.0,-1.0,6.0,-1.0,-1.0,-1.0
10,250,1.8670627778653808,3.436139008005386,-1.0,-1.0,-1.0,0.0,0.0,-1.0
11,250,0.0,0.1863238934901457,-1.0,-1.0,0.0,-1.0,-1.0,0.0
12,250,1.9497006623672493,11.753107223408858,-1.0,-1.0,-1.0,6.0,6.0,-1.0
13,250,5.212573443065071,1.183154778903373,-1.0,-1.0,-1.0,-1.0,1.0,-1.0
14,250,1.445591957662725,9.834506528342043,-1.0,-1.0,-1.0,-1.0,6.0,-1.0
0,255,10.034653528846498,5.157066680974673,-1.0,-1.0,5.0,-1.0,-1.0,-1.0
1,255,8.838304189702788,1.4414798783783254,-1.0,4.0,1.0,2.0,-1.0,2.0
2,255,9.644830254793778,2.7320589612869206,-1.0,-1.0,2.0,-1.0,2.0,-1.0
3,255,5.641045057196098,11.228321240029452,-1.0,7.0,8.0,-1.0,7.0,-1.0
4,255,4.0237538647889695,1.0774372061078263,-1.0,-1.0,3.0,-1.0,1.0,-1.0
5,255,5.2587811535481945,10.702786049879732,7.0,-1.0,-1.0,-1.0,7.0,-1.0
6,255,8.471730985982415,5.70708583503115,-1.0,-1.0,-1.0,-1.0,-1.0,5.0
7,255,6.412842443905985,4.9381383421766,-1.0,4.0,-1.0,-1.0,-1.0,-1.0
8,255,3.894538495550921,7.677597265519494,-1.0,-1.0,-1.0,-1.0,3.0,-1.0
9,255,1.093665435871723,11.479822989872586,7.0,-1.0,6.0,-1.0,-1.0,-1.0
10,255,1.8681191569538853,3.489917597021965,-1.0,-1.0,-1.0,0.0,0.0,-1.0
11,255,0.0,0.0300569006201495,-1.0,-1.0,0.0,-1.0,-1.0,0.0
12,255,2.015417211857483,11.73354083519814,-1.0,-1.0,-1.0,6.0,6.0,-1.0
13,255,5.147843238007274,1.2482091307221383,-1.0,-1.0,-1.0,-1.0,1.0,-1.0
14,255,1.6657374758491523,9.934020732897896,-1.0,-1.0,-1.0,-1.0,6.0,-1.0
0,260,10.144359693068427,5.213426757461952,-1.0,-1.0,5.0,-1.0,-1.0,-1.0
1,260,8.940628085576067,1.5131627018231708,-1.0,4.0,1.0,2.0,-1.0,2.0
2,260,9.649311563306943,2.6511770214792154,-1.0,-1.0,2.0,-1.0,2.0,-1.0
3,260,5.672799919155882,11.249755173507213,-1.0,7.0,8.0,-1.0,7.0,-1.0
4,260,4.118329132190691,1.1018145482651824,-1.0,-1.0,3.0,-1.0,1.0,-1.0
5,260,5.322665561062016,10.708200018409322,7.0,-1.0,-1.0,-1.0,7.0,-1.0
6,260,8.37875745694931,5.797116292579752,-1.0,-1.0,-1.0,-1.0,-1.0,5.0
7,260,6.388096077687129,5.042451202667504,-1.0,4.0,-1.0,-1.0,-1.0,-1.0
8,260,3.962177421146056,7.653169453656367,-1.0,-1.0,-1.0,-1.0,3.0,-1.0
9,260,1.02859672277002,11.60034423402692,7.0,-1.0,6.0,-1.0,-1.0,-1.0
10,260,1.8707511492565756,3.547741407333681,-1.0,-1.0,-1.0,0.0,0.0,-1.0
11,260,0.0,0.0,-1.0,-1.0,0.0,-1.0,-1.0,0.0
12,260,2.078951533530426,11.715336015854582,-1.0,-1.0,-1.0,6.0,6.0,-1.0
13,260,5.084686580189309,1.3166974399392537,-1.0,-1.0,-1.0,-1.0,1.0,-1.0
14,260,1.877972243288696,10.027753802496337,-1.0,-1.0,-1.0,-1.0,6.0,-1.0
0,265,10.26535107048038,5.274971174316745,-1.0,-1.0,5.0,-1.0,-1.0,-1.0
1,265,9.034513247367922,1.5802792828223124,-1.0,4.0,1.0,2.0,-1.0,2.0
2,265,9.65290802634743,2.5783224938896545,-1.0,-1.0,2.0,-1.0,2.0,-1.0
3,265,5.706953733427694,11.273518319631348,-1.0,7.0,8.0,-1.0,7.0,-1.0
4,265,4.1865444013536735,1.11554344117126,-1.0,-1.0,3.0,-1.0,1.0,-1.0
5,265,5.398000312016134,10.715155678158606,7.0,-1.0,-1.0,-1.0,7.0,-1.0
6,265,8.282707363014273,5.892096336931258,-1.0,-1.0,-1.0,-1.0,-1.0,5.0
7,265,6.358198224878249,5.159254723113879,-1.0,4.0,-1.0,-1.0,-1.0,-1.0
8,265,4.049091979284384,7.622561068834775,-1.0,-1.0,-1.0,-1.0,4.0,-1.0
9,265,0.9608515031963728,11.715826031023006,7.0,-1.0,6.0,-1.0,-1.0,-1.0
10,265,1.8741267243412525,3.616905182576761,-1.0,-1.0,-1.0,0.0,0.0,-1.0
11,265,0.0,0.0,-1.0,-1.0,0.0,-1.0,-1.0,0.0
12,265,2.150771690162708,11.694321807201126,-1.0,-1.0,-1.0,6.0,6.0,-1.0
13,265,5.014079684388196,1.397673710764637,-1.0,-1.0,-1.0,-1.0,1.0,-1.0
14,265,2.099587910083261,10.130056285235334,-1.0,-1.0,-1.0,-1.0,6.0,-1.0
0,270,10.378494612866634,5.329972488648616,-1.0,-1.0,5.0,-1.0,-1.0,-1.0
1,270,9.130370205521254,1.6485069312671663,-1.0,4.0,1.0,2.0,-1.0,2.0
2,270,9.660463262537148,2.4696554577230394,-1.0,-1.0,2.0,-1.0,2.0,-1.0
3,270,5.773283848138521,11.31944816524492,-1.0,7.0,8.0,-1.0,7.0,-1.0
4,270,4.253642617323023,1.127841854371411,-1.0,-1.0,3.0,-1.0,1.0,-1.0
5,270,5.458944161935733,10.720886125636174,7.0,-1.0,-1.0,-1.0,7.0,-1.0
6,270,8.1994484193277,5.972446395901293,-1.0,-1.0,-1.0,-1.0,-1.0,5.0
7,270,6.325118779130722,5.293223722257812,-1.0,4.0,-1.0,-1.0,-1.0,-1.0
8,270,4.1237500847613004,7.595198216868801,-1.0,-1.0,-1.0,-1.0,4.0,-1.0
9,270,0.9036379916209268,11.81253600940252,7.0,-1.0,6.0,-1.0,-1.0,-1.0
10,270,1.8780273573941104,3.707680402096459,-1.0,-1.0,-1.0,0.0,0.0,-1.0
11,270,0.0,0.0,-1.0,-1.0,0.0,-1.0,-1.0,0.0
12,270,2.224391691810183,11.673069790501046,-1.0,-1.0,-1.0,6.0,6.0,-1.0
13,270,4.932646968704111,1.4888863716183758,-1.0,-1.0,-1.0,-1.0,1.0,-1.0
14,270,2.3238536836253245,10.230996362980736,-1.0,-1.0,-1.0,-1.0,6.0,-1.0
0,275,10.486213018242577,5.384416983300422,-1.0,-1.0,5.0,-1.0,-1.0,-1.0
1,275,9.232655594619237,1.7179741731660672,-1.0,4.0,1.0,2.0,-1.0,2.0
2,275,9.668171768183306,2.3594685485709386,-1.0,-1.0,2.0,-1.0,2.0,-1.0
3,275,5.835517681989837,11.362955928547434,-1.0,7.0,8.0,-1.0,7.0,-1.0
4,275,4.3119876655918885,1.1397790758142865,-1.0,-1.0,3.0,-1.0,1.0,-1.0
5,275,5.526425046310947,10.726007953627244,7.0,-1.0,-1.0,-1.0,7.0,-1.0
6,275,8.105311491425722,6.061752280794697,-1.0,-1.0,-1.0,-1.0,-1.0,5.0
7,275,6.2868415079395925,5.437679672858785,-1.0,4.0,-1.0,-1.0,-1.0,-1.0
8,275,4.204054843104292,7.567378259495537,-1.0,-1.0,-1.0,-1.0,4.0,-1.0
9,275,0.8467174995839457,11.909102351722549,7.0,-1.0,6.0,-1.0,-1.0,-1.0
10,275,1.8854744345596544,3.832064790090436,-1.0,-1.0,-1.0,0.0,0.0,-1.0
11,275,0.0,0.0,-1.0,-1.0,0.0,-1.0,-1.0,0.0
12,275,2.2764673578108057,11.657627444323836,-1.0,-1.0,-1.0,6.0,6.0,-1.0
13,275,4.844009803560767,1.5895664874279565,-1.0,-1.0,-1.0,-1.0,1.0,-1.0
14,275,2.5223500340529346,10.322463882290396,-1.0,-1.0,-1.0,-1.0,6.0,-1.0
0,280,10.589604820571411,5.432844084543288,-1.0,-1.0,5.0,-1.0,-1.0,-1.0
1,280,9.323462225869982,1.7738906650080302,-1.0,4.0,1.0,2.0,-1.0,2.0
2,280,9.677869059823824,2.239891329632616,-1.0,-1.0,2.0,-1.0,2.0,-1.0
3,280,5.892963370795057,11.40332669767121,-1.0,7.0,8.0,-1.0,7.0,-1.0
4,280,4.376078549739244,1.1528059958703494,-1.0,-1.0,3.0,-1.0,1.0,-1.0
5,280,5.5844720965052055,10.729799247078908,7.0,-1.0,-1.0,-1.0,7.0,-1.0
6,280,8.009683295053778,6.152505746266648,-1.0,-1.0,-1.0,-1.0,-1.0,5.0
7,280,6.2476341480228665,5.590184358355367,-1.0,4.0,-1.0,-1.0,-1.0,-1.0
8,280,4.271659228338222,7.544135776811478,-1.0,-1.0,-1.0,-1.0,4.0,-1.0
9,280,0.7876439268659982,12.0,7.0,-1.0,6.0,-1.0,-1.0,-1.0
10,280,1.891507324152632,3.9554931463415777,-1.0,-1.0,-1.0,0.0,0.0,-1.0
11,280,0.0,0.0,-1.0,-1.0,0.0,-1.0,-1.0,0.0
12,280,2.347717433293668,11.63655706741083,-1.0,-1.0,-1.0,6.0,6.0,-1.0
13,280,4.744290923726829,1.7119783676867308,-1.0,-1.0,-1.0,-1.0,1.0,-1.0
14,280,2.7480302881355,10.424436466173356,-1.0,-1.0,-1.0,-1.0,6.0,-1.0
0,285,10.674518875870463,5.473786885123455,-1.0,-1.0,5.0,-1.0,-1.0,-1.0
1,285,9.4083756289734,1.823765565744305,-1.0,4.0,1.0,2.0,-1.0,2.0
2,285,9.684473338106256,2.1216756334985254,-1.0,-1.0,2.0,-1.0,2.0,-1.0
3,285,5.961171893108364,11.45414259342886,-1.0,7.0,8.0,-1.0,7.0,-1.0
4,285,4.424078616925937,1.1627676629555477,-1.0,-1.0,3.0,-1.0,1.0,-1.0
5,285,5.642399446766242,10.734077964156498,7.0,-1.0,-1.0,-1.0,7.0,-1.0
6,285,7.930881519313778,6.226288831405905,-1.0,-1.0,-1.0,-1.0,-1.0,4.0
7,285,6.205372856824519,5.739809729713327,-1.0,4.0,-1.0,-1.0,-1.0,-1.0
8,285,4.3368805989193655,7.521728297235744,-1.0,-1.0,-1.0,-1.0,4.0,-1.0
9,285,0.7343662959955326,12.0,7.0,-1.0,6.0,-1.0,-1.0,-1.0
10,285,1.8945611366034996,4.079687733670408,-1.0,-1.0,-1.0,3.0,3.0,-1.0
11,285,0.0,0.0,-1.0,-1.0,0.0,-1.0,-1.0,0.0
12,285,2.422830188620472,11.61406439774256,-1.0,-1.0,-1.0,6.0,6.0,-1.0
13,285,4.648380160451944,1.829418891858632,-1.0,-1.0,-1.0,-1.0,1.0,-1.0
14,285,2.9845485705408787,10.535112695117528,-1.0,-1.0,-1.0,-1.0,6.0,-1.0
0,290,10.766260713075685,5.519641544447198,-1.0,-1.0,5.0,-1.0,-1.0,-1.0
1,290,9.499628789768163,1.8747012257453803,-1.0,4.0,1.0,2.0,-1.0,2.0
2,290,9.693848993475765,1.9973538524756984,-1.0,-1.0,2.0,-1.0,2.0,-1.0
3,290,6.035045000816045,11.50907894638036,-1.0,7.0,8.0,-1.0,7.0,-1.0
4,290,4.476483725659772,1.175600063079488,-1.0,-1.0,3.0,-1.0,1.0,-1.0
5,290,5.702012702361037,10.736277648521725,7.0,-1.0,-1.0,-1.0,7.0,-1.0
6,290,7.84631926748813,6.300585687670642,-1.0,-1.0,-1.0,-1.0,-1.0,4.0
7,290,6.159847271192487,5.8967572109053386,-1.0,4.0,-1.0,-1.0,-1.0,-1.0
8,290,4.414237803130068,7.495151094729445,-1.0,-1.0,-1.0,-1.0,4.0,-1.0
9,290,0.6786542374986558,12.0,7.0,-1.0,6.0,-1.0,-1.0,-1.0
10,290,1.8972805629024985,4.176606800144755,-1.0,-1.0,-1.0,3.0,3.0,-1.0
11,290,0.0,0.0,-1.0,-1.0,0.0,-1.0,-1.0,0.0
12,290,2.4811557130739232,11.595675034792649,-1.0,-1.0,-1.0,6.0,6.0,-1.0
13,290,4.542193480368494,1.9700293777581712,-1.0,-1.0,-1.0,-1.0,1.0,-1.0
14,290,3.224774878320143,10.653883317991095,-1.0,-1.0,-1.0,-1.0,6.0,-1.0
0,295,10.848200597689194,5.558574167317256,-1.0,-1.0,5.0,-1.0,-1.0,-1.0
1,295,9.600263408514614,1.935134694006861,-1.0,4.0,1.0,2.0,-1.0,2.0
2,295,9.70012301853234,1.89422302932023,-1.0,-1.0,2.0,-1.0,2.0,-1.0
3,295,6.0935400553539365,11.55178990328652,-1.0,7.0,8.0,-1.0,7.0,-1.0
4,295,4.4926208102549055,1.1788740099935278,-1.0,-1.0,3.0,-1.0,1.0,-1.0
5,295,5.773260936882108,10.739281117717024,7.0,-1.0,-1.0,-1.0,7.0,-1.0
6,295,7.752569588178902,6.382960855017518,-1.0,-1.0,-1.0,-1.0,-1.0,4.0
7,295,6.119616928794638,6.025474731690744,-1.0,4.0,-1.0,-1.0,-1.0,-1.0
8,295,4.498632255230649,7.46668914727741,-1.0,-1.0,-1.0,-1.0,4.0,-1.0
9,295,0.6194937275612781,12.0,7.0,-1.0,6.0,-1.0,-1.0,-1.0
10,295,1.899615109028062,4.2682058970219625,-1.0,-1.0,-1.0,3.0,3.0,-1.0
11,295,0.0,0.0,-1.0,-1.0,0.0,-1.0,-1.0,0.0
12,295,2.535936334090531,11.577932499815176,-1.0,-1.0,-1.0,6.0,6.0,-1.0
13,295,4.437269245245108,2.1098506784445865,-1.0,-1.0,-1.0,-1.0,1.0,-1.0
14,295,3.4597901141617324,10.76446780782518,-1.0,-1.0,-1.0,-1.0,6.0,-1.0
