0,0,1.9508846123242256,9.994689893585424,0.0,0.0,0.0,0.0,0.0,1.0
1,0,7.062931205698051,0.0,1.0,0.0,0.0,1.0,1.0,1.0
2,0,9.967341815102383,3.958423427995791,0.0,1.0,0.0,0.0,0.0,1.0
3,0,7.954150411495626,0.0,1.0,0.0,0.0,0.0,0.0,0.0
4,0,12.0,4.948060880966273,1.0,0.0,0.0,0.0,0.0,0.0
5,0,0.9371773048440878,11.01974350645161,0.0,0.0,0.0,1.0,1.0,0.0
6,0,6.021486815250889,4.960739847448365,0.0,1.0,1.0,1.0,0.0,1.0
7,0,6.951100069652078,8.000296807986095,1.0,0.0,0.0,0.0,0.0,0.0
8,0,1.947484356713574,0.0232840544413208,0.0,1.0,1.0,0.0,0.0,0.0
9,0,0.988329099415042,0.9495302414494342,1.0,1.0,0.0,0.0,1.0,1.0
10,0,8.041925961920114,4.021380567889249,1.0,1.0,1.0,0.0,1.0,0.0
11,0,5.995262638844926,10.035119900938133,0.0,1.0,0.0,0.0,1.0,0.0
12,0,0.9765115892792532,5.942598345468961,0.0,1.0,1.0,1.0,1.0,0.0
13,0,10.035400618147763,6.059754426392744,0.0,0.0,0.0,0.0,1.0,1.0
14,0,8.051829077670664,3.981482336992727,1.0,0.0,0.0,1.0,0.0,1.0
0,5,1.903171052004852,9.988305068800566,0.0,0.0,0.0,0.0,0.0,1.0
1,5,7.142894828559226,0.0,1.0,0.0,0.0,1.0,1.0,1.0
2,5,9.94414880843259,3.930134867586601,0.0,1.0,0.0,0.0,0.0,1.0
3,5,7.914361283888044,0.0,1.0,0.0,0.0,0.0,0.0,0.0
4,5,12.0,4.876180662684484,1.0,0.0,0.0,0.0,0.0,0.0
5,5,0.8868320530644976,11.034942665291556,0.0,0.0,0.0,1.0,1.0,0.0
6,5,6.046322496270856,4.915455800426491,0.0,1.0,1.0,1.0,0.0,1.0
7,5,6.917111685758136,8.000829591195076,1.0,0.0,0.0,0.0,0.0,0.0
8,5,1.896965123407584,0.0448277311845165,0.0,1.0,1.0,0.0,0.0,0.0
9,5,0.9745806484355238,0.8852821366483383,1.0,1.0,0.0,0.0,1.0,1.0
10,5,8.088409657411534,4.045766524823336,1.0,1.0,1.0,0.0,1.0,0.0
11,5,5.990696523760222,10.069915147839314,0.0,1.0,0.0,0.0,1.0,0.0
12,5,0.9582369009573574,5.901938692592215,0.0,1.0,1.0,1.0,1.0,0.0
13,5,10.066462644329455,6.113963943570013,0.0,0.0,0.0,0.0,1.0,1.0
14,5,8.111052607149542,3.9600278718746456,1.0,0.0,0.0,1.0,0.0,1.0
0,10,1.8420554369003947,9.98103588090686,0.0,0.0,0.0,0.0,0.0,1.0
1,10,7.236173644513444,0.0,1.0,0.0,0.0,1.0,1.0,1.0
2,10,9.927583814618734,3.9100144878818095,0.0,1.0,0.0,0.0,0.0,1.0
3,10,7.866400632830264,0.0,1.0,0.0,0.0,0.0,0.0,0.0
4,10,12.0,4.802803165290236,1.0,0.0,0.0,0.0,0.0,0.0
5,10,0.8251814546778283,11.053084602476806,0.0,0.0,0.0,1.0,1.0,0.0
6,10,6.058387550666742,4.892944635259222,0.0,1.0,1.0,1.0,0.0,1.0
7,10,6.873098614767589,8.000894174679916,1.0,0.0,0.0,0.0,0.0,0.0
8,10,1.8645992186917055,0.0573903106715431,0.0,1.0,1.0,0.0,0.0,0.0
9,10,0.96273789822859,0.8285832503255489,1.0,1.0,0.0,0.0,1.0,1.0
10,10,8.156509002055513,4.082675854140448,1.0,1.0,1.0,0.0,1.0,0.0
11,10,5.9859416406908,10.106425112012294,0.0,1.0,0.0,0.0,1.0,0.0
12,10,0.9381968078385096,5.858003743498709,0.0,1.0,1.0,1.0,1.0,0.0
13,10,10.098004480668584,6.170372267182202,0.0,0.0,0.0,0.0,1.0,1.0
14,10,8.169953004065476,3.939849155051128,1.0,0.0,0.0,1.0,0.0,1.0
0,15,1.7715708077516878,9.974043840638984,0.0,0.0,0.0,0.0,0.0,1.0
1,15,7.331974335382428,0.0,1.0,0.0,0.0,1.0,1.0,1.0
2,15,9.893620680867578,3.869320509728036,0.0,1.0,0.0,0.0,0.0,1.0
3,15,7.807669610794831,0.0,1.0,0.0,0.0,0.0,0.0,0.0
4,15,12.0,4.7124942888975,1.0,0.0,0.0,0.0,0.0,0.0
5,15,0.7731683061712978,11.06860804425618,0.0,0.0,0.0,1.0,1.0,0.0
6,15,6.070698635808657,4.870432394525745,0.0,1.0,1.0,1.0,0.0,1.0
7,15,6.831546085081653,8.001191520391533,1.0,0.0,0.0,0.0,0.0,0.0
8,15,1.8425592431654727,0.0653571879448193,0.0,1.0,1.0,0.0,0.0,0.0
9,15,0.9560568666946886,0.7957733256644229,1.0,1.0,0.0,0.0,1.0,1.0
10,15,8.220361192156076,4.118872034879017,1.0,1.0,1.0,0.0,1.0,0.0
11,15,5.98293373620617,10.128953501819831,0.0,1.0,0.0,0.0,1.0,0.0
12,15,0.916248494653335,5.812910259288218,0.0,1.0,1.0,1.0,1.0,0.0
13,15,10.13658404445336,6.237253219520988,0.0,0.0,0.0,0.0,1.0,1.0
14,15,8.234337324513207,3.917121161250197,1.0,0.0,0.0,1.0,0.0,1.0
0,20,1.6973137860114018,9.968113003177711,0.0,0.0,0.0,0.0,0.0,1.0
1,20,7.43052481997205,0.0,1.0,0.0,0.0,1.0,1.0,1.0
2,20,9.869967432233764,3.8415983851260553,0.0,1.0,0.0,0.0,0.0,1.0
3,20,7.754222466844554,0.0,1.0,0.0,0.0,0.0,0.0,0.0
4,20,12.0,4.621093803027031,1.0,0.0,0.0,0.0,0.0,0.0
5,20,0.7190442101493193,11.085597518713548,0.0,0.0,0.0,1.0,1.0,0.0
6,20,6.093602246564839,4.830066572762085,0.0,1.0,1.0,1.0,0.0,1.0
7,20,6.801810310760586,8.001169286231567,1.0,0.0,0.0,0.0,0.0,0.0
8,20,1.8051530833103675,0.0785341626201448,0.0,1.0,1.0,0.0,0.0,0.0
9,20,0.9484026423890848,0.7634361330867943,1.0,1.0,0.0,0.0,1.0,1.0
10,20,8.292325263117123,4.160615295646012,1.0,1.0,1.0,0.0,1.0,0.0
11,20,5.977122531040052,10.170559869723562,0.0,1.0,0.0,0.0,1.0,0.0
12,20,0.8943236515301949,5.767613458599194,0.0,1.0,1.0,1.0,1.0,0.0
13,20,10.168751525348965,6.295126724710067,0.0,0.0,0.0,0.0,1.0,1.0
14,20,8.300546312539055,3.898486721125752,1.0,0.0,0.0,1.0,0.0,1.0
0,25,1.6175821585369556,9.961485496872104,0.0,0.0,0.0,0.0,0.0,1.0
1,25,7.545689319235095,0.0,1.0,0.0,0.0,1.0,1.0,1.0
2,25,9.843685388501347,3.812924376248049,0.0,1.0,0.0,0.0,0.0,1.0
3,25,7.70542769691391,0.0,1.0,0.0,0.0,0.0,0.0,0.0
4,25,12.0,4.540446448174935,1.0,0.0,0.0,0.0,0.0,0.0
5,25,0.6727273301516428,11.100071041042709,0.0,0.0,0.0,1.0,1.0,0.0
6,25,6.119081423282187,4.783678693619957,0.0,1.0,1.0,1.0,0.0,1.0
7,25,6.76840391238188,8.000935099754608,1.0,0.0,0.0,0.0,0.0,0.0
8,25,1.7703140891583653,0.0916547016726033,0.0,1.0,1.0,0.0,0.0,0.0
9,25,0.9415065511228295,0.730725246207319,1.0,1.0,0.0,0.0,1.0,1.0
10,25,8.373090142566909,4.205620371146236,1.0,1.0,1.0,0.0,1.0,0.0
11,25,5.973604864988883,10.197410184478416,0.0,1.0,0.0,0.0,1.0,0.0
12,25,0.8655685764796508,5.700266762988219,0.0,1.0,1.0,1.0,1.0,0.0
13,25,10.190144368866797,6.333678320873197,0.0,0.0,0.0,0.0,1.0,1.0
14,25,8.36848707111702,3.8793933232557514,1.0,0.0,0.0,1.0,0.0,1.0
0,30,1.5559441246737318,9.955022094304784,0.0,0.0,0.0,0.0,0.0,1.0
1,30,7.655523863017205,0.0,1.0,0.0,0.0,1.0,1.0,1.0
2,30,9.8041950094352,3.769364589582751,0.0,1.0,0.0,0.0,0.0,1.0
3,30,7.646099238730613,0.0,1.0,0.0,0.0,0.0,0.0,0.0
4,30,12.0,4.47706839772674,1.0,0.0,0.0,0.0,0.0,0.0
5,30,0.6347998070237885,11.113318703888162,0.0,0.0,0.0,1.0,1.0,0.0
6,30,6.13849926084887,4.748512286034803,0.0,1.0,1.0,1.0,0.0,1.0
7,30,6.743238168489524,8.001040253015224,1.0,0.0,0.0,0.0,0.0,0.0
8,30,1.7104343069220778,0.1158457944548407,0.0,1.0,1.0,0.0,0.0,0.0
9,30,0.9344005374538712,0.6933579932946637,1.0,1.0,0.0,0.0,1.0,1.0
10,30,8.457903076159935,4.25244345079838,1.0,1.0,1.0,0.0,1.0,0.0
11,30,5.972196895662823,10.207681838337445,0.0,1.0,0.0,0.0,1.0,0.0
12,30,0.8245716248999098,5.6094240498013175,0.0,1.0,1.0,1.0,1.0,0.0
13,30,10.210102867662757,6.371053584012972,0.0,0.0,0.0,0.0,1.0,1.0
14,30,8.338461916984512,3.7773157568482,1.0,0.0,0.0,1.0,0.0,1.0
0,35,1.493316318382125,9.950941971010645,0.0,0.0,0.0,0.0,0.0,1.0
1,35,7.799823854109843,0.0,1.0,0.0,0.0,1.0,1.0,1.0
2,35,9.762813696997776,3.7224319591888855,0.0,1.0,0.0,0.0,0.0,1.0
3,35,7.591119472758853,0.0,1.0,0.0,0.0,0.0,0.0,0.0
4,35,12.0,4.407086805668852,1.0,0.0,0.0,0.0,0.0,0.0
5,35,0.6050063177065912,11.124528693394184,0.0,0.0,0.0,1.0,1.0,0.0
6,35,6.150726846777265,4.724671831472918,0.0,1.0,1.0,1.0,0.0,1.0
7,35,6.736566541956361,8.001020326976791,1.0,0.0,0.0,0.0,0.0,0.0
8,35,1.6254769748871996,0.1488573538990551,0.0,1.0,1.0,0.0,0.0,0.0
9,35,0.9278734838303548,0.6630136192337815,1.0,1.0,0.0,0.0,1.0,1.0
10,35,8.553790467061749,4.304071403509871,1.0,1.0,1.0,0.0,1.0,0.0
11,35,5.97142064818834,10.212957335652998,0.0,1.0,0.0,0.0,1.0,0.0
12,35,0.7784795940757916,5.502834916370977,0.0,1.0,1.0,1.0,1.0,0.0
13,35,10.232242146869424,6.411650050284746,0.0,0.0,0.0,0.0,1.0,1.0
14,35,8.305106587136764,3.665207848851063,1.0,0.0,0.0,1.0,0.0,1.0
0,40,1.427286059899588,9.945950173704407,0.0,0.0,0.0,0.0,0.0,1.0
1,40,7.931949162537441,0.0,1.0,0.0,0.0,1.0,1.0,1.0
2,40,9.731095213581009,3.687617698070077,0.0,1.0,0.0,0.0,0.0,1.0
3,40,7.534531116777064,0.0,1.0,0.0,0.0,0.0,0.0,0.0
4,40,12.0,4.350489255161557,1.0,0.0,0.0,0.0,0.0,0.0
5,40,0.5772277335594851,11.13541676889964,0.0,0.0,0.0,1.0,1.0,0.0
6,40,6.169704650012489,4.686974625936426,0.0,1.0,1.0,1.0,0.0,1.0
7,40,6.719394290310411,8.00125341121792,1.0,0.0,0.0,0.0,0.0,0.0
8,40,1.54724844620186,0.1806055082544637,0.0,1.0,1.0,0.0,0.0,0.0
9,40,0.9269392573130132,0.6582653062928818,1.0,1.0,0.0,0.0,1.0,1.0
10,40,8.630183271885242,4.348032279663239,1.0,1.0,1.0,0.0,1.0,0.0
11,40,5.96755995522972,10.238597839096853,0.0,1.0,0.0,0.0,1.0,0.0
12,40,0.7386958727861542,5.403973574280741,0.0,1.0,1.0,1.0,1.0,0.0
13,40,10.253942058766652,6.450245829640246,0.0,0.0,0.0,0.0,1.0,1.0
14,40,8.27850557698537,3.572016274784877,1.0,0.0,0.0,1.0,0.0,1.0
0,45,1.3641766800660018,9.942750794087916,0.0,0.0,0.0,0.0,0.0,1.0
1,45,8.066633161015437,0.0,1.0,0.0,0.0,1.0,1.0,1.0
2,45,9.705402083324074,3.65787033152211,0.0,1.0,0.0,0.0,0.0,1.0
3,45,7.499678987719897,0.0,1.0,0.0,0.0,0.0,0.0,0.0
4,45,12.0,4.297860094059765,1.0,0.0,0.0,0.0,0.0,0.0
5,45,0.5757489778541132,11.136024399241387,0.0,0.0,0.0,1.0,1.0,0.0
6,45,6.184390227989673,4.659485653361057,0.0,1.0,1.0,1.0,0.0,1.0
7,45,6.6750209348999485,8.00211863234814,1.0,0.0,0.0,0.0,0.0,0.0
8,45,1.4472140033865375,0.2195471681730753,0.0,1.0,1.0,0.0,0.0,0.0
9,45,0.9243470809346196,0.6436933091004141,1.0,1.0,0.0,0.0,1.0,1.0
10,45,8.673419345400397,4.373044124445637,1.0,1.0,1.0,0.0,1.0,0.0
11,45,5.96443278755852,10.259595903885424,0.0,1.0,0.0,0.0,1.0,0.0
12,45,0.6909654623011612,5.287022281201415,0.0,1.0,1.0,1.0,1.0,0.0
13,45,10.271757410440694,6.479521037903285,0.0,0.0,0.0,0.0,1.0,1.0
14,45,8.253024092953748,3.4791252725102613,1.0,0.0,0.0,1.0,0.0,1.0
0,50,1.3247318416351332,9.941541936385375,0.0,0.0,0.0,0.0,0.0,1.0
1,50,8.210924891170787,0.0,1.0,0.0,0.0,1.0,1.0,1.0
2,50,9.679772436783631,3.629006443879194,0.0,1.0,0.0,0.0,0.0,1.0
3,50,7.462754357558058,0.0,1.0,0.0,0.0,0.0,0.0,0.0
4,50,12.0,4.237633511284471,1.0,0.0,0.0,0.0,0.0,0.0
5,50,0.5974286173075105,11.12714098467684,0.0,0.0,0.0,1.0,1.0,0.0
6,50,6.2012329833788575,4.625383438808153,0.0,1.0,1.0,1.0,0.0,1.0
7,50,6.618163730146777,8.004021983550368,1.0,0.0,0.0,0.0,0.0,0.0
8,50,1.3552126076550906,0.2545331399023123,0.0,1.0,1.0,0.0,0.0,0.0
9,50,0.9220156717915662,0.63130151773862,1.0,1.0,0.0,0.0,1.0,1.0
10,50,8.715947416797224,4.396876395039728,1.0,1.0,1.0,0.0,1.0,0.0
11,50,5.9615366411176645,10.279259179999109,0.0,1.0,0.0,0.0,1.0,0.0
12,50,0.6419613679724814,5.164856090553222,0.0,1.0,1.0,1.0,1.0,0.0
13,50,10.292860592698746,6.513905706872228,0.0,0.0,0.0,0.0,1.0,1.0
14,50,8.230440890981102,3.3993125515569105,1.0,0.0,0.0,1.0,0.0,1.0
0,55,1.2633948378829971,9.94047242219306,0.0,0.0,0.0,0.0,0.0,1.0
1,55,8.355309831300845,0.0,1.0,0.0,0.0,1.0,1.0,1.0
2,55,9.66238146645649,3.609855734258336,0.0,1.0,0.0,0.0,0.0,1.0
3,55,7.420464747653729,0.0,1.0,0.0,0.0,0.0,0.0,0.0
4,55,12.0,4.169569905449472,1.0,0.0,0.0,0.0,0.0,0.0
5,55,0.630152179911965,11.11463738165935,0.0,0.0,0.0,1.0,1.0,0.0
6,55,6.214858882924283,4.598344153461011,0.0,1.0,1.0,1.0,0.0,1.0
7,55,6.561200016230661,8.006284553870774,1.0,0.0,0.0,0.0,0.0,0.0
8,55,1.2471764559792935,0.295841795986206,0.0,1.0,1.0,0.0,0.0,0.0
9,55,0.9183044209738072,0.6099503576640709,1.0,1.0,0.0,0.0,1.0,1.0
10,55,8.752877785912887,4.417031936455727,1.0,1.0,1.0,0.0,1.0,0.0
11,55,5.962957798565783,10.269885880630849,0.0,1.0,0.0,0.0,1.0,0.0
12,55,0.5927724194128645,5.049589298049147,0.0,1.0,1.0,1.0,1.0,0.0
13,55,10.316020554327356,6.550862672956495,0.0,0.0,0.0,0.0,1.0,1.0
14,55,8.212708028473179,3.333885434565349,1.0,0.0,0.0,1.0,0.0,1.0
0,60,1.2018262723478657,9.941467535474182,0.0,0.0,0.0,0.0,0.0,1.0
1,60,8.510728354683335,0.0,1.0,0.0,0.0,1.0,1.0,1.0
2,60,9.6516867502578,3.598361703780673,0.0,1.0,0.0,0.0,0.0,1.0
3,60,7.395819767593361,0.0,1.0,0.0,0.0,0.0,0.0,0.0
4,60,12.0,4.09836461681211,1.0,0.0,0.0,0.0,0.0,0.0
5,60,0.6532552784894727,11.106438621745848,0.0,0.0,0.0,1.0,1.0,0.0
6,60,6.221079910118159,4.585042086394858,0.0,1.0,1.0,1.0,0.0,1.0
7,60,6.5093991741657335,8.009369225459526,1.0,0.0,0.0,0.0,0.0,0.0
8,60,1.135407200785952,0.3351125399990222,0.0,1.0,1.0,0.0,0.0,0.0
9,60,0.9130489292727982,0.5833201353817478,1.0,1.0,0.0,0.0,1.0,1.0
10,60,8.790349166048081,4.436834508882585,1.0,1.0,1.0,0.0,1.0,0.0
11,60,5.961053992374527,10.282032500731477,0.0,1.0,0.0,0.0,1.0,0.0
12,60,0.5385528708678132,4.930672995140966,0.0,1.0,1.0,1.0,1.0,0.0
13,60,10.342054834227214,6.591564670914985,0.0,0.0,0.0,0.0,1.0,1.0
14,60,8.196959082312523,3.267836973622704,1.0,0.0,0.0,1.0,0.0,1.0
0,65,1.1352635351554303,9.941982199567748,0.0,0.0,0.0,0.0,0.0,1.0
1,65,8.680863576366345,0.0,1.0,0.0,0.0,1.0,1.0,1.0
2,65,9.634215387977378,3.579839931100082,0.0,1.0,0.0,0.0,0.0,1.0
3,65,7.3856413596091155,0.0,1.0,0.0,0.0,0.0,0.0,0.0
4,65,12.0,4.016321977574416,1.0,0.0,0.0,0.0,0.0,0.0
5,65,0.6744065833947201,11.09866277762614,0.0,0.0,0.0,1.0,1.0,0.0
6,65,6.234234349500655,4.555249566260561,0.0,1.0,1.0,1.0,0.0,1.0
7,65,6.44347216851289,8.014247473379614,1.0,0.0,0.0,0.0,0.0,0.0
8,65,1.0080206606783977,0.3780852886449914,0.0,1.0,1.0,0.0,0.0,0.0
9,65,0.9071429662035292,0.5549901406311402,1.0,1.0,0.0,0.0,1.0,1.0
10,65,8.83877196609835,4.461351005735843,1.0,1.0,1.0,0.0,1.0,0.0
11,65,5.962117576686215,10.275225466708957,0.0,1.0,0.0,0.0,1.0,0.0
12,65,0.483452978089802,4.815432258443836,0.0,1.0,1.0,1.0,1.0,0.0
13,65,10.367240297660596,6.633106236269274,0.0,0.0,0.0,0.0,1.0,1.0
14,65,8.180690084408761,3.196951152363948,1.0,0.0,0.0,1.0,0.0,1.0
0,70,1.0913894051237285,9.941299021571972,0.0,0.0,0.0,0.0,0.0,1.0
1,70,8.857177377744067,0.0,1.0,0.0,0.0,1.0,1.0,1.0
2,70,9.621490416318116,3.566919115460348,0.0,1.0,0.0,0.0,0.0,1.0
3,70,7.375133099810481,0.0,1.0,0.0,0.0,0.0,0.0,0.0
4,70,12.0,3.940262255333582,1.0,0.0,0.0,0.0,0.0,0.0
5,70,0.6967833660041444,11.090024618509576,0.0,0.0,0.0,1.0,1.0,0.0
6,70,6.234053753982774,4.555661344859812,0.0,1.0,1.0,1.0,0.0,1.0
7,70,6.377411606675212,8.021273416936342,1.0,0.0,0.0,0.0,0.0,0.0
8,70,0.8762625330161011,0.4198629127208547,0.0,1.0,1.0,0.0,0.0,0.0
9,70,0.908404474694771,0.5616596565513445,1.0,1.0,0.0,0.0,1.0,1.0
10,70,8.886462222287344,4.486733510324764,1.0,1.0,1.0,0.0,1.0,0.0
11,70,5.960055870364783,10.290606018007594,0.0,1.0,0.0,0.0,1.0,0.0
12,70,0.4333493296282258,4.712160344697267,0.0,1.0,1.0,1.0,1.0,0.0
13,70,10.395090992347576,6.679377353283381,0.0,0.0,0.0,0.0,1.0,1.0
14,70,8.163204873791095,3.120571932601985,1.0,0.0,0.0,1.0,0.0,1.0
0,75,1.055158178349754,9.942468662459952,0.0,0.0,0.0,0.0,0.0,1.0
1,75,9.01966758014529,0.0,1.0,0.0,0.0,1.0,1.0,1.0
2,75,9.587927772655464,3.533131427369324,0.0,1.0,0.0,0.0,0.0,1.0
3,75,7.360441402039236,0.0,1.0,0.0,0.0,0.0,0.0,0.0
4,75,12.0,3.8553958450362855,1.0,0.0,0.0,0.0,0.0,0.0
5,75,0.7021808209961002,11.087798454493935,0.0,0.0,0.0,1.0,1.0,0.0
6,75,6.224397809279626,4.579147343031525,0.0,1.0,1.0,1.0,0.0,1.0
7,75,6.299436352018426,8.02690872092303,1.0,0.0,0.0,0.0,0.0,0.0
8,75,0.7563680328021462,0.4588160892833234,0.0,1.0,1.0,0.0,0.0,0.0
9,75,0.9082913601343569,0.5610622467030443,1.0,1.0,0.0,0.0,1.0,1.0
10,75,8.920095873321157,4.503225082389437,1.0,1.0,1.0,0.0,1.0,0.0
11,75,5.955569188840642,10.324926449890432,0.0,1.0,0.0,0.0,1.0,0.0
12,75,0.3782129904947025,4.604384959895243,0.0,1.0,1.0,1.0,1.0,0.0
13,75,10.427516693748862,6.733007407826396,0.0,0.0,0.0,0.0,1.0,1.0
14,75,8.151376623371153,3.0678922369521704,1.0,0.0,0.0,1.0,0.0,1.0
0,80,1.0295757239977457,9.942946794226508,0.0,0.0,0.0,0.0,0.0,1.0
1,80,9.220688963592968,0.0,1.0,0.0,0.0,1.0,1.0,1.0
2,80,9.539483298037116,3.4854075090222136,0.0,1.0,0.0,0.0,0.0,1.0
3,80,7.340685316547288,0.0,1.0,0.0,0.0,0.0,0.0,0.0
4,80,12.0,3.767930244723306,1.0,0.0,0.0,0.0,0.0,0.0
5,80,0.7014744288647276,11.088089614805437,0.0,0.0,0.0,1.0,1.0,0.0
6,80,6.220136492996038,4.590288420844796,0.0,1.0,1.0,1.0,0.0,1.0
7,80,6.246702074436934,8.031731831550903,1.0,0.0,0.0,0.0,0.0,0.0
8,80,0.6302742641845025,0.5015917268818614,0.0,1.0,1.0,0.0,0.0,0.0
9,80,0.912704602544728,0.583826916435831,1.0,1.0,0.0,0.0,1.0,1.0
10,80,8.955689503579602,4.52125111269724,1.0,1.0,1.0,0.0,1.0,0.0
11,80,5.9502001889746845,10.365986420850252,0.0,1.0,0.0,0.0,1.0,0.0
12,80,0.3254160752546723,4.49911050589938,0.0,1.0,1.0,1.0,1.0,0.0
13,80,10.46542061812784,6.793954397753945,0.0,0.0,0.0,0.0,1.0,1.0
14,80,8.14396147081816,3.031461935201921,1.0,0.0,0.0,1.0,0.0,1.0
0,85,1.0050872780092466,9.943568844186018,0.0,0.0,0.0,0.0,0.0,1.0
1,85,9.422145732037404,0.0,1.0,0.0,0.0,1.0,1.0,1.0
2,85,9.510340568715758,3.4575754130898058,0.0,1.0,0.0,0.0,0.0,1.0
3,85,7.307909133565428,0.0,1.0,0.0,0.0,0.0,0.0,0.0
4,85,12.0,3.6892818856525182,1.0,0.0,0.0,0.0,0.0,0.0
5,85,0.6835147313638194,11.096025358752303,0.0,0.0,0.0,1.0,1.0,0.0
6,85,6.207565849745494,4.626036812867527,0.0,1.0,1.0,1.0,0.0,1.0
7,85,6.18089707531322,8.039572436664159,1.0,0.0,0.0,0.0,0.0,0.0
8,85,0.5047277302052885,0.5449276574263278,0.0,1.0,1.0,0.0,0.0,0.0
9,85,0.9205126627091792,0.6208201383020807,1.0,1.0,0.0,0.0,1.0,1.0
10,85,8.977970175424252,4.5337283008449525,1.0,1.0,1.0,0.0,1.0,0.0
11,85,5.94621839189736,10.401652818710977,0.0,1.0,0.0,0.0,1.0,0.0
12,85,0.2626017951052509,4.3760561312886335,0.0,1.0,1.0,1.0,1.0,0.0
13,85,10.507431366978595,6.862666184856004,0.0,0.0,0.0,0.0,1.0,1.0
14,85,8.13614497888879,2.981645777559761,1.0,0.0,0.0,1.0,0.0,1.0
0,90,0.980580045981272,9.94405143841514,0.0,0.0,0.0,0.0,0.0,1.0
1,90,9.624303860317283,0.0,1.0,0.0,0.0,1.0,1.0,1.0
2,90,9.485231143830514,3.4340863708120186,0.0,1.0,0.0,0.0,0.0,1.0
3,90,7.262832459323921,0.0,1.0,0.0,0.0,0.0,0.0,0.0
4,90,12.0,3.629223352960187,1.0,0.0,0.0,0.0,0.0,0.0
5,90,0.6679267977505756,11.103134922162727,0.0,0.0,0.0,1.0,1.0,0.0
6,90,6.194492107125383,4.660760658799314,0.0,1.0,1.0,1.0,0.0,1.0
7,90,6.117457992750476,8.047842430948034,1.0,0.0,0.0,0.0,0.0,0.0
8,90,0.3896238930459209,0.5848645055455952,0.0,1.0,1.0,0.0,0.0,0.0
9,90,0.9245971057341322,0.639135797576549,1.0,1.0,0.0,0.0,1.0,1.0
10,90,9.013675428877772,4.552646893272363,1.0,1.0,1.0,0.0,1.0,0.0
11,90,5.944382302653949,10.41678198762701,0.0,1.0,0.0,0.0,1.0,0.0
12,90,0.2026858667344104,4.26215131199915,0.0,1.0,1.0,1.0,1.0,0.0
13,90,10.54931331629589,6.9279528045769405,0.0,0.0,0.0,0.0,1.0,1.0
14,90,8.131214390210099,2.9478742415625248,1.0,0.0,0.0,1.0,0.0,1.0
0,95,0.9418484926341032,9.944904964408742,0.0,0.0,0.0,0.0,0.0,1.0
1,95,9.81685573783671,0.0,1.0,0.0,0.0,1.0,1.0,1.0
2,95,9.467496639627049,3.418264747606968,0.0,1.0,0.0,0.0,0.0,1.0
3,95,7.232995015864777,0.0,1.0,0.0,0.0,0.0,0.0,0.0
4,95,12.0,3.547575059709851,1.0,0.0,0.0,0.0,0.0,0.0
5,95,0.6530002632727674,11.109704428138151,0.0,0.0,0.0,1.0,1.0,0.0
6,95,6.187109992331381,4.681521334681886,0.0,1.0,1.0,1.0,0.0,1.0
7,95,6.0580192869803655,8.05620576597238,1.0,0.0,0.0,0.0,0.0,0.0
8,95,0.2629856181166454,0.6312698750951145,0.0,1.0,1.0,0.0,0.0,0.0
9,95,0.9292001082452032,0.6606019614556184,1.0,1.0,0.0,0.0,1.0,1.0
10,95,9.046925719715572,4.570484479012792,1.0,1.0,1.0,0.0,1.0,0.0
11,95,5.937841561039472,10.461705242068708,0.0,1.0,0.0,0.0,1.0,0.0
12,95,0.1339292152925815,4.137409571022597,0.0,1.0,1.0,1.0,1.0,0.0
13,95,10.585734239727271,6.984113097258483,0.0,0.0,0.0,0.0,1.0,1.0
14,95,8.12543503726535,2.9112999780002013,1.0,0.0,0.0,1.0,0.0,1.0
0,100,0.911325462270821,9.94557005626026,0.0,0.0,0.0,0.0,0.0,1.0
1,100,9.987879610753392,0.0,1.0,0.0,0.0,1.0,1.0,1.0
2,100,9.445281195719932,3.398001746707347,0.0,1.0,0.0,0.0,0.0,1.0
3,100,7.19978684077761,0.0,1.0,0.0,0.0,0.0,0.0,0.0
4,100,12.0,3.4646056619872354,1.0,0.0,0.0,0.0,0.0,0.0
5,100,0.63036139948808,11.119747810228816,0.0,0.0,0.0,1.0,1.0,0.0
6,100,6.185899229686562,4.684817033750924,0.0,1.0,1.0,1.0,0.0,1.0
7,100,5.964758825948235,8.06786588115998,1.0,0.0,0.0,0.0,0.0,0.0
8,100,0.1365504779902178,0.6757851923406629,0.0,1.0,1.0,0.0,0.0,0.0
9,100,0.8697156372684969,0.6726854304471505,1.0,1.0,0.0,0.0,1.0,1.0
10,100,9.089250327728625,4.5940950701218455,1.0,1.0,1.0,0.0,1.0,0.0
11,100,5.93312041355727,10.498574728203208,0.0,1.0,0.0,0.0,1.0,0.0
12,100,0.051679611541962,3.990923094678376,0.0,1.0,1.0,1.0,1.0,0.0
13,100,10.609104164138357,7.020159825527089,0.0,0.0,0.0,0.0,1.0,1.0
14,100,8.11758807375924,2.861557230745446,1.0,0.0,0.0,1.0,0.0,1.0
0,105,0.8863750773828208,9.946007258349594,0.0,0.0,0.0,0.0,0.0,1.0
1,105,10.143944423855668,0.0,1.0,0.0,0.0,1.0,1.0,1.0
2,105,9.433608164070684,3.3876067803341536,0.0,1.0,0.0,0.0,0.0,1.0
3,105,7.163481724374053,0.0,1.0,0.0,0.0,0.0,0.0,0.0
4,105,12.0,3.3948747149847684,1.0,0.0,0.0,0.0,0.0,0.0
5,105,0.614550832898735,11.126405906380326,0.0,0.0,0.0,1.0,1.0,0.0
6,105,6.191636622124007,4.670420657319759,0.0,1.0,1.0,1.0,0.0,1.0
7,105,5.87014993526544,8.079332135790649,1.0,0.0,0.0,0.0,0.0,0.0
8,105,0.0033101305609233,0.7190022293289674,0.0,1.0,1.0,0.0,0.0,0.0
9,105,0.8381921477990566,0.6796333871059814,1.0,1.0,0.0,0.0,1.0,1.0
10,105,9.127338291310943,4.615424691344917,1.0,1.0,1.0,0.0,1.0,0.0
11,105,5.929157401330714,10.53966905897222,0.0,1.0,0.0,0.0,1.0,0.0
12,105,0.0,3.843056223513026,0.0,1.0,1.0,1.0,1.0,0.0
13,105,10.630983687595824,7.054947717731897,0.0,0.0,0.0,0.0,1.0,1.0
14,105,8.108296255060152,2.808171637928324,1.0,0.0,0.0,1.0,0.0,1.0
0,110,0.875369424999824,9.945799438446732,0.0,0.0,0.0,0.0,0.0,1.0
1,110,10.32090601784478,0.0,1.0,0.0,0.0,1.0,1.0,1.0
2,110,9.412736089412704,3.3687503409597874,0.0,1.0,0.0,0.0,0.0,1.0
3,110,7.119816988936782,0.0,1.0,0.0,0.0,0.0,0.0,0.0
4,110,12.0,3.3225059718009704,1.0,0.0,0.0,0.0,0.0,0.0
5,110,0.5988542385756753,11.13287747511018,0.0,0.0,0.0,1.0,1.0,0.0
6,110,6.198449405535564,4.654193163514749,0.0,1.0,1.0,1.0,0.0,1.0
7,110,5.794321123007145,8.0890687743531,1.0,0.0,0.0,0.0,0.0,0.0
8,110,0.0,0.7682981505592827,0.0,1.0,1.0,0.0,0.0,0.0
9,110,0.8154998172362545,0.6847283514076173,1.0,1.0,0.0,0.0,1.0,1.0
10,110,9.176616457149027,4.645315583821829,1.0,1.0,1.0,0.0,1.0,0.0
11,110,5.927707193621971,10.557716098877604,0.0,1.0,0.0,0.0,1.0,0.0
12,110,0.0,3.6728978459349366,0.0,1.0,1.0,1.0,1.0,0.0
13,110,10.647783468206756,7.080553838934884,0.0,0.0,0.0,0.0,1.0,1.0
14,110,8.098171361163008,2.7556325716251635,1.0,0.0,0.0,1.0,0.0,1.0
0,115,0.8580503786252394,9.945721472687763,0.0,0.0,0.0,0.0,0.0,1.0
1,115,10.503729747703424,0.0,1.0,0.0,0.0,1.0,1.0,1.0
2,115,9.388630208815526,3.346689336065487,0.0,1.0,0.0,0.0,0.0,1.0
3,115,7.083260481544437,0.0,1.0,0.0,0.0,0.0,0.0,0.0
4,115,12.0,3.238697876379351,1.0,0.0,0.0,0.0,0.0,0.0
5,115,0.5847324219472887,11.138783572937111,0.0,0.0,0.0,1.0,1.0,0.0
6,115,6.212832067062138,4.621140355096289,0.0,1.0,1.0,1.0,0.0,1.0
7,115,5.736136761249396,8.097416690583243,1.0,0.0,0.0,0.0,0.0,0.0
8,115,0.0,0.8187349500196499,0.0,1.0,1.0,0.0,0.0,0.0
9,115,0.8105002836347811,0.6857210401396518,1.0,1.0,0.0,0.0,1.0,1.0
10,115,9.242195853243729,4.683624073632047,1.0,1.0,1.0,0.0,1.0,0.0
11,115,5.924835732349886,10.58494957838663,0.0,1.0,0.0,0.0,1.0,0.0
12,115,0.0,3.49766726658693,0.0,1.0,1.0,1.0,1.0,0.0
13,115,10.667833533779197,7.109654171909418,0.0,0.0,0.0,0.0,1.0,1.0
14,115,8.087016529720234,2.6984020662914987,1.0,0.0,0.0,1.0,0.0,1.0
0,120,0.8397954407793653,9.945525980020784,0.0,0.0,0.0,0.0,0.0,1.0
1,120,10.673993866677348,0.0,1.0,0.0,0.0,1.0,1.0,1.0
2,120,9.35537593309004,3.316111111037673,0.0,1.0,0.0,0.0,0.0,1.0
3,120,7.056198074111023,0.0,1.0,0.0,0.0,0.0,0.0,0.0
4,120,12.0,3.1381051166214724,1.0,0.0,0.0,0.0,0.0,0.0
5,120,0.56015842061927,11.148462309012828,0.0,0.0,0.0,1.0,1.0,0.0
6,120,6.222267348812454,4.59992767280121,0.0,1.0,1.0,1.0,0.0,1.0
7,120,5.642587488612469,8.113054699193265,1.0,0.0,0.0,0.0,0.0,0.0
8,120,0.0,0.8683814126042393,0.0,1.0,1.0,0.0,0.0,0.0
9,120,0.7907576961960727,0.6897057656130612,1.0,1.0,0.0,0.0,1.0,1.0
10,120,9.298039618092858,4.71716924737021,1.0,1.0,1.0,0.0,1.0,0.0
11,120,5.923342504532853,10.597716387748177,0.0,1.0,0.0,0.0,1.0,0.0
12,120,0.0,3.307548183284218,0.0,1.0,1.0,1.0,1.0,0.0
13,120,10.689461614771508,7.141958684951594,0.0,0.0,0.0,0.0,1.0,1.0
14,120,8.072057767949676,2.633587022971852,1.0,0.0,0.0,1.0,0.0,1.0
0,125,0.8516985861913119,9.94568262239812,0.0,0.0,0.0,0.0,0.0,1.0
1,125,10.864418138562272,0.0,1.0,0.0,0.0,1.0,1.0,1.0
2,125,9.31604167593141,3.2806012646225584,0.0,1.0,0.0,0.0,0.0,1.0
3,125,7.027859105074459,0.0,1.0,0.0,0.0,0.0,0.0,0.0
4,125,12.0,3.0526401526820583,1.0,0.0,0.0,0.0,0.0,0.0
5,125,0.5520453494899601,11.151920567528904,0.0,0.0,0.0,1.0,1.0,0.0
6,125,6.225317989519647,4.593900521631912,0.0,1.0,1.0,1.0,0.0,1.0
7,125,5.567734462765045,8.126206581275554,1.0,0.0,0.0,0.0,0.0,0.0
8,125,0.0,0.9074161819986682,0.0,1.0,1.0,0.0,0.0,0.0
9,125,0.7699450699468128,0.6937211288222911,1.0,1.0,0.0,0.0,1.0,1.0
10,125,9.34930695992519,4.7471140018313,1.0,1.0,1.0,0.0,1.0,0.0
11,125,5.921912252356892,10.612314619510157,0.0,1.0,0.0,0.0,1.0,0.0
12,125,0.0,3.104085267641896,0.0,1.0,1.0,1.0,1.0,0.0
13,125,10.72217747787174,7.192191422330625,0.0,0.0,0.0,0.0,1.0,1.0
14,125,8.056191717690288,2.5727008255506414,1.0,0.0,0.0,1.0,0.0,1.0
0,130,0.8523057226136731,9.945686728814096,0.0,0.0,0.0,0.0,0.0,1.0
1,130,11.05198116825495,0.0,1.0,0.0,0.0,1.0,1.0,1.0
2,130,9.263176720512156,3.232491735653452,0.0,1.0,0.0,0.0,0.0,1.0
3,130,6.99544091068787,0.0,1.0,0.0,0.0,0.0,0.0,0.0
4,130,12.0,2.960825029471927,1.0,0.0,0.0,0.0,0.0,0.0
5,130,0.544373762238976,11.155033766163596,0.0,0.0,0.0,1.0,1.0,0.0
6,130,6.226508585652361,4.591600417095922,0.0,1.0,1.0,1.0,0.0,1.0
7,130,5.487313972329655,8.139548153968574,1.0,0.0,0.0,0.0,0.0,0.0
8,130,0.0,0.9501813402212044,0.0,1.0,1.0,0.0,0.0,0.0
9,130,0.7329588386469112,0.7015751671623789,1.0,1.0,0.0,0.0,1.0,1.0
10,130,9.405829200381367,4.779618971592548,1.0,1.0,1.0,0.0,1.0,0.0
11,130,5.92082714090023,10.62833451688529,0.0,1.0,0.0,0.0,1.0,0.0
12,130,0.0,2.894644691156807,0.0,1.0,1.0,1.0,1.0,0.0
13,130,10.750207812328204,7.234516367600395,0.0,0.0,0.0,0.0,1.0,1.0
14,130,8.038194608601138,2.505664206340918,1.0,0.0,0.0,1.0,0.0,1.0
0,135,0.8372021948916583,9.945380000694175,0.0,0.0,0.0,0.0,0.0,1.0
1,135,11.248127972965852,0.0,1.0,0.0,0.0,1.0,1.0,1.0
2,135,9.199433794314237,3.1768413344511117,0.0,1.0,0.0,0.0,0.0,1.0
3,135,6.960523534860625,0.0,1.0,0.0,0.0,0.0,0.0,0.0
4,135,12.0,2.8626871497285067,1.0,0.0,0.0,0.0,0.0,0.0
5,135,0.5355497576289147,11.1583629598153,0.0,0.0,0.0,1.0,1.0,0.0
6,135,6.22273778318328,4.599037204142099,0.0,1.0,1.0,1.0,0.0,1.0
7,135,5.411311989266316,8.152192605474605,1.0,0.0,0.0,0.0,0.0,0.0
8,135,0.0,0.9984930451880568,0.0,1.0,1.0,0.0,0.0,0.0
9,135,0.715376768649311,0.704409712885038,1.0,1.0,0.0,0.0,1.0,1.0
10,135,9.469215460492183,4.815789598072128,1.0,1.0,1.0,0.0,1.0,0.0
11,135,5.920401090299928,10.639941891242902,0.0,1.0,0.0,0.0,1.0,0.0
12,135,0.0,2.6795944892456425,0.0,1.0,1.0,1.0,1.0,0.0
13,135,10.784181637052894,7.284822861474666,0.0,0.0,0.0,0.0,1.0,1.0
14,135,8.016375028183205,2.4206155698401437,1.0,0.0,0.0,1.0,0.0,1.0
0,140,0.8288988570695411,9.945295255470894,0.0,0.0,0.0,0.0,0.0,1.0
1,140,11.450725931369083,0.0,1.0,0.0,0.0,1.0,1.0,1.0
2,140,9.134234727384124,3.1197466890680445,0.0,1.0,0.0,0.0,0.0,1.0
3,140,6.942934426170421,0.0,1.0,0.0,0.0,0.0,0.0,0.0
4,140,12.0,2.759245556044272,1.0,0.0,0.0,0.0,0.0,0.0
5,140,0.5018810187600485,11.170169052001372,0.0,0.0,0.0,1.0,1.0,0.0
6,140,6.2162121346815615,4.612106876735718,0.0,1.0,1.0,1.0,0.0,1.0
7,140,5.345236984873392,8.163202470727011,1.0,0.0,0.0,0.0,0.0,0.0
8,140,0.0,1.0444566848622414,0.0,1.0,1.0,0.0,0.0,0.0
9,140,0.6781741245881634,0.7105048039623262,1.0,1.0,0.0,0.0,1.0,1.0
10,140,9.531325769254025,4.851132125565109,1.0,1.0,1.0,0.0,1.0,0.0
11,140,5.919355435425532,10.661392540552798,0.0,1.0,0.0,0.0,1.0,0.0
12,140,0.0,2.4525715097608085,0.0,1.0,1.0,1.0,1.0,0.0
13,140,10.841637434609073,7.36775730668381,0.0,0.0,0.0,0.0,1.0,1.0
14,140,7.99592083302345,2.3351797083480634,1.0,0.0,0.0,1.0,0.0,1.0
0,145,0.8214294648178873,9.94525612509679,0.0,0.0,0.0,0.0,0.0,1.0
1,145,11.644235000276284,0.0,1.0,0.0,0.0,1.0,1.0,1.0
2,145,9.08208931089392,3.0718757902176748,0.0,1.0,0.0,0.0,0.0,1.0
3,145,6.922468693089943,0.0,1.0,0.0,0.0,0.0,0.0,0.0
4,145,12.0,2.6652715881216933,1.0,0.0,0.0,0.0,0.0,0.0
5,145,0.4719525109839899,11.18045046603838,0.0,0.0,0.0,1.0,1.0,0.0
6,145,6.214145132564475,4.616155177149381,0.0,1.0,1.0,1.0,0.0,1.0
7,145,5.262474301507583,8.176326959091156,1.0,0.0,0.0,0.0,0.0,0.0
8,145,0.0,1.0935225521306116,0.0,1.0,1.0,0.0,0.0,0.0
9,145,0.6701868858095114,0.6613734413744833,1.0,1.0,0.0,0.0,1.0,1.0
10,145,9.60618536262735,4.892697576093924,1.0,1.0,1.0,0.0,1.0,0.0
11,145,5.915395774375692,10.723078719317993,0.0,1.0,0.0,0.0,1.0,0.0
12,145,0.0,2.201470476025285,0.0,1.0,1.0,1.0,1.0,0.0
13,145,10.884661967992352,7.430620189255767,0.0,0.0,0.0,0.0,1.0,1.0
14,145,7.972414850383057,2.2422528644511472,1.0,0.0,0.0,1.0,0.0,1.0
0,150,0.8375300105015953,9.945416599671177,0.0,0.0,0.0,0.0,0.0,1.0
1,150,11.838703358459894,0.0,1.0,0.0,0.0,1.0,1.0,1.0
2,150,9.0416402917272,3.0343380301757183,0.0,1.0,0.0,0.0,0.0,1.0
3,150,6.910006683468116,0.0,1.0,0.0,0.0,0.0,0.0,0.0
4,150,12.0,2.5656367435407037,1.0,0.0,0.0,0.0,0.0,0.0
5,150,0.4512852796775706,11.187723372282267,0.0,0.0,0.0,1.0,1.0,0.0
6,150,6.210977692616231,4.6223791727094925,0.0,1.0,1.0,1.0,0.0,1.0
7,150,5.186884197135212,8.187154860931596,1.0,0.0,0.0,0.0,0.0,0.0
8,150,0.0,1.1440502373124526,0.0,1.0,1.0,0.0,0.0,0.0
9,150,0.661192051938018,0.6110697121388727,1.0,1.0,0.0,0.0,1.0,1.0
10,150,9.67338350672568,4.929088702892065,1.0,1.0,1.0,0.0,1.0,0.0
11,150,5.911750915529128,10.772512214401802,0.0,1.0,0.0,0.0,1.0,0.0
12,150,0.0,1.9544176113984524,0.0,1.0,1.0,1.0,1.0,0.0
13,150,10.928746000286084,7.494834089272054,0.0,0.0,0.0,0.0,1.0,1.0
14,150,7.953820898039539,2.159541376041864,1.0,0.0,0.0,1.0,0.0,1.0
0,155,0.8501376002881194,9.945434404775522,0.0,0.0,0.0,0.0,0.0,1.0
1,155,12.0,0.0,1.0,0.0,0.0,1.0,1.0,1.0
2,155,9.001164592342324,2.997091103205236,0.0,1.0,0.0,0.0,0.0,1.0
3,155,6.901021817630264,0.0,1.0,0.0,0.0,0.0,0.0,0.0
4,155,12.0,2.465940471484148,1.0,0.0,0.0,0.0,0.0,0.0
5,155,0.4221656450020756,11.19789430801681,0.0,0.0,0.0,1.0,1.0,0.0
6,155,6.206909172651232,4.630236505974955,0.0,1.0,1.0,1.0,0.0,1.0
7,155,5.103937743711083,8.197281237240094,1.0,0.0,0.0,0.0,0.0,0.0
8,155,0.0,1.2001032755161731,0.0,1.0,1.0,0.0,0.0,0.0
9,155,0.6493895256395058,0.5451179070055756,1.0,1.0,0.0,0.0,1.0,1.0
10,155,9.740879011635842,4.964862290612867,1.0,1.0,1.0,0.0,1.0,0.0
11,155,5.904759738053106,10.84205889178766,0.0,1.0,0.0,0.0,1.0,0.0
12,155,0.0,1.721996124301355,0.0,1.0,1.0,1.0,1.0,0.0
13,155,10.98335561476247,7.573448702630434,0.0,0.0,0.0,0.0,1.0,1.0
14,155,8.057750598459242,2.13718450815694,1.0,0.0,0.0,1.0,0.0,1.0
0,160,0.838293342074777,9.9453827000449,0.0,0.0,0.0,0.0,0.0,1.0
1,160,12.0,0.0,1.0,0.0,0.0,1.0,1.0,1.0
2,160,8.964676512595883,2.963833029026425,0.0,1.0,0.0,0.0,0.0,1.0
3,160,6.90584453771535,0.0,1.0,0.0,0.0,0.0,0.0,0.0
4,160,12.0,2.3650872472474607,1.0,0.0,0.0,0.0,0.0,0.0
5,160,0.3788186835417774,11.211952565716196,0.0,0.0,0.0,1.0,1.0,0.0
6,160,6.200462884962488,4.64257431183174,0.0,1.0,1.0,1.0,0.0,1.0
7,160,5.019555126918693,8.2096179172226,1.0,0.0,0.0,0.0,0.0,0.0
8,160,0.0,1.265130984696357,0.0,1.0,1.0,0.0,0.0,0.0
9,160,0.639439109954222,0.4737698149350078,1.0,1.0,0.0,0.0,1.0,1.0
10,160,9.81104390098774,5.000918976897711,1.0,1.0,1.0,0.0,1.0,0.0
11,160,5.899625966444277,10.90935730431088,0.0,1.0,0.0,0.0,1.0,0.0
12,160,0.0,1.4962212205753536,0.0,1.0,1.0,1.0,1.0,0.0
13,160,11.04520231130834,7.660061230827666,0.0,0.0,0.0,0.0,1.0,1.0
14,160,8.183490132837116,2.10490723530818,1.0,0.0,0.0,1.0,0.0,1.0
0,165,0.8202514861921213,9.945681747980888,0.0,0.0,0.0,0.0,0.0,1.0
1,165,12.0,0.0,1.0,0.0,0.0,1.0,1.0,1.0
2,165,8.937518435586089,2.9380392990716007,0.0,1.0,0.0,0.0,0.0,1.0
3,165,6.935868278119133,0.0,1.0,0.0,0.0,0.0,0.0,0.0
4,165,11.900759011752864,2.322130332860915,1.0,0.0,0.0,0.0,0.0,0.0
5,165,0.3418750811921641,11.2247694161526,0.0,0.0,0.0,1.0,1.0,0.0
6,165,6.197219462864191,4.648401352112192,0.0,1.0,1.0,1.0,0.0,1.0
7,165,4.903985334070133,8.229853299920688,1.0,0.0,0.0,0.0,0.0,0.0
8,165,0.0,1.329596235095977,0.0,1.0,1.0,0.0,0.0,0.0
9,165,0.628200008471579,0.3991154055514785,1.0,1.0,0.0,0.0,1.0,1.0
10,165,9.87104088099922,5.031174642850349,1.0,1.0,1.0,0.0,1.0,0.0
11,165,5.895826884777168,10.963802609436364,0.0,1.0,0.0,0.0,1.0,0.0
12,165,0.0,1.2813286541605968,0.0,1.0,1.0,1.0,1.0,0.0
13,165,11.099404238053458,7.735645876454442,0.0,0.0,0.0,0.0,1.0,1.0
14,165,8.310883189157025,2.07630205872606,1.0,0.0,0.0,1.0,0.0,1.0
0,170,0.7977198362574274,9.946692942044043,0.0,0.0,0.0,0.0,0.0,1.0
1,170,12.0,0.0,1.0,0.0,0.0,1.0,1.0,1.0
2,170,8.89688123200324,2.8970909517615264,0.0,1.0,0.0,0.0,0.0,1.0
3,170,6.949095036297114,0.0,1.0,0.0,0.0,0.0,0.0,0.0
4,170,11.81847903042192,2.283945775889901,1.0,0.0,0.0,0.0,0.0,0.0
5,170,0.2927724774479388,11.24017159575031,0.0,0.0,0.0,1.0,1.0,0.0
6,170,6.190514531283273,4.660695659959146,0.0,1.0,1.0,1.0,0.0,1.0
7,170,4.793003000060436,8.249274276127348,1.0,0.0,0.0,0.0,0.0,0.0
8,170,0.0,1.3888901320932177,0.0,1.0,1.0,0.0,0.0,0.0
9,170,0.619523866773864,0.3400735071727961,1.0,1.0,0.0,0.0,1.0,1.0
10,170,9.938440282785551,5.063881846885495,1.0,1.0,1.0,0.0,1.0,0.0
11,170,5.892479648371359,11.005351503134284,0.0,1.0,0.0,0.0,1.0,0.0
12,170,0.0,1.064970292452085,0.0,1.0,1.0,1.0,1.0,0.0
13,170,11.14433650772234,7.80405838141349,0.0,0.0,0.0,0.0,1.0,1.0
14,170,8.452465622330054,2.04278047640641,1.0,0.0,0.0,1.0,0.0,1.0
0,175,0.7789913570019387,9.947833334589964,0.0,0.0,0.0,0.0,0.0,1.0
1,175,12.0,0.0,1.0,0.0,0.0,1.0,1.0,1.0
2,175,8.864520389458734,2.8652464164914924,0.0,1.0,0.0,0.0,0.0,1.0
3,175,6.957947547436468,0.0,1.0,0.0,0.0,0.0,0.0,0.0
4,175,11.753771038394603,2.255314342831795,1.0,0.0,0.0,0.0,0.0,0.0
5,175,0.2298312475752297,11.260629722014034,0.0,0.0,0.0,1.0,1.0,0.0
6,175,6.184722072978396,4.671567143993639,0.0,1.0,1.0,1.0,0.0,1.0
7,175,4.672195340577673,8.268575755918379,1.0,0.0,0.0,0.0,0.0,0.0
8,175,0.0,1.4522290987593935,0.0,1.0,1.0,0.0,0.0,0.0
9,175,0.6148903696165305,0.3084745495730797,1.0,1.0,0.0,0.0,1.0,1.0
10,175,9.996363255955458,5.088923151356714,1.0,1.0,1.0,0.0,1.0,0.0
11,175,5.889142182139036,11.037167415864449,0.0,1.0,0.0,0.0,1.0,0.0
12,175,0.0,0.8524735199643605,0.0,1.0,1.0,1.0,1.0,0.0
13,175,11.190405547314892,7.879347636031668,0.0,0.0,0.0,0.0,1.0,1.0
14,175,8.595093658138024,2.011659724066772,1.0,0.0,0.0,1.0,0.0,1.0
0,180,0.7545980057743705,9.949759508315168,0.0,0.0,0.0,0.0,0.0,1.0
1,180,12.0,0.0,1.0,0.0,0.0,1.0,1.0,1.0
2,180,8.826909142820664,2.8283492252948186,0.0,1.0,0.0,0.0,0.0,1.0
3,180,6.968689008729153,0.0,1.0,0.0,0.0,0.0,0.0,0.0
4,180,11.700888027948858,2.2307916824385106,1.0,0.0,0.0,0.0,0.0,0.0
5,180,0.1815551212112952,11.277309739242726,0.0,0.0,0.0,1.0,1.0,0.0
6,180,6.178822310964826,4.682563930049325,0.0,1.0,1.0,1.0,0.0,1.0
7,180,4.543366101274316,8.290605289210383,1.0,0.0,0.0,0.0,0.0,0.0
8,180,0.0,1.514076990412503,0.0,1.0,1.0,0.0,0.0,0.0
9,180,0.6101561893135559,0.2756346804743252,1.0,1.0,0.0,0.0,1.0,1.0
10,180,10.071947968889855,5.120678715272862,1.0,1.0,1.0,0.0,1.0,0.0
11,180,5.886162596547898,11.06888396067606,0.0,1.0,0.0,0.0,1.0,0.0
12,180,0.0,0.6620825942970524,0.0,1.0,1.0,1.0,1.0,0.0
13,180,11.23659809229383,7.954984099997285,0.0,0.0,0.0,0.0,1.0,1.0
14,180,8.749621305746677,1.9778246131789088,1.0,0.0,0.0,1.0,0.0,1.0
0,185,0.7303517784090691,9.951652699227235,0.0,0.0,0.0,0.0,0.0,1.0
1,185,12.0,0.0,1.0,0.0,0.0,1.0,1.0,1.0
2,185,8.803424942167862,2.805563396059787,0.0,1.0,0.0,0.0,0.0,1.0
3,185,6.970892493376511,0.0,1.0,0.0,0.0,0.0,0.0,0.0
4,185,11.637446321652682,2.2011800701359534,1.0,0.0,0.0,0.0,0.0,0.0
5,185,0.1081907266261601,11.300591787346637,0.0,0.0,0.0,1.0,1.0,0.0
6,185,6.1868511736103455,4.667231640245731,0.0,1.0,1.0,1.0,0.0,1.0
7,185,4.41819289036327,8.315156148166178,1.0,0.0,0.0,0.0,0.0,0.0
8,185,0.0,1.572523557843353,0.0,1.0,1.0,0.0,0.0,0.0
9,185,0.6083818875002519,0.2631746172014983,1.0,1.0,0.0,0.0,1.0,1.0
10,185,10.15076881424446,5.153673914450351,1.0,1.0,1.0,0.0,1.0,0.0
11,185,5.882920965993563,11.107761906475442,0.0,1.0,0.0,0.0,1.0,0.0
12,185,0.0,0.4913226860972111,0.0,1.0,1.0,1.0,1.0,0.0
13,185,11.288047269537511,8.036435633229377,0.0,0.0,0.0,0.0,1.0,1.0
14,185,8.904188177677712,1.9465911075207996,1.0,0.0,0.0,1.0,0.0,1.0
0,190,0.7157124237647744,9.952982141699753,0.0,0.0,0.0,0.0,0.0,1.0
1,190,12.0,0.0,1.0,0.0,0.0,1.0,1.0,1.0
2,190,8.775843888328547,2.779401392441118,0.0,1.0,0.0,0.0,0.0,1.0
3,190,6.962133614086918,0.0106526221723897,1.0,0.0,0.0,0.0,0.0,0.0
4,190,11.587798447071751,2.1767805233791,1.0,0.0,0.0,0.0,0.0,0.0
5,190,0.0428360339034637,11.32122565310343,0.0,0.0,0.0,1.0,1.0,0.0
6,190,6.196267098847882,4.648933306102237,0.0,1.0,1.0,1.0,0.0,1.0
7,190,4.285524368068225,8.339514242318213,1.0,0.0,0.0,0.0,0.0,0.0
8,190,0.0,1.636208476171195,0.0,1.0,1.0,0.0,0.0,0.0
9,190,0.6035208547830689,0.2328684545842863,1.0,1.0,0.0,0.0,1.0,1.0
10,190,10.229440173373174,5.184049791192799,1.0,1.0,1.0,0.0,1.0,0.0
11,190,5.880253784654418,11.147974000818506,0.0,1.0,0.0,0.0,1.0,0.0
12,190,0.0,0.3328737692465359,0.0,1.0,1.0,1.0,1.0,0.0
13,190,11.339868652041003,8.127300159467081,0.0,0.0,0.0,0.0,1.0,1.0
14,190,9.062641134599184,1.91954159378592,1.0,0.0,0.0,1.0,0.0,1.0
0,195,0.6951975729876846,9.954604519118869,0.0,0.0,0.0,0.0,0.0,1.0
1,195,12.0,0.0,1.0,0.0,0.0,1.0,1.0,1.0
2,195,8.757438804605256,2.761764275623976,0.0,1.0,0.0,0.0,0.0,1.0
3,195,6.948236439364704,0.0288214903345681,1.0,0.0,0.0,0.0,0.0,0.0
4,195,11.547793068722024,2.1565009705491147,1.0,0.0,0.0,0.0,0.0,0.0
5,195,0.0,11.351020458831488,0.0,0.0,0.0,1.0,1.0,0.0
6,195,6.198377025476477,4.644598933453909,0.0,1.0,1.0,1.0,0.0,1.0
7,195,4.162699873083663,8.35958562381608,1.0,0.0,0.0,0.0,0.0,0.0
8,195,0.0,1.6923508561856857,0.0,1.0,1.0,0.0,0.0,0.0
9,195,0.6008483360742898,0.2179472631665665,1.0,1.0,0.0,0.0,1.0,1.0
10,195,10.298572317593475,5.209732816485625,1.0,1.0,1.0,0.0,1.0,0.0
11,195,5.877219414865,11.187231766414907,0.0,1.0,0.0,0.0,1.0,0.0
12,195,0.0,0.1651075472371279,0.0,1.0,1.0,1.0,1.0,0.0
13,195,11.385234718104131,8.20680122082071,0.0,0.0,0.0,0.0,1.0,1.0
14,195,9.2164810378849,1.8924387514413803,1.0,0.0,0.0,1.0,0.0,1.0
0,200,0.6793065731614012,9.955423629827328,0.0,0.0,0.0,0.0,0.0,1.0
1,200,12.0,0.0,1.0,0.0,0.0,1.0,1.0,1.0
2,200,8.735385919605967,2.7409991697468805,0.0,1.0,0.0,0.0,0.0,1.0
3,200,6.936991424006999,0.0200366953932054,1.0,0.0,0.0,0.0,0.0,0.0
4,200,11.500567035035465,2.131805903704685,1.0,0.0,0.0,0.0,0.0,0.0
5,200,0.0,11.384108906508413,0.0,0.0,0.0,1.0,1.0,0.0
6,200,6.211198582909021,4.619280720947678,0.0,1.0,1.0,1.0,0.0,1.0
7,200,4.036287820720919,8.378621868827574,1.0,0.0,0.0,0.0,0.0,0.0
8,200,0.0,1.7388725764234587,0.0,1.0,1.0,0.0,0.0,0.0
9,200,0.59317365241773,0.1834192625148175,1.0,1.0,0.0,0.0,1.0,1.0
10,200,10.399497610840696,5.245627660917553,1.0,1.0,1.0,0.0,1.0,0.0
11,200,5.87177755054913,11.255654847851607,0.0,1.0,0.0,0.0,1.0,0.0
12,200,0.0,0.0,0.0,1.0,1.0,1.0,1.0,0.0
13,200,11.439982612112008,8.30532842657599,0.0,0.0,0.0,0.0,1.0,1.0
14,200,9.352350996155112,1.8685466344270705,1.0,0.0,0.0,1.0,0.0,1.0
0,205,0.6688121817991222,9.956250750846488,0.0,0.0,0.0,0.0,0.0,1.0
1,205,12.0,0.0,1.0,0.0,0.0,1.0,1.0,1.0
2,205,8.722742491399467,2.728424642191045,0.0,1.0,0.0,0.0,0.0,1.0
3,205,6.933329950995947,0.0171559652363128,1.0,0.0,0.0,0.0,0.0,0.0
4,205,11.437499528739629,2.100674618590461,1.0,0.0,0.0,0.0,0.0,0.0
5,205,0.0,11.422139394680128,0.0,0.0,0.0,1.0,1.0,0.0
6,205,6.240982779040848,4.556902623285864,0.0,1.0,1.0,1.0,0.0,1.0
7,205,3.914154388575604,8.396243414817254,1.0,0.0,0.0,0.0,0.0,0.0
8,205,0.0,1.7920404606054146,0.0,1.0,1.0,0.0,0.0,0.0
9,205,0.5859254444020342,0.1486055304536888,1.0,1.0,0.0,0.0,1.0,1.0
10,205,10.500457783652635,5.279487849925299,1.0,1.0,1.0,0.0,1.0,0.0
11,205,5.865687639995583,11.331692634968888,0.0,1.0,0.0,0.0,1.0,0.0
12,205,0.0,0.0,0.0,1.0,1.0,1.0,1.0,0.0
13,205,11.5025460998343,8.412884903994058,0.0,0.0,0.0,0.0,1.0,1.0
14,205,9.480511123690132,1.843598189740977,1.0,0.0,0.0,1.0,0.0,1.0
0,210,0.6638941354634681,9.95654440707009,0.0,0.0,0.0,0.0,0.0,1.0
1,210,12.0,0.0,1.0,0.0,0.0,1.0,1.0,1.0
2,210,8.702990727127961,2.7076417607743672,0.0,1.0,0.0,0.0,0.0,1.0
3,210,6.911395898803031,0.0007277402014562,1.0,0.0,0.0,0.0,0.0,0.0
4,210,11.355474468741544,2.060552161435007,1.0,0.0,0.0,0.0,0.0,0.0
5,210,0.0,11.453861074169584,0.0,0.0,0.0,1.0,1.0,0.0
6,210,6.269693965219561,4.497625560235498,0.0,1.0,1.0,1.0,0.0,1.0
7,210,3.798306547009224,8.415172653244523,1.0,0.0,0.0,0.0,0.0,0.0
8,210,0.0,1.8442220971074423,0.0,1.0,1.0,0.0,0.0,0.0
9,210,0.5837198716842451,0.1367814666145443,1.0,1.0,0.0,0.0,1.0,1.0
10,210,10.600464067256446,5.313111055606603,1.0,1.0,1.0,0.0,1.0,0.0
11,210,5.860428029849535,11.40642596999765,0.0,1.0,0.0,0.0,1.0,0.0
12,210,0.0,0.0,0.0,1.0,1.0,1.0,1.0,0.0
13,210,11.56158675021686,8.51933549593395,0.0,0.0,0.0,0.0,1.0,1.0
14,210,9.612896360710096,1.815624187930662,1.0,0.0,0.0,1.0,0.0,1.0
0,215,0.6462628371315005,9.957493208816675,0.0,0.0,0.0,0.0,0.0,1.0
1,215,12.0,0.0,1.0,0.0,0.0,1.0,1.0,1.0
2,215,8.658892076338848,2.662166294755111,0.0,1.0,0.0,0.0,0.0,1.0
3,215,6.898562767823027,0.0,1.0,0.0,0.0,0.0,0.0,0.0
4,215,11.2846760666709,2.02352306332884,1.0,0.0,0.0,0.0,0.0,0.0
5,215,0.0,11.48559221936688,0.0,0.0,0.0,1.0,1.0,0.0
6,215,6.296061329759096,4.4443133347964485,0.0,1.0,1.0,1.0,0.0,1.0
7,215,3.6788514065670666,8.436886885743151,1.0,0.0,0.0,0.0,0.0,0.0
8,215,0.0,1.8863651282610037,0.0,1.0,1.0,0.0,0.0,0.0
9,215,0.5839729182552319,0.1380950609667985,1.0,1.0,0.0,0.0,1.0,1.0
10,215,10.682186646990685,5.342232639320437,1.0,1.0,1.0,0.0,1.0,0.0
11,215,5.855926765056478,11.464394757073268,0.0,1.0,0.0,0.0,1.0,0.0
12,215,0.0,0.0,0.0,1.0,1.0,1.0,1.0,0.0
13,215,11.612196211754044,8.608914725735884,0.0,0.0,0.0,0.0,1.0,1.0
14,215,9.727327686279072,1.794397568182692,1.0,0.0,0.0,1.0,0.0,1.0
0,220,0.6316927150772972,9.95846750885858,0.0,0.0,0.0,0.0,0.0,1.0
1,220,12.0,0.0,1.0,0.0,0.0,1.0,1.0,1.0
2,220,8.610048044216516,2.610147727415678,0.0,1.0,0.0,0.0,0.0,1.0
3,220,6.877840497138863,0.0,1.0,0.0,0.0,0.0,0.0,0.0
4,220,11.21382911551556,1.987591894028819,1.0,0.0,0.0,0.0,0.0,0.0
5,220,0.0,11.521028109385089,0.0,0.0,0.0,1.0,1.0,0.0
6,220,6.335597608590583,4.362971514416828,0.0,1.0,1.0,1.0,0.0,1.0
7,220,3.5447308354436986,8.461263847524378,1.0,0.0,0.0,0.0,0.0,0.0
8,220,0.0,1.9336069419295985,0.0,1.0,1.0,0.0,0.0,0.0
9,220,0.583515481764297,0.1357666146839343,1.0,1.0,0.0,0.0,1.0,1.0
10,220,10.739964528394523,5.362132194870226,1.0,1.0,1.0,0.0,1.0,0.0
11,220,5.852036229486471,11.532669075072246,0.0,1.0,0.0,0.0,1.0,0.0
12,220,0.0,0.0,0.0,1.0,1.0,1.0,1.0,0.0
13,220,11.661346723282794,8.695924093986571,0.0,0.0,0.0,0.0,1.0,1.0
14,220,9.848813332517985,1.771016898276958,1.0,0.0,0.0,1.0,0.0,1.0
0,225,0.6050011842658874,9.96123536123178,0.0,0.0,0.0,0.0,0.0,1.0
1,225,12.0,0.0,1.0,0.0,0.0,1.0,1.0,1.0
2,225,8.568787841860017,2.5670060745574066,0.0,1.0,0.0,0.0,0.0,1.0
3,225,6.86488659255912,0.0,1.0,0.0,0.0,0.0,0.0,0.0
4,225,11.120858379575433,1.940623925214764,1.0,0.0,0.0,0.0,0.0,0.0
5,225,0.0,11.55867631311883,0.0,0.0,0.0,1.0,1.0,0.0
6,225,6.369927147582128,4.28739781235867,0.0,1.0,1.0,1.0,0.0,1.0
7,225,3.384030256336487,8.492164561430629,1.0,0.0,0.0,0.0,0.0,0.0
8,225,0.0,1.7282678918636205,0.0,1.0,1.0,0.0,0.0,0.0
9,225,0.5848829887258861,0.1423569627186554,1.0,1.0,0.0,0.0,1.0,1.0
10,225,10.790194507593773,5.378980719182271,1.0,1.0,1.0,0.0,1.0,0.0
11,225,5.845642608349024,11.62526672569812,0.0,1.0,0.0,0.0,1.0,0.0
12,225,0.0,0.0,0.0,1.0,1.0,1.0,1.0,0.0
13,225,11.721720481075549,8.805657196536899,0.0,0.0,0.0,0.0,1.0,1.0
14,225,9.98840184490383,1.7517221849035105,1.0,0.0,0.0,1.0,0.0,1.0
0,230,0.5633212380084178,9.965618620758535,0.0,0.0,0.0,0.0,0.0,1.0
1,230,12.0,0.0,1.0,0.0,0.0,1.0,1.0,1.0
2,230,8.51893336711621,2.513983837106523,0.0,1.0,0.0,0.0,0.0,1.0
3,230,6.835896554894698,0.0,1.0,0.0,0.0,0.0,0.0,0.0
4,230,11.019632209059088,1.8877624961800008,1.0,0.0,0.0,0.0,0.0,0.0
5,230,0.0,11.607153849858028,0.0,0.0,0.0,1.0,1.0,0.0
6,230,6.403047503901967,4.214946010048784,0.0,1.0,1.0,1.0,0.0,1.0
7,230,3.2153493426275603,8.525231845375494,1.0,0.0,0.0,0.0,0.0,0.0
8,230,0.0,1.5399426799680327,0.0,1.0,1.0,0.0,0.0,0.0
9,230,0.5844733579337771,0.1403474640325365,1.0,1.0,0.0,0.0,1.0,1.0
10,230,10.820253074901215,5.389328366948968,1.0,1.0,1.0,0.0,1.0,0.0
11,230,5.841381290741746,11.710303822589118,0.0,1.0,0.0,0.0,1.0,0.0
12,230,0.0,0.0,0.0,1.0,1.0,1.0,1.0,0.0
13,230,11.786797096293634,8.929242724655241,0.0,0.0,0.0,0.0,1.0,1.0
14,230,10.133957606146344,1.7302965414797291,1.0,0.0,0.0,1.0,0.0,1.0
0,235,0.5337788810669762,9.96902223718129,0.0,0.0,0.0,0.0,0.0,1.0
1,235,12.0,0.0,1.0,0.0,0.0,1.0,1.0,1.0
2,235,8.4745695140185,2.4681030458886606,0.0,1.0,0.0,0.0,0.0,1.0
3,235,6.797497321307057,0.0,1.0,0.0,0.0,0.0,0.0,0.0
4,235,10.927941492907724,1.838450948271426,1.0,0.0,0.0,0.0,0.0,0.0
5,235,0.0,11.664033453383473,0.0,0.0,0.0,1.0,1.0,0.0
6,235,6.430394462913902,4.153339940844888,0.0,1.0,1.0,1.0,0.0,1.0
7,235,3.051790206854875,8.556974638199575,1.0,0.0,0.0,0.0,0.0,0.0
8,235,0.0,1.3329100806773275,0.0,1.0,1.0,0.0,0.0,0.0
9,235,0.5849985152224216,0.1429582381027096,1.0,1.0,0.0,0.0,1.0,1.0
10,235,10.848040807859578,5.398352012919436,1.0,1.0,1.0,0.0,1.0,0.0
11,235,5.837752470535834,11.780416610975728,0.0,1.0,0.0,0.0,1.0,0.0
12,235,0.198336803999773,0.0,0.0,1.0,1.0,1.0,1.0,0.0
13,235,11.85668101026097,9.062157085418878,0.0,0.0,0.0,0.0,1.0,1.0
14,235,10.25160658786227,1.7136067213471544,1.0,0.0,0.0,1.0,0.0,1.0
0,240,0.5172486378443623,9.971254252141469,0.0,0.0,0.0,0.0,0.0,1.0
1,240,12.0,0.0,1.0,0.0,0.0,1.0,1.0,1.0
2,240,8.436011307353457,2.429178881655233,0.0,1.0,0.0,0.0,0.0,1.0
3,240,6.766795404806719,0.0,1.0,0.0,0.0,0.0,0.0,0.0
4,240,10.826348457629493,1.787021319738125,1.0,0.0,0.0,0.0,0.0,0.0
5,240,0.0,11.72662503406799,0.0,0.0,0.0,1.0,1.0,0.0
6,240,6.458837522990289,4.087509623139498,0.0,1.0,1.0,1.0,0.0,1.0
7,240,2.876095742857868,8.590442676244512,1.0,0.0,0.0,0.0,0.0,0.0
8,240,0.0,1.1319761506854484,0.0,1.0,1.0,0.0,0.0,0.0
9,240,0.5865017247947698,0.1515983664650445,1.0,1.0,0.0,0.0,1.0,1.0
10,240,10.853629234318731,5.400153191959245,1.0,1.0,1.0,0.0,1.0,0.0
11,240,5.834857658114382,11.85341008690232,0.0,1.0,0.0,0.0,1.0,0.0
12,240,0.4065702125687438,0.0,0.0,1.0,1.0,1.0,1.0,0.0
13,240,11.933785747093788,9.213623876540352,0.0,0.0,0.0,0.0,1.0,1.0
14,240,10.367133692143993,1.695194674753538,1.0,0.0,0.0,1.0,0.0,1.0
0,245,0.5034636361783486,9.973154709593391,0.0,0.0,0.0,0.0,0.0,1.0
1,245,12.0,0.0,1.0,0.0,0.0,1.0,1.0,1.0
2,245,8.406895322988623,2.398366805432509,0.0,1.0,0.0,0.0,0.0,1.0
3,245,6.722789453778931,0.0,1.0,0.0,0.0,0.0,0.0,0.0
4,245,10.73303478035715,1.7383096834456055,1.0,0.0,0.0,0.0,0.0,0.0
5,245,0.0,11.78575764341195,0.0,0.0,0.0,1.0,1.0,0.0
6,245,6.486305216072988,4.021409699130286,0.0,1.0,1.0,1.0,0.0,1.0
7,245,2.718607907938924,8.617790492116232,1.0,0.0,0.0,0.0,0.0,0.0
8,245,0.0,0.9518362892771876,0.0,1.0,1.0,0.0,0.0,0.0
9,245,0.5885474688183601,0.1641187111223132,1.0,1.0,0.0,0.0,1.0,1.0
10,245,10.860752035832112,5.402436733194389,1.0,1.0,1.0,0.0,1.0,0.0
11,245,5.833056744879924,11.93877797107152,0.0,1.0,0.0,0.0,1.0,0.0
12,245,0.634705375918485,0.0,0.0,1.0,1.0,1.0,1.0,0.0
13,245,12.0,9.351727956362234,0.0,0.0,0.0,0.0,1.0,1.0
14,245,10.474325935515838,1.6768743709542029,1.0,0.0,0.0,1.0,0.0,1.0
0,250,0.4862238959676932,9.975188015854402,0.0,0.0,0.0,0.0,0.0,1.0
1,250,12.0,0.0,1.0,0.0,0.0,1.0,1.0,1.0
2,250,8.370291076497722,2.3586205278882253,0.0,1.0,0.0,0.0,0.0,1.0
3,250,6.669704003977518,0.0,1.0,0.0,0.0,0.0,0.0,0.0
4,250,10.646145610048109,1.6929402538067138,1.0,0.0,0.0,0.0,0.0,0.0
5,250,0.0,11.8424712959198,0.0,0.0,0.0,1.0,1.0,0.0
6,250,6.514139070956978,3.955125899770708,0.0,1.0,1.0,1.0,0.0,1.0
7,250,2.592314606460145,8.639080368060274,1.0,0.0,0.0,0.0,0.0,0.0
8,250,0.0,0.7724524441191924,0.0,1.0,1.0,0.0,0.0,0.0
9,250,0.5906750244017642,0.177732873926992,1.0,1.0,0.0,0.0,1.0,1.0
10,250,10.881351611664028,5.409064098015639,1.0,1.0,1.0,0.0,1.0,0.0
11,250,5.831526355265583,12.0,0.0,1.0,0.0,0.0,1.0,0.0
12,250,0.8532985985321644,0.0,0.0,1.0,1.0,1.0,1.0,0.0
13,250,12.0,9.4870928727686,0.0,0.0,0.0,0.0,1.0,1.0
14,250,10.556635297544764,1.661205014209111,1.0,0.0,0.0,1.0,0.0,1.0
0,255,0.4628939669993801,9.978703703003095,0.0,0.0,0.0,0.0,0.0,1.0
1,255,12.0,0.0,1.0,0.0,0.0,1.0,1.0,1.0
2,255,8.335273381725008,2.321418402533009,0.0,1.0,0.0,0.0,0.0,1.0
3,255,6.624471307134357,0.0,1.0,0.0,0.0,0.0,0.0,0.0
4,255,10.572107545707038,1.653729711590766,1.0,0.0,0.0,0.0,0.0,0.0
5,255,0.0,11.88672594847423,0.0,0.0,0.0,1.0,1.0,0.0
6,255,6.537382973448889,3.898431100815932,0.0,1.0,1.0,1.0,0.0,1.0
7,255,2.4816531448972463,8.66032602097835,1.0,0.0,0.0,0.0,0.0,0.0
8,255,0.0,0.5977420475463655,0.0,1.0,1.0,0.0,0.0,0.0
9,255,0.5919528787135453,0.1875260907921801,1.0,1.0,0.0,0.0,1.0,1.0
10,255,10.90255102035548,5.415888081392468,1.0,1.0,1.0,0.0,1.0,0.0
11,255,5.831925972205312,12.0,0.0,1.0,0.0,0.0,1.0,0.0
12,255,1.0702595229286624,0.0,0.0,1.0,1.0,1.0,1.0,0.0
13,255,12.0,9.628236122753254,0.0,0.0,0.0,0.0,1.0,1.0
14,255,10.629136126876828,1.6469259407896737,1.0,0.0,0.0,1.0,0.0,1.0
0,260,0.4759907559820505,9.976762765796485,0.0,0.0,0.0,0.0,0.0,1.0
1,260,12.0,0.0,1.0,0.0,0.0,1.0,1.0,1.0
2,260,8.297609594760786,2.2838749471357267,0.0,1.0,0.0,0.0,0.0,1.0
3,260,6.568945789637648,0.0,1.0,0.0,0.0,0.0,0.0,0.0
4,260,10.48594031666783,1.605984282221034,1.0,0.0,0.0,0.0,0.0,0.0
5,260,0.0,11.930418833155487,0.0,0.0,0.0,1.0,1.0,0.0
6,260,6.561775072818924,3.8438925362017247,0.0,1.0,1.0,1.0,0.0,1.0
7,260,2.378232093368836,8.679186762744168,1.0,0.0,0.0,0.0,0.0,0.0
8,260,0.0,0.44405747945811,0.0,1.0,1.0,0.0,0.0,0.0
9,260,0.5939836341728998,0.2040259130953003,1.0,1.0,0.0,0.0,1.0,1.0
10,260,10.914072875648175,5.419984597728342,1.0,1.0,1.0,0.0,1.0,0.0
11,260,5.833208450755771,12.0,0.0,1.0,0.0,0.0,1.0,0.0
12,260,1.2852050460411075,0.0,0.0,1.0,1.0,1.0,1.0,0.0
13,260,12.0,9.757527019216836,0.0,0.0,0.0,0.0,1.0,1.0
14,260,10.693841395865537,1.6319270828749597,1.0,0.0,0.0,1.0,0.0,1.0
0,265,0.5033346393990881,9.971967588417924,0.0,0.0,0.0,0.0,0.0,1.0
1,265,12.0,0.0,1.0,0.0,0.0,1.0,1.0,1.0
2,265,8.26824876824721,2.254712678094532,0.0,1.0,0.0,0.0,0.0,1.0
3,265,6.509166347116971,0.0,1.0,0.0,0.0,0.0,0.0,0.0
4,265,10.53871045654127,1.5115762220646627,1.0,0.0,0.0,0.0,0.0,0.0
5,265,0.0,11.980284717457367,0.0,0.0,0.0,1.0,1.0,0.0
6,265,6.583000876928884,3.794861410119613,0.0,1.0,1.0,1.0,0.0,1.0
7,265,2.283969113105241,8.698712173329298,1.0,0.0,0.0,0.0,0.0,0.0
8,265,0.0,0.279263666439403,0.0,1.0,1.0,0.0,0.0,0.0
9,265,0.5960667743765199,0.2225448556178159,1.0,1.0,0.0,0.0,1.0,1.0
10,265,10.906491702431383,5.44038951111289,1.0,1.0,1.0,0.0,1.0,0.0
11,265,5.8352910578295845,12.0,0.0,1.0,0.0,0.0,1.0,0.0
12,265,1.5083936471746786,0.0,0.0,1.0,1.0,1.0,1.0,0.0
13,265,12.0,9.891917264915811,0.0,0.0,0.0,0.0,1.0,1.0
14,265,10.751356263084674,1.6175252357475127,1.0,0.0,0.0,1.0,0.0,1.0
0,270,0.5357385004426423,9.966056646683215,0.0,0.0,0.0,0.0,0.0,1.0
1,270,12.0,0.0,1.0,0.0,0.0,1.0,1.0,1.0
2,270,8.247024597408826,2.2329438618423594,0.0,1.0,0.0,0.0,0.0,1.0
3,270,6.45820355072613,0.0,1.0,0.0,0.0,0.0,0.0,0.0
4,270,10.607416273514657,1.3969605071687057,1.0,0.0,0.0,0.0,0.0,0.0
5,270,0.0,12.0,0.0,0.0,0.0,1.0,1.0,0.0
6,270,6.600092525964007,3.756786618100312,0.0,1.0,1.0,1.0,0.0,1.0
7,270,2.2054796012022533,8.714472513840121,1.0,0.0,0.0,0.0,0.0,0.0
8,270,0.0,0.1156030363694442,0.0,1.0,1.0,0.0,0.0,0.0
9,270,0.5981795156844557,0.2436257798460944,1.0,1.0,0.0,0.0,1.0,1.0
10,270,10.90251799826601,5.451623153084668,1.0,1.0,1.0,0.0,1.0,0.0
11,270,5.838452681415444,12.0,0.0,1.0,0.0,0.0,1.0,0.0
12,270,1.7478880329680304,0.0,0.0,1.0,1.0,1.0,1.0,0.0
13,270,12.0,10.03232035061388,0.0,0.0,0.0,0.0,1.0,1.0
14,270,10.79939528289303,1.6060486855850076,1.0,0.0,0.0,1.0,0.0,1.0
0,275,0.5685167915170442,9.960105464567231,0.0,0.0,0.0,0.0,0.0,1.0
1,275,12.0,0.0,1.0,0.0,0.0,1.0,1.0,1.0
2,275,8.217326161205524,2.2015926742679026,0.0,1.0,0.0,0.0,0.0,1.0
3,275,6.396135972645606,0.0,1.0,0.0,0.0,0.0,0.0,0.0
4,275,10.66628129878306,1.295505023582949,1.0,0.0,0.0,0.0,0.0,0.0
5,275,0.0,12.0,0.0,0.0,0.0,1.0,1.0,0.0
6,275,6.624800667394326,3.696934262739974,0.0,1.0,1.0,1.0,0.0,1.0
7,275,2.130490649111276,8.72898259402231,1.0,0.0,0.0,0.0,0.0,0.0
8,275,0.0,0.0,0.0,1.0,1.0,0.0,0.0,0.0
9,275,0.598477745744573,0.2467136286422772,1.0,1.0,0.0,0.0,1.0,1.0
10,275,10.902021258796085,5.4530603336357055,1.0,1.0,1.0,0.0,1.0,0.0
11,275,5.841348177060012,12.0,0.0,1.0,0.0,0.0,1.0,0.0
12,275,2.0035588631177044,0.0,0.0,1.0,1.0,1.0,1.0,0.0
13,275,12.0,10.196113209078158,0.0,0.0,0.0,0.0,1.0,1.0
14,275,10.853935263095533,1.593662540983658,1.0,0.0,0.0,1.0,0.0,1.0
0,280,0.5764717988486886,9.958716324808476,0.0,0.0,0.0,0.0,0.0,1.0
1,280,12.0,0.0,1.0,0.0,0.0,1.0,1.0,1.0
2,280,8.177227730567106,2.159110209112731,0.0,1.0,0.0,0.0,0.0,1.0
3,280,6.350182534307838,0.0,1.0,0.0,0.0,0.0,0.0,0.0
4,280,10.72040905466358,1.205580745703168,1.0,0.0,0.0,0.0,0.0,0.0
5,280,0.0,12.0,0.0,0.0,0.0,1.0,1.0,0.0
6,280,6.644839359165803,3.648182732010493,0.0,1.0,1.0,1.0,0.0,1.0
7,280,2.0512087558341983,8.743460586571224,1.0,0.0,0.0,0.0,0.0,0.0
8,280,0.0,0.0,0.0,1.0,1.0,0.0,0.0,0.0
9,280,0.5993917513359318,0.2557924330825692,1.0,1.0,0.0,0.0,1.0,1.0
10,280,10.90033919017449,5.457811148176102,1.0,1.0,1.0,0.0,1.0,0.0
11,280,5.846262310637581,12.0,0.0,1.0,0.0,0.0,1.0,0.0
12,280,2.2577411376456467,0.0,0.0,1.0,1.0,1.0,1.0,0.0
13,280,12.0,10.378555995933104,0.0,0.0,0.0,0.0,1.0,1.0
14,280,10.913725270875103,1.5813912414686389,1.0,0.0,0.0,1.0,0.0,1.0
0,285,0.603930194507874,9.955279175154129,0.0,0.0,0.0,0.0,0.0,1.0
1,285,12.0,0.0,1.0,0.0,0.0,1.0,1.0,1.0
2,285,8.140389497524115,2.1207727241211654,0.0,1.0,0.0,0.0,0.0,1.0
3,285,6.295682269862761,0.0,1.0,0.0,0.0,0.0,0.0,0.0
4,285,10.769627960400545,1.124965474827715,1.0,0.0,0.0,0.0,0.0,0.0
5,285,0.0,12.0,0.0,0.0,0.0,1.0,1.0,0.0
6,285,6.667728307121813,3.598458362441556,0.0,1.0,1.0,1.0,0.0,1.0
7,285,1.986427618860348,8.758920050746502,1.0,0.0,0.0,0.0,0.0,0.0
8,285,0.0,0.0,0.0,1.0,1.0,0.0,0.0,0.0
9,285,0.6003858251276758,0.2651541914956121,1.0,1.0,0.0,0.0,1.0,1.0
10,285,10.89602061002988,5.468777487251845,1.0,1.0,1.0,0.0,1.0,0.0
11,285,5.6849502433841375,12.0,0.0,1.0,0.0,0.0,1.0,0.0
12,285,2.5166566411212035,0.0,0.0,1.0,1.0,1.0,1.0,0.0
13,285,12.0,10.548607517596714,0.0,0.0,0.0,0.0,1.0,1.0
14,285,10.943549019416611,1.576090224059106,1.0,0.0,0.0,1.0,0.0,1.0
0,290,0.6212124656094138,9.952848929777046,0.0,0.0,0.0,0.0,0.0,1.0
1,290,12.0,0.0,1.0,0.0,0.0,1.0,1.0,1.0
2,290,8.105876371581518,2.081442524001664,0.0,1.0,0.0,0.0,0.0,1.0
3,290,6.244319498179264,0.0,1.0,0.0,0.0,0.0,0.0,0.0
4,290,10.828148493637151,1.0333533954525287,1.0,0.0,0.0,0.0,0.0,0.0
5,290,0.0,12.0,0.0,0.0,0.0,1.0,1.0,0.0
6,290,6.684416396832451,3.5633975220961966,0.0,1.0,1.0,1.0,0.0,1.0
7,290,1.9091258683803047,8.778238567177967,1.0,0.0,0.0,0.0,0.0,0.0
8,290,0.0,0.0,0.0,1.0,1.0,0.0,0.0,0.0
9,290,0.6002229351102348,0.2631809579202067,1.0,1.0,0.0,0.0,1.0,1.0
10,290,10.887699215660056,5.490829436244616,1.0,1.0,1.0,0.0,1.0,0.0
11,290,5.536636187860818,12.0,0.0,1.0,0.0,0.0,1.0,0.0
12,290,2.7699584995116013,0.0,0.0,1.0,1.0,1.0,1.0,0.0
13,290,12.0,10.697957091833112,0.0,0.0,0.0,0.0,1.0,1.0
14,290,10.97355928581904,1.5715185832795349,1.0,0.0,0.0,1.0,0.0,1.0
0,295,0.6403743382288903,9.950054689321366,0.0,0.0,0.0,0.0,0.0,1.0
1,295,12.0,0.0,1.0,0.0,0.0,1.0,1.0,1.0
2,295,8.055195986501905,2.024081719365459,0.0,1.0,0.0,0.0,0.0,1.0
3,295,6.201574163990657,0.0,1.0,0.0,0.0,0.0,0.0,0.0
4,295,10.887777667447006,0.938230520526796,1.0,0.0,0.0,0.0,0.0,0.0
5,295,0.0,12.0,0.0,0.0,0.0,1.0,1.0,0.0
6,295,6.697057794901591,3.5363811026445755,0.0,1.0,1.0,1.0,0.0,1.0
7,295,1.836307679423474,8.798920814090916,1.0,0.0,0.0,0.0,0.0,0.0
8,295,0.0,0.0,0.0,1.0,1.0,0.0,0.0,0.0
9,295,0.5987464988447239,0.245542728326181,1.0,1.0,0.0,0.0,1.0,1.0
10,295,10.87900188909816,5.514673315176724,1.0,1.0,1.0,0.0,1.0,0.0
11,295,5.39158162539923,12.0,0.0,1.0,0.0,0.0,1.0,0.0
12,295,3.0191175211333983,0.0,0.0,1.0,1.0,1.0,1.0,0.0
13,295,12.0,10.831248380356447,0.0,0.0,0.0,0.0,1.0,1.0
14,295,10.994194469659318,1.5679716612894703,1.0,0.0,0.0,1.0,0.0,1.0
