id,time,x,y
0,0,8.981002910245213,6.085824013300234
1,0,4.0520146431619875,3.024562441717798
2,0,11.954459140435246,0.0072817699768138065
3,0,9.959559703250068,2.0696589607380287
4,0,5.935124525276835,8.999927506168094
5,0,3.00163745441881,10.963825059961202
6,0,9.9506344973496,4.035340486151704
7,0,8.949176242911074,9.988884224680934
8,0,1.976143127718667,1.943176172172661
9,0,2.9399805605789515,7.985986460717627
10,0,3.9955698368329413,8.961923363137661
11,0,6.965750948276018,7.987730544104449
12,0,2.055058734005047,10.98855517361964
13,0,10.965410521216093,5.989290461494397
14,0,1.9749103582663203,2.0567604791245744
15,0,0.005280035613230127,11.048857975856027
16,0,5.956915947856256,1.9831024132260506
17,0,12,2.0096821584647153
18,0,11.95283542247522,0
19,0,5.993676793380147,9.034400794112624
0,5,8.96778437254967,6.150383965470817
1,5,4.118568848248337,3.055777567665467
2,5,11.884080201493077,0.017509643226151853
3,5,9.914130494498131,2.1446929344738885
4,5,5.879028189603847,8.999234395746674
5,5,3.0028487373216945,10.93118576398097
6,5,9.917700298168807,4.060023121257308
7,5,8.899281169342023,9.977447696854222
8,5,1.9470311828830764,1.8727212846402703
9,5,2.868967288694984,7.968418359719233
10,5,3.990479223757402,8.913979855781532
11,5,6.946547524685967,7.980452784813551
12,5,2.1097052292193754,10.976001223384749
13,5,10.92740505999915,5.976675032601682
14,5,1.958655399841076,2.092026591854966
15,5,0.009291295919005464,11.081620395684617
16,5,5.920545145137915,1.9696821202452246
17,5,12,2.0175374109856303
18,5,11.897852839393689,0
19,5,5.984942544346314,9.073662575435057
0,10,8.959148404061557,6.190066679284549
1,10,4.177326315824683,3.083953104581135
2,10,11.80697786035456,0.02606242270431402
3,10,9.881277709007975,2.200539574977472
4,10,5.844286784993234,8.999007062200198
5,10,3.004876737447806,10.890199809718895
6,10,9.89961796988649,4.074286735229692
7,10,8.850030457129256,9.965898785219522
8,10,1.9199100934200133,1.8107903930143525
9,10,2.7846861521230983,7.945180582454382
10,10,3.9874844245934975,8.878089707547105
11,10,6.9413137485961816,7.978547380287977
12,10,2.1599100742094515,10.961969810750908
13,10,10.877831072594645,5.960572773997352
14,10,1.9496293701787186,2.1116357220110338
15,10,0.013196924615435375,11.116538623126218
16,10,5.893993812699981,1.9596852355257477
17,10,12,2.02629102279406
18,10,11.868993627142505,0
19,10,5.974839357993266,9.125860918764651
0,15,8.952139776778555,6.222036934948248
1,15,4.238691300364224,3.1124128456422295
2,15,11.72844026096286,0.03300477372366836
3,15,9.85391870525834,2.246386026137507
4,15,5.805591338693138,8.997776267950533
5,15,3.0468476705083756,10.894188022602863
6,15,9.888049047396853,4.083462287375443
7,15,8.812633383701057,9.957971936393156
8,15,1.9025371005696456,1.7683255287628452
9,15,2.695611519279974,7.921302526149781
10,15,3.986960310770744,8.86860784346963
11,15,6.933899158877944,7.9758936248775845
12,15,2.2148260893089526,10.94597955814252
13,15,10.830013665082383,5.945160433450699
14,15,1.9393592310299246,2.133184124691695
15,15,0.015803348213004442,11.148138156881913
16,15,5.881833497731094,1.9550416483281805
17,15,12,2.0380397889191686
18,15,11.832186871723405,0
19,15,5.9644133911769215,9.183796788850474
0,20,8.947124492831238,6.242460876367609
1,20,4.293992759799267,3.139749961941448
2,20,11.67810927500646,0.03674871192931675
3,20,9.842864633078463,2.26517281487324
4,20,5.770857118439872,8.99689454786396
5,20,3.1013941374471843,10.89965074974224
6,20,9.868813494010581,4.098363063972925
7,20,8.773507927534022,9.948984744461734
8,20,1.8892211580475848,1.7362500770073952
9,20,2.591068199129089,7.89286424717021
10,20,3.9866041166548594,8.863209188268995
11,20,6.926651909012791,7.9734539782032625
12,20,2.2632933918496816,10.931547642976117
13,20,10.772091978501043,5.925592788777725
14,20,1.930004167434576,2.1540598683833854
15,20,0.017477603333273913,11.165774705235776
16,20,5.899065071470414,1.9618571276952856
17,20,12,2.0509923967851127
18,20,11.795729122479464,0
19,20,5.94954581488599,9.272510008910215
0,25,8.94336507869081,6.259342016488982
1,25,4.335085904265373,3.159899969283522
2,25,11.643535349307447,0.039043157886425074
3,25,9.83046137836913,2.2859106104116447
4,25,5.731937082110978,8.995396552390623
5,25,3.1439495822253103,10.904544127624916
6,25,9.877174092728767,4.091591594423841
7,25,8.752397189895774,9.944029715288874
8,25,1.8683346715840283,1.6873458602810085
9,25,2.476938698861489,7.860047224172643
10,25,3.9854821385386208,8.852023451020969
11,25,6.919684146884869,7.971152867901684
12,25,2.3114406262030713,10.916861000144726
13,25,10.705028795590506,5.903518605162064
14,25,1.9221347520359486,2.171397391451433
15,25,0.017535126032146624,11.166439978286054
16,25,5.906607613364538,1.9646394248210282
17,25,12,2.0635250991614615
18,25,11.782446546435146,0
19,25,5.93673356120373,9.349423818128406
0,30,8.939743730495398,6.278442786572977
1,30,4.375630943718518,3.180446905931433
2,30,11.588966401659011,0.04300746338837524
3,30,9.833128970176917,2.281458352272951
4,30,5.696540873288532,8.993988352363255
5,30,3.179057728282682,10.908921712724588
6,30,9.870223302404742,4.097010167535838
7,30,8.730356506834125,9.93841536600694
8,30,1.8466688709077674,1.6352295279163922
9,30,2.3580114116950703,7.826241740317494
10,30,3.98532168751626,8.850226048145371
11,30,6.917175490033322,7.9703077791324475
12,30,2.3662079289460647,10.899022398752749
13,30,10.654282607035242,5.886660387387971
14,30,1.9165205980575424,2.1836588992894126
15,30,0.017746675801985596,11.16857492394114
16,30,5.91963324805964,1.9693881904230015
17,30,12,2.0734316244033346
18,30,11.76624348191595,0
19,30,5.923782762942512,9.42319062635338
0,35,8.932714932042735,6.316785606100733
1,35,4.4294909741284965,3.207719764912123
2,35,11.540343590665424,0.04478546800067566
3,35,9.834124781492351,2.2797028933813834
4,35,5.6612585850063395,8.992982812869
5,35,3.1904308840702327,10.909977645933877
6,35,9.855872596311654,4.1080660566566465
7,35,8.728892170070598,9.938065301432635
8,35,1.8262482848399244,1.582148863949998
9,35,2.2515884337114183,7.795348669787435
10,35,3.9845287431497547,8.842026276155758
11,35,6.922919066776639,7.972350636032707
12,35,2.4151907479912,10.883053731200379
13,35,10.624497586326308,5.877040265092671
14,35,1.9028827876124805,2.2135882771969797
15,35,0.01602323231439656,11.148061251564856
16,35,5.957216678197072,1.982869845788021
17,35,12,2.0832974778057762
18,35,11.74567560571967,0
19,35,5.905265781672099,9.523948027330665
0,40,8.927090881019236,6.3489683076102255
1,40,4.478124871497318,3.2311988572729966
2,40,11.486898703709818,0.04688896719370979
3,40,9.830267165103187,2.2863457615544562
4,40,5.660143672294115,9.019803390549109
5,40,3.2178420207566014,10.912484484286953
6,40,9.85387894172528,4.109460309645731
7,40,8.73634318716139,9.939777183896677
8,40,1.8096948699582078,1.5375767076310574
9,40,2.15116873593076,7.765469283676385
10,40,3.98415791973985,8.838848233678211
11,40,6.935187222755246,7.976853077939692
12,40,2.4692436316132538,10.865303312879309
13,40,10.591625213841471,5.867047637418681
14,40,1.895210423066767,2.231421824058037
15,40,0.012223507195349079,11.117044697186193
16,40,6.013203269239073,2.004947569767531
17,40,12,2.09383799301494
18,40,11.717373240778981,0
19,40,5.887435997529893,9.619431712572128
0,45,8.921098834965527,6.390548285875528
1,45,4.517030468999039,3.2500520971577465
2,45,11.419711530245538,0.04847498203536055
3,45,9.846538621463912,2.2591696262975547
4,45,5.659895658606596,9.052818188182677
5,45,3.2631281319116687,10.916124897749192
6,45,9.86324866202552,4.102982942768222
7,45,8.747680750388424,9.94225756825295
8,45,1.8842795707365898,1.5096118051484282
9,45,2.0584577832286497,7.738750918723574
10,45,3.9846357962979293,8.842566785887389
11,45,6.932602185103321,7.975936283569411
12,45,2.522454314703755,10.84741615107463
13,45,10.554406992831622,5.856381236617684
14,45,1.8924497647748773,2.2375766828908152
15,45,0.00907095221217029,11.091920782341829
16,45,6.091967510874647,2.0364501653279876
17,45,12,2.108572013326667
18,45,11.68615678321663,0
19,45,5.872621611326688,9.70085800462351
0,50,8.915513796869412,6.4305722487092405
1,50,4.554137335332808,3.2683136578526755
2,50,11.337680037632486,0.04897114699417115
3,50,9.862858179276596,2.231410972757194
4,50,5.6593506500321356,9.071801969412459
5,50,3.298767984392573,10.919137725480828
6,50,9.892267512691674,4.083097884052048
7,50,8.747999732198675,9.942325867442985
8,50,1.9748064122536952,1.4764375383067092
9,50,1.965976753951253,7.712839740182496
10,50,3.985177675549048,8.847221325956696
11,50,6.947307281664944,7.981129354076858
12,50,2.5745619892316114,10.829473257386946
13,50,10.500456844730595,5.840341963282038
14,50,1.8901006902955946,2.2429011021634997
15,50,0.007054501494982334,11.075233157591374
16,50,6.190144037360692,2.075388578055143
17,50,12,2.1164187611891694
18,50,11.645248906990803,0
19,50,5.851775861009669,9.816776907385982
0,55,8.90886750524958,6.483581331479632
1,55,4.598939170493955,3.290243436977625
2,55,11.261688687546092,0.04869266407921336
3,55,9.864414020391196,2.228526087659222
4,55,5.65932194095793,9.073103226960297
5,55,3.3395679934967974,10.922100416851471
6,55,9.945781145240494,4.047290026274991
7,55,8.740452613037279,9.940621572530612
8,55,2.0519248891036157,1.4513261064931273
9,55,1.867852593341555,7.6811668158179724
10,55,3.986224440043416,8.85832563643961
11,55,6.98285168566351,7.992754247229591
12,55,2.6318175389634932,10.809615253960173
13,55,10.424994433162631,5.818623437757798
14,55,1.886297227276891,2.2511732906841666
15,55,0.0058961181447464124,11.06637629619003
16,55,6.299054090296274,2.117196030889365
17,55,12,2.1259439079969598
18,55,11.591146240976629,0
19,55,5.831929958357256,9.925566927478998
0,60,8.901014125364926,6.555722330994748
1,60,4.641381365213639,3.3098197586658085
2,60,11.209660852935922,0.047427462393193336
3,60,9.870815086802615,2.2155543405433904
4,60,5.659376432320963,9.072072815471433
5,60,3.3558572405619542,10.92288425334625
6,60,9.997842225622634,4.006875064096461
7,60,8.753389418422286,9.943770754629544
8,60,2.115656827340707,1.430791045499493
9,60,1.7730451795746351,7.647230442376132
10,60,3.988932772560921,8.880767339111324
11,60,6.982744190039148,7.992721001000732
12,60,2.7111327860664622,10.781383333164282
13,60,10.353722704660743,5.8012028712923165
14,60,1.8817097040129471,2.261578820443345
15,60,0.004370931513538394,11.056925668090907
16,60,6.397631845676644,2.1571037796899644
17,60,12,2.1421957257789193
18,60,11.534707808143496,0
19,60,5.809554822191253,10.051122878902497
0,65,8.895976914175769,6.606727832261202
1,65,4.682803005625447,3.3296036850255684
2,65,11.154557697069905,0.044864673125882354
3,65,9.881512407283187,2.1953655890031376
4,65,5.659563084522386,9.06679867500345
5,65,3.37146834932361,10.923069082357884
6,65,10.066090244047315,3.955147015728333
7,65,8.753575817420712,9.943815177813317
8,65,2.1788333558340653,1.4098777102329023
9,65,1.6842801391122026,7.614231265578548
10,65,3.9931203278532754,8.908358822458489
11,65,6.979218685572679,7.99153903902962
12,65,2.782688353657583,10.756836743115986
13,65,10.286319912089203,5.786310278607693
14,65,1.8779235209048837,2.270262175167958
15,65,0.004281083043787612,11.056363455164554
16,65,6.481929851754301,2.1899971378907037
17,65,12,2.15383679386107
18,65,11.465507124312042,0
19,65,5.790423199685498,10.169729200394146
0,70,8.889736695015051,6.675749094651427
1,70,4.7044810006338285,3.3402036195473888
2,70,11.083123955205625,0.042253672373770576
3,70,9.901345339350788,2.157024791295606
4,70,5.659796990989873,9.062037860059618
5,70,3.3851657402912823,10.922815164557152
6,70,10.154199671815272,3.8900862092347563
7,70,8.744282975122575,9.941875617367245
8,70,2.239536382501975,1.3901260980897823
9,70,1.6138120849155262,7.588486851919529
10,70,3.996328929038492,8.935694196462684
11,70,6.980789577944804,7.992058214053179
12,70,2.8610853454179344,10.732059323488146
13,70,10.227389929733365,5.772428944161762
14,70,1.872321331187967,2.28381538940786
15,70,0.005406786457987927,11.063746682514537
16,70,6.571755576238007,2.2257415030948073
17,70,12,2.1638739590265064
18,70,11.413686048193808,0
19,70,5.773797663234783,10.2767514667703
0,75,8.971452639922228,6.682097117006656
1,75,4.728329954362829,3.3522103392965423
2,75,11.00883140052686,0.037315407528303125
3,75,9.923490231464978,2.1164204163812315
4,75,5.659909725871508,9.058755460271428
5,75,3.397816669814555,10.922633685339203
6,75,10.25099213059736,3.8159047291855255
7,75,8.729194374499317,9.938729770053218
8,75,2.293691439310314,1.3728086276230598
9,75,1.5427764016245757,7.56275776647583
10,75,3.9984574349029223,8.954138714694299
11,75,6.963027601509608,7.986152844588367
12,75,2.9419318382330397,10.707401202468382
13,75,10.174010197776017,5.761580547054671
14,75,1.8677883357370442,2.2948819761727997
15,75,0,11.064973808665012
16,75,6.681367150879173,2.27160784980116
17,75,12,2.172119340837846
18,75,11.344740426678404,0
19,75,5.761701750807861,10.385240090637044
0,80,9.074512176819889,6.688435768188189
1,80,4.764826946508695,3.370700002502428
2,80,10.94227675011547,0.0338335531955822
3,80,9.946693491554356,2.0708623524891996
4,80,5.660372145947029,9.042348978190043
5,80,3.412807804346204,10.922106224928575
6,80,10.335797498810768,3.752159589161736
7,80,8.715006768453655,9.93604487623606
8,80,2.3398465529920442,1.3589567915220124
9,80,1.4773721550816394,7.541583154022534
10,80,4.001346624372812,8.976139030885879
11,80,6.941169387074397,7.977943409178778
12,80,3.023535458796167,10.682851752821206
13,80,10.099518176927058,5.748263343810775
14,80,1.8631987244155925,2.305938313639977
15,80,0,11.065898923926891
16,80,6.802069708718715,2.3218471079246608
17,80,12,2.1750505158856406
18,80,11.303199529077572,0
19,80,5.750270528529394,10.495559479141422
0,85,9.194547166375225,6.699226210397599
1,85,4.742566697447004,3.415069975136312
2,85,10.887396285373859,0.030349277971294875
3,85,9.973776830718604,2.017446356526925
4,85,5.66010566140483,9.019794527544603
5,85,3.403599575692973,10.922329300543554
6,85,10.444760155071158,3.6687673904229947
7,85,8.712467897720506,9.935588201406649
8,85,2.372120360263814,1.3498696287434098
9,85,1.4264819164970715,7.525597060144172
10,85,4.0057463345580695,9.005765409286317
11,85,6.9187793031563105,7.968850829622483
12,85,3.1178695756780352,10.652117506046059
13,85,10.026068038765946,5.735834436977069
14,85,1.8620993296326123,2.3084835157968278
15,85,0,11.069400141274887
16,85,6.934182683388129,2.3743927363389226
17,85,12,2.1811867219002483
18,85,11.298361164305245,0
19,85,5.742800764212073,10.586756765395126
0,90,9.295944126503253,6.710117867915394
1,90,4.719235370149194,3.459477403923804
2,90,10.820363353800909,0.026152394698647642
3,90,9.996762668589549,1.9704803679176028
4,90,5.659505804812148,8.995145280984149
5,90,3.3814262112872737,10.923180793796949
6,90,10.564110695123432,3.583268889708227
7,90,8.70356676483225,9.934300703635314
8,90,2.4083042166996282,1.338948515272741
9,90,1.3604563490602803,7.504088647297824
10,90,4.011615423732008,9.041368865351416
11,90,6.9052649492350495,7.963415527151799
12,90,3.2278257158631565,10.617481327642595
13,90,9.951974444390048,5.72382099260181
14,90,1.8741664885128488,2.2801640990450296
15,90,0,11.075368820736667
16,90,7.0620148434691945,2.428838196296213
17,90,12,2.1916777083130063
18,90,11.3186509351184,0.0032253406348524186
19,90,5.736060495199912,10.682010431884668
0,95,9.397260895860386,6.724307626353601
1,95,4.692066428778338,3.5104520454929777
2,95,10.759282400110585,0.021687070854423937
3,95,10.025727675825111,1.908271201204215
4,95,5.659165288097429,8.965928734342642
5,95,3.3702159969900722,10.923421128191933
6,95,10.667416876327072,3.5110928824491667
7,95,8.71899299716319,9.936059953010316
8,95,2.472083060559165,1.3187279817749769
9,95,1.2962697726187116,7.481166828139631
10,95,4.016491273639776,9.07591203921984
11,95,6.888453746565344,7.956507252514227
12,95,3.3294156255120257,10.587355363501176
13,95,9.895145130736488,5.714321837818646
14,95,1.8830250935817645,2.2610955645229986
15,95,0,11.08119234697483
16,95,7.175670278534249,2.478697061608091
17,95,12,2.1996939330575205
18,95,11.34678920363483,0.008445156055609165
19,95,5.728206612085266,10.78557300340344
0,100,9.505844074805797,6.740552743411103
1,100,4.72814247761725,3.5303187669391587
2,100,10.702480958238137,0.015864587399851287
3,100,10.05508043333189,1.840781626927594
4,100,5.659046594273638,8.954905802718491
5,100,3.3492640518312817,10.92384281996766
6,100,10.77459040744285,3.4368803978659654
7,100,8.716152926018834,9.935738872108217
8,100,2.5340612693309215,1.2977714435226992
9,100,1.2662211508734416,7.469383383147589
10,100,4.023201588875489,9.123040147951762
11,100,6.852055397912914,7.942876892181356
12,100,3.4088974127644662,10.563482488422006
13,100,9.849660876492525,5.707203660092871
14,100,1.8836164856473403,2.2598953746400605
15,100,0,11.08266873758624
16,100,7.2884912322003235,2.5279781893285276
17,100,12,2.210138374153227
18,100,11.378212667585114,0.015209840781450875
19,100,5.7210211081049795,10.890725264820976
0,105,9.606522841640524,6.758893737646678
1,105,4.766819595272639,3.5515044157110194
2,105,10.640572191030818,0.0062949758311383105
3,105,10.074057766045426,1.7949133545314055
4,105,5.658178176779044,8.929460776105731
5,105,3.341260847811294,10.92395726899097
6,105,10.871556483456311,3.370260741674406
7,105,8.715275232471447,9.93565701246114
8,105,2.6034566608359944,1.2731028132500615
9,105,1.2452375006190268,7.461471530977533
10,105,4.030966241629757,9.175016507841766
11,105,6.801165642348956,7.9244000223290465
12,105,3.47422897814522,10.544910227897343
13,105,9.782351947437348,5.699264847691056
14,105,1.8812842383084938,2.264875713352933
15,105,0,11.08424512582094
16,105,7.394394623926127,2.5730573351184005
17,105,12,2.221984444557308
18,105,11.411586851962216,0.02200036265144884
19,105,5.82323280344007,10.900952193433795
0,110,9.679401765934314,6.7695163020087445
1,110,4.801587583255034,3.570299136959315
2,110,10.566569859837342,0
3,110,10.077619335958612,1.7863805022369783
4,110,5.658359345163576,8.935131465211539
5,110,3.3246575353582566,10.92413856970523
6,110,10.978687248237383,3.2950313609258917
7,110,8.705537970800327,9.934935798428452
8,110,2.6710441420253357,1.2502804027664913
9,110,1.2382159882588462,7.458897944174087
10,110,4.037473527722837,9.21370082683283
11,110,6.732881838764193,7.899739347201593
12,110,3.5476470920212377,10.523417846673258
13,110,9.716952060690708,5.689895351886809
14,110,1.8743846917523759,2.2787102559042944
15,110,0,11.087533142602469
16,110,7.477203551253935,2.6087208943874263
17,110,12,2.231286056231891
18,110,11.435214561393774,0.02767004395135211
19,110,5.939508886362766,10.914026981951535
0,115,9.750332058720492,6.778020839249347
1,115,4.840357716652115,3.5911386858058565
2,115,10.481482546149207,0
3,115,10.066069580196654,1.7820311159310378
4,115,5.659052133014611,8.95202487396007
5,115,3.2939976517071674,10.923395897196194
6,115,11.101524854372043,3.210093152983512
7,115,8.722660276581998,9.935908558143138
8,115,2.7409966748880246,1.223744717481564
9,115,1.2378187895288184,7.458752590374405
10,115,4.045018265736585,9.26630062162641
11,115,6.680891796213837,7.882842922853626
12,115,3.6196466742222144,10.502242241226977
13,115,9.660532028850476,5.683020852062708
14,115,1.8654450425980866,2.2969880649808774
15,115,0,11.088933148418954
16,115,7.575429260400758,2.6525158999158234
17,115,12,2.237976130434859
18,115,11.46057109975988,0.03506513319009022
19,115,6.059786115865111,10.927619283069012
0,120,9.817293986282206,6.783897400196348
1,120,4.866467733255358,3.604787140476482
2,120,10.39999551381353,0
3,120,10.044747717394726,1.7740615001207705
4,120,5.659923220992088,8.968802761577564
5,120,3.250167438043497,10.92194059333168
6,120,11.223661737891222,3.1211893641675843
7,120,8.728237263121837,9.936312940939233
8,120,2.810895246826583,1.1993630151559307
9,120,1.2385217526938161,7.459026069227982
10,120,4.058411815870013,9.344228880974619
11,120,6.616078652173139,7.861973022650271
12,120,3.6872479011408252,10.481762658230389
13,120,9.620271660289394,5.678273630355034
14,120,1.8596227850387537,2.3102133126651587
15,120,0,11.093738280698867
16,120,7.702147660404659,2.7085632457078854
17,120,12,2.2439368372503083
18,120,11.488592592906237,0.042878514027915995
19,120,6.188109184846884,10.937685390600494
0,125,9.864899249751764,6.788834622899464
1,125,4.887879998651783,3.61644006260819
2,125,10.32816605410132,0
3,125,10.03076481430033,1.7689672394383158
4,125,5.660000936862554,8.97144634766027
5,125,3.2051516210245796,10.920640758962206
6,125,11.355976100729574,3.024406443937617
7,125,8.74388027975464,9.937251835843734
8,125,2.866265145020865,1.1798284158542092
9,125,1.2416470760583633,7.460223691296993
10,125,4.0738486621574355,9.439489596058905
11,125,6.532656926312341,7.836187632657314
12,125,3.7788681900992875,10.451531852543795
13,125,9.565902303279392,5.671437868339633
14,125,1.8604380638758933,2.3082892689748653
15,125,0,11.102878637342092
16,125,7.832936854770962,2.77025641872919
17,125,12,2.246623053615497
18,125,11.525543802795434,0.05239756936146049
19,125,6.307286185265502,10.948394442437184
0,130,9.902704809157214,6.791710422924474
1,130,4.914247281247641,3.631071211543209
2,130,10.233615794169818,0
3,130,10.025421103438664,1.767102593702266
4,130,5.660348394470682,8.988422534606984
5,130,3.1582628657582155,10.9191749501211
6,130,11.492272085981098,2.9283781806352733
7,130,8.749992649928405,9.937678832582264
8,130,2.911652691693556,1.164260446024104
9,130,1.2487680502168905,7.463279438419452
10,130,4.089149221670591,9.528812939581549
11,130,6.4339298271371455,7.806361262311578
12,130,3.8552722395441457,10.427086878852968
13,130,9.502047544874221,5.663430874776276
14,130,1.8577192519703256,2.3151040913865875
15,130,0,11.11037828423736
16,130,7.9583816116601405,2.8284884488600093
17,130,12,2.2514675717897066
18,130,11.589841609375622,0.06898706472126573
19,130,6.4263336843502055,10.962511939460784
0,135,9.962972258024958,6.79592010754788
1,135,4.931363437669812,3.639915774030444
2,135,10.172637120716846,0
3,135,10.03223330302989,1.7696790437906706
4,135,5.660593437064569,9.016055037527785
5,135,3.08003802845272,10.915636618383624
6,135,11.613548523649321,2.838797979354578
7,135,8.747908674521396,9.937516037878853
8,135,2.953008422162188,1.1507011642221707
9,135,1.2717408674401784,7.474567665965663
10,135,4.106626148991992,9.620512701204198
11,135,6.311043845949895,7.773408693937955
12,135,3.9528670249794624,10.393977722966612
13,135,9.434382597564122,5.654956966446399
14,135,1.852800782416471,2.3265837417665036
15,135,0,11.116197673621325
16,135,8.070599273115999,2.881092985616838
17,135,12,2.2538677666369202
18,135,11.656731455194794,0.08697316348045869
19,135,6.540980091397069,10.977729399305282
0,140,10.034124755850565,6.799655946013217
1,140,4.934391009572361,3.6414849886760683
2,140,10.13081794025328,0
3,140,10.059755364691902,1.7807355832585858
4,140,5.660690664135647,9.031275321021242
5,140,3.005156511682101,10.912574999942455
6,140,11.72445166561928,2.7552407654204987
7,140,8.75006140986539,9.937700392617167
8,140,3.0111207637835906,1.1311096489497423
9,140,1.2921754413617657,7.484945712161823
10,140,4.124700048709769,9.701815240866905
11,140,6.348361273249671,7.645739317617477
12,140,4.060253362269965,10.358339906177113
13,140,9.378903934979128,5.648874042363788
14,140,1.8490548917170817,2.335527228223227
15,140,0,11.122058951071743
16,140,8.154808680515055,2.9196898331957
17,140,12,2.254298902916121
18,140,11.734936755833978,0.10720487016486296
19,140,6.639732656819049,10.990406923390495
0,145,10.124014291841318,6.805071090895995
1,145,4.947097283566461,3.647768418649201
2,145,10.073300983777447,0
3,145,10.10771940488712,1.8007167725644766
4,145,5.659559109785198,9.071226031203244
5,145,2.9317988089341367,10.909950118311984
6,145,11.835774291222055,2.6708556808720236
7,145,8.752633797869484,9.937888765406258
8,145,3.0562979243095185,1.1154556481533766
9,145,1.2979245852003065,7.487814750821125
10,145,4.143691971015597,9.778281397392298
11,145,6.377685139443782,7.538764185623701
12,145,4.160583033912839,10.32640355920334
13,145,9.308963780109126,5.641843150192245
14,145,1.8380125796790596,2.36236703375106
15,145,0,11.128473439708419
16,145,8.227436810639729,2.952898752784096
17,145,11.997012162357823,2.253661806945005
18,145,11.801200822902455,0.12328391123012804
19,145,6.729602942916901,11.001146344582574
0,150,10.208620160640038,6.811864892523425
1,150,4.961889729445195,3.655204963319118
2,150,10.018758114638702,0
3,150,10.160494847252085,1.8226292262445614
4,150,5.659865157029526,9.116142497894014
5,150,2.8408465230267725,10.908277391139066
6,150,11.941910904541947,2.5938433329109327
7,150,8.762996888648184,9.938451600253318
8,150,3.0879826934983496,1.1046638514002827
9,150,1.3248976325163941,7.499972420596486
10,150,4.160233897896746,9.838468316533737
11,150,6.413859239892062,7.411829596414255
12,150,4.2580906827639895,10.293490077527382
13,150,9.25181052602791,5.635668953605818
14,150,1.8315081979863417,2.378060490903313
15,150,0,11.136391974407983
16,150,8.201671024199076,3.0088605359981875
17,150,11.991476172934034,2.252640484201443
18,150,11.8701086525093,0.14005116193890002
19,150,6.844299842644258,11.017300707154883
0,155,10.314310644917033,6.8220133299381756
1,155,4.9801505362076774,3.664969475649593
2,155,9.954035201749859,0
3,155,10.212320709494469,1.8433772977824125
4,155,5.658599466630857,9.17566648991608
5,155,2.7264985886554944,10.908792899455976
6,155,12,2.5117292228682753
7,155,8.768561886368166,9.938668061848013
8,155,3.0993877813701514,1.1006759253020406
9,155,1.3785198244079129,7.524967561601507
10,155,4.176908769029406,9.895521439709446
11,155,6.4529130484935955,7.280519864432383
12,155,4.335288114282179,10.267960719634718
13,155,9.186517346355734,5.62840844734868
14,155,1.8251391764283504,2.3928255490309973
15,155,0,11.148306172792873
16,155,8.170817373094602,3.0792522301124796
17,155,11.975532266055788,2.2500103501520194
18,155,11.92778095421684,0.15243306963417708
19,155,6.943945784572078,11.028647216531484
0,160,10.442484033023742,6.837083658348794
1,160,4.999060071423216,3.6752623838603338
2,160,9.88886745743272,0
3,160,10.279904434004761,1.8712871678793321
4,160,5.659842782491869,9.247670221479423
5,160,2.6069803291210114,10.909906736280666
6,160,12,2.4199749775587063
7,160,8.779343709689506,9.938978194133636
8,160,3.100314700990215,1.10035531974315
9,160,1.4148053098523559,7.542876511021725
10,160,4.194000573004847,9.953980235346396
11,160,6.504231186354396,7.128081636573929
12,160,4.38857846706597,10.25024012939854
13,160,9.103053093601638,5.622177431120441
14,160,1.810827868601479,2.426719489522397
15,160,0,11.154184513989764
16,160,8.134938344417385,3.160520139845736
17,160,11.97817560025888,2.2504140739611422
18,160,11.973126447708472,0.16249640441440058
19,160,7.038207084665452,11.037449913000213
0,165,10.571164127199413,6.855866207065552
1,165,5.026630655292257,3.6896798725425777
2,165,9.83024742405613,0
3,165,10.335582667798791,1.895701348055297
4,165,5.661051083158009,9.354141792120066
5,165,2.468216225085128,10.911788649515508
6,165,12,2.317452678164752
7,165,8.773434013085534,9.938872847287497
8,165,3.097109637692429,1.1014577887598347
9,165,1.4179419362646875,7.544403558808444
10,165,4.213419879444246,10.014740199668934
11,165,6.55616759641093,6.9683511234980555
12,165,4.447696166008314,10.230509861357255
13,165,9.016988106890786,5.6165619026113625
14,165,1.8011837794855188,2.450427219172002
15,165,0,11.161793101371273
16,165,8.099766168515687,3.238166929858447
17,165,11.996660409858864,2.2533311963563962
18,165,12,0.1736181653693007
19,165,7.118948619983681,11.045316760892453
0,170,10.684263506712066,6.873231221271819
1,170,5.065784032844043,3.7110311084928624
2,170,9.770468356440563,0
3,170,10.3850231745537,1.9189951322388386
4,170,5.659475363014417,9.445455555665438
5,170,2.3249309965570495,10.90879131819312
6,170,12,2.202552547270037
7,170,8.75433572114774,9.938241189678038
8,170,3.10147266417251,1.1000684470901199
9,170,1.4199681957900887,7.545371102988152
10,170,4.295740802744376,9.988743318168842
11,170,6.605799580947395,6.808696151579145
12,170,4.515407575690793,10.206734112316298
13,170,8.918230161784608,5.609075199845845
14,170,1.7914383689322448,2.474387725230168
15,170,0,11.166139819472885
16,170,8.056632721935992,3.329378788386292
17,170,12,2.259399429782831
18,170,12,0.18051677462402926
19,170,7.2211585425813025,11.05568511422076
0,175,10.808401828551316,6.892789180161773
1,175,5.108725848854395,3.7337847481010833
2,175,9.701428516744354,0
3,175,10.44452043153673,1.9465018223646344
4,175,5.659026826772329,9.550915118830792
5,175,2.205201594408046,10.906525304026623
6,175,12,2.071983041743323
7,175,8.74685337327845,9.938086616359723
8,175,3.097180734326133,1.1014512684298867
9,175,1.4123693295590098,7.541652017807427
10,175,4.386835057704273,9.95586350248968
11,175,6.64608170311345,6.66632918330765
12,175,4.595103276642211,10.178178015824123
13,175,8.800768573385668,5.600320833780402
14,175,1.777384295817131,2.507117625151423
15,175,0,11.17134693903802
16,175,8.024423029260511,3.4009870523739507
17,175,12,2.264836493501992
18,175,12,0.188687975527341
19,175,7.321096699024984,11.067502555765252
0,180,10.904423890124074,6.905928756462405
1,180,5.180661364405413,3.769478138828357
2,180,9.630574042333423,0
3,180,10.503615053739207,1.973253419144109
4,180,5.66015652679942,9.636694945268427
5,180,2.089718415100213,10.900117682663636
6,180,12,1.9492005283695815
7,180,8.743511190481168,9.938144531370995
8,180,3.11343967039623,1.0956534042102266
9,180,1.4003714116010717,7.5353761058213635
10,180,4.470502430601614,9.924656196034706
11,180,6.690831258238438,6.5080521349004306
12,180,4.67420125312445,10.149944783717686
13,180,8.693420570191437,5.593758790939642
14,180,1.7692807017854644,2.52623138749092
15,180,0,11.176909278904002
16,180,8.000709987575764,3.451896365783393
17,180,12,2.271104098770932
18,180,12,0.1943765601919124
19,180,7.409501232791448,11.076067658093208
0,185,11.01397109418683,6.919133593806802
1,185,5.265492279570788,3.8122452973466356
2,185,9.562863192401895,0
3,185,10.548002693205387,1.9928829538728674
4,185,5.662186157979958,9.724882877928515
5,185,1.9619088239561133,10.892035878107368
6,185,12,1.8198894730394957
7,185,8.744312788745882,9.93812437441718
8,185,3.116847960669087,1.0944591638748031
9,185,1.3886320315969936,7.529285663878742
10,185,4.565646210381736,9.888575380865701
11,185,6.734833188461632,6.352472535270838
12,185,4.762132537737451,10.121669793370504
13,185,8.591664416698562,5.588387654704031
14,185,1.7600660312214702,2.546684284075659
15,185,0,11.183846603037686
16,185,7.989394912251537,3.477561380235679
17,185,12,2.2774526742852865
18,185,12,0.2039265001618497
19,185,7.50375464934401,11.086061012838242
0,190,11.1062737203025,6.930685956178522
1,190,5.357051728486818,3.8610989512243146
2,190,9.483519219577946,0
3,190,10.578303808393818,2.007303366102604
4,190,5.662872479056596,9.797872793665025
5,190,1.8360986104618489,10.886173975560363
6,190,12,1.699861840645684
7,190,8.753319694869656,9.937969135505755
8,190,3.104894401916518,1.0983414580086275
9,190,1.3779600086013157,7.523680221617377
10,190,4.6762448432371455,9.85189599889667
11,190,6.773256241042266,6.198605878056856
12,190,4.853329261485656,10.093684405370647
13,190,8.483961181055845,5.579371911853544
14,190,1.745789515571866,2.578450888602795
15,190,0,11.191273512622153
16,190,7.9818234427301045,3.4945855492379323
17,190,12,2.2845583397439078
18,190,12,0.21471869522973291
19,190,7.594690536208101,11.094036331485581
0,195,11.202870204049573,6.943023460734356
1,195,5.458112050934445,3.9155693017640427
2,195,9.42142815086504,0
3,195,10.597347194985204,2.0159678901892475
4,195,5.660703199301928,9.862540393616511
5,195,1.7134682407009465,10.879441143768206
6,195,12,1.5918627035123734
7,195,8.763401896616195,9.937884468185166
8,195,3.1018446287094252,1.0992505034904232
9,195,1.355865361945415,7.5115284195566945
10,195,4.784758528119002,9.814657000736762
11,195,6.816036448923621,6.024632700174101
12,195,4.927895691903917,10.072491025357085
13,195,8.370029854265827,5.5699840506785705
14,195,1.733191445364122,2.6087081554445604
15,195,0,11.201370413167044
16,195,7.973565721855043,3.5135025586247957
17,195,12,2.28893803728334
18,195,12,0.22237958345194997
19,195,7.690017741066982,11.102456327015702
0,200,11.278296639369179,6.953632211184182
1,200,5.557520765533816,3.9704364745341456
2,200,9.34646112276445,0
3,200,10.625089458294848,2.0287405340155997
4,200,5.6593593389462145,9.914370464285502
5,200,1.5760161888765207,10.872375498231335
6,200,12,1.4827397447629245
7,200,8.767674002630608,9.937839281725067
8,200,3.0797227853145333,1.106575234967277
9,200,1.3419402171503934,7.504031672837898
10,200,4.906623341005518,9.773627106222992
11,200,6.861046638316636,5.855315665051066
12,200,5.015716721921459,10.047536832524417
13,200,8.263807841798359,5.562982175304256
14,200,1.7153502680822206,2.6487268580007424
15,200,0,11.212951077025249
16,200,7.957490573473133,3.5511101466224604
17,200,12,2.2947097286255005
18,200,12,0.23670506199445532
19,200,7.786207839279192,11.109374522975958
0,205,11.347275515811546,6.9632809097344674
1,205,5.6375399506633,4.013826421192448
2,205,9.260125658829955,0
3,205,10.645573092321325,2.0379687019709176
4,205,5.657304803989038,9.970984862298105
5,205,1.4293250353781104,10.861171664582647
6,205,12,1.3854024995844063
7,205,8.759079532734868,9.93778273288028
8,205,3.051741784663026,1.1160918789609748
9,205,1.3453093433951535,7.505722224123259
10,205,4.990748289951443,9.742430690931977
11,205,6.90276590787447,5.683340641261169
12,205,5.1040872804432595,10.021357356001548
13,205,8.164366353866852,5.5566079604694165
14,205,1.6924340253404384,2.7015898435722274
15,205,0,11.222297179203489
16,205,7.9391095249124755,3.591727034194482
17,205,12,2.3015804628040946
18,205,12,0.25777627306797785
19,205,7.876115826269018,11.116943024622607
0,210,11.40178786015172,6.970169291802237
1,210,5.722031479062772,4.060257237195192
2,210,9.15604045750665,0
3,210,10.670087850002107,2.0495765479347967
4,210,5.65502064619638,10.040640331967529
5,210,1.2742152033399137,10.84875160530345
6,210,12,1.2925675910602414
7,210,8.730486266982549,9.937932007745912
8,210,3.018674657155318,1.1284615252291714
9,210,1.3570931638394992,7.5116997254926785
10,210,5.068114344188735,9.713106894378992
11,210,6.942898075177476,5.508744797899406
12,210,5.171741138694945,10.002434706831336
13,210,8.170140620382615,5.46034359203814
14,210,1.6722240783768356,2.7482558180425323
15,210,0,11.233546536810575
16,210,7.9254413401204795,3.625176634550306
17,210,12,2.3091926927013002
18,210,12,0.28252263954163925
19,210,8.001161413953712,11.129345151636102
0,215,11.46307984309324,6.9786939716612375
1,215,5.7940226386623666,4.103061901862737
2,215,9.034683519354388,0
3,215,10.681154818081755,2.0550662512698996
4,215,5.652781409289539,10.11788885666955
5,215,1.1149296203750108,10.830951499868483
6,215,12,1.2127885850539535
7,215,8.697489692776438,9.937265365979822
8,215,2.9802139540108676,1.1419238012067354
9,215,1.3667139866800615,7.516662712399381
10,215,5.128867331688922,9.689994006117
11,215,6.990300222804048,5.327588670121949
12,215,5.23441381228719,9.983980786930625
13,215,8.174820853143787,5.35685678764725
14,215,1.64989412924287,2.795759724233969
15,215,0,11.242687521665774
16,215,7.915567752630609,3.650962173760225
17,215,12,2.3169299811229207
18,215,12,0.30592497709126754
19,215,8.142202420798137,11.145183840202076
0,220,11.503067543804699,6.985007583788454
1,220,5.880037545781359,4.155526131158483
2,220,8.896087301597705,0
3,220,10.711902437294247,2.070759950180642
4,220,5.650436971257805,10.18392783692471
5,220,0.9552652374503383,10.811599334901707
6,220,12,1.1439109851932225
7,220,8.680355557567832,9.936617518126328
8,220,2.945179874070635,1.1541872038447576
9,220,1.4010454445430853,7.534521911032415
10,220,5.187556833765778,9.666255665130032
11,220,7.046372720276696,5.136385817191115
12,220,5.308846906337297,9.962081075074888
13,220,8.177822888720456,5.266174489918915
14,220,1.6218680469848654,2.8534839614316816
15,220,0,11.249490161168723
16,220,7.911917349021411,3.659466236817084
17,220,12,2.3238392015267126
18,220,12,0.33157302000384875
19,220,8.283163110389383,11.161344000180335
0,225,11.529693107501348,6.988542252304039
1,225,5.977182665237738,4.215056664049069
2,225,8.737553997854244,0
3,225,10.757193253251573,2.0924938537558915
4,225,5.6451031143262735,10.274265359112707
5,225,0.7767142768432536,10.792397592918865
6,225,12,1.080735388944987
7,225,8.653041458392433,9.935723876763719
8,225,2.9039285526678698,1.1684766360369316
9,225,1.4395413677555515,7.553836992059867
10,225,5.239241411170062,9.643040522549505
11,225,7.106255924288032,4.934361934147637
12,225,5.376591852696283,9.94512025777824
13,225,8.181748429549526,5.158605266550708
14,225,1.5980881957999042,2.8991408767894242
15,225,0,11.2567199732612
16,225,7.908231556347171,3.6668356951976646
17,225,12,2.3317774951341486
18,225,12,0.36257987475028075
19,225,8.425355632590122,11.172747517760095
0,230,11.557466606701361,6.992654802403427
1,230,6.040911237811356,4.253559071585918
2,230,8.603685577040215,0
3,230,10.794117490653617,2.1080118020723426
4,230,5.636144701181961,10.361943415518205
5,230,0.6127599579958662,10.772890442681103
6,230,12,1.026851754367905
7,230,8.627877325510433,9.934983258904554
8,230,2.841317950980523,1.1904375888113172
9,230,1.4611875679618274,7.563865766670641
10,230,5.283125173648921,9.624075454109578
11,230,7.155633659817912,4.7385048182214975
12,230,5.452989257084233,9.928540200913112
13,230,8.18611709493504,5.027691244723931
14,230,1.5715768335152394,2.94774250924903
15,230,0,11.26710261968876
16,230,7.897575695063871,3.6877802441014587
17,230,12,2.339192517107094
18,230,12,0.390104613495056
19,230,8.543526625232287,11.184389796702625
0,235,11.561363229155607,6.993292110520098
1,235,6.0939240401532215,4.285450506739342
2,235,8.478519662176286,0
3,235,10.812768697770453,2.1163376112139427
4,235,5.6272941554026,10.437001857553534
5,235,0.45459437728793695,10.75351744471387
6,235,12,0.9681744854641583
7,235,8.61943749001315,9.934695651619986
8,235,2.7552463399961793,1.2176231175966654
9,235,1.4728888653670829,7.569598467496081
10,235,5.327333167718025,9.605136669187138
11,235,7.2134232408673995,4.517036602077393
12,235,5.551282987080452,9.909578476099949
13,235,8.189240796794362,4.900335072522391
14,235,1.5460357777311773,2.994453444071059
15,235,0,11.279686032752794
16,235,7.87957508355682,3.723721266090573
17,235,12,2.347300985175548
18,235,12,0.41503415502006347
19,235,8.643560967089911,11.192419537913938
0,240,11.579582499880187,6.996172872960434
1,240,6.126247380954013,4.235272386056379
2,240,8.331521503800818,0
3,240,10.816560174221365,2.1179704977182467
4,240,5.618378280772559,10.51055760791299
5,240,0.3008173283954012,10.73548423841601
6,240,12,0.9037706619353412
7,240,8.612090432531959,9.934386077492356
8,240,2.6766117445048585,1.2429562945080888
9,240,1.4824135137087864,7.574264319433635
10,240,5.376464264784161,9.582628168346542
11,240,7.271202876735832,4.302747496463403
12,240,5.645500112098667,9.890614280818516
13,240,8.192537916633842,4.752345665305743
14,240,1.5197411592572194,3.0421304498273294
15,240,0,11.292102668829639
16,240,7.870390833946958,3.7419169978563227
17,240,12,2.353558758752396
18,240,12,0.4402064211335306
19,240,8.757208567812937,11.2002200875527
0,245,11.605315539293644,7.000600388034923
1,245,6.151140326545365,4.196520671728285
2,245,8.163756136309463,0
3,245,10.835258301623954,2.1266450400281096
4,245,5.608889545652286,10.600381338520537
5,245,0.12999630050504443,10.713080888990051
6,245,12,0.851768442553006
7,245,8.624281032797736,9.934532564154173
8,245,2.588931048663632,1.2686103624622502
9,245,1.5017757050398324,7.584257978026796
10,245,5.40854252338769,9.567718693920158
11,245,7.342266980093336,4.070022201464835
12,245,5.7391211296552775,9.872323832267567
13,245,8.198639813757044,4.595910986343452
14,245,1.4931709010235494,3.088954204405129
15,245,0,11.3078275024543
16,245,7.850450818815514,3.7778502353619454
17,245,12,2.357700104859699
18,245,12,0.466259548274727
19,245,8.86262614380448,11.206895202982407
0,250,11.629474892930936,7.0051575993070765
1,250,6.185224231732533,4.145827173478068
2,250,7.9959741816482035,0
3,250,10.851592920217902,2.134026792857168
4,250,5.601830347087058,10.667462596205226
5,250,0,10.696833756993614
6,250,12,0.8089639397262174
7,250,8.634198626615088,9.934954907340595
8,250,2.4946672028776664,1.2971346591940005
9,250,1.5244516605216487,7.596434254359516
10,250,5.420375677544872,9.562819459845606
11,250,7.4155962633461705,3.8323557985824546
12,250,5.836944058900845,9.854717233883457
13,250,8.210684230700128,4.437180332990526
14,250,1.4563456711704075,3.150733640978754
15,250,0,11.322669722300027
16,250,7.831577746349316,3.812490524976117
17,250,12,2.359498404821765
18,250,12,0.4885304503907903
19,250,8.964211295848315,11.216072918751438
0,255,11.667035013179506,7.012002022607218
1,255,6.219860423611673,4.0935445485060535
2,255,7.830452270016794,0
3,255,10.850363645970358,2.1335156754518114
4,255,5.598390144302341,10.705051214171363
5,255,0,10.679850797067171
6,255,12,0.7627927866072516
7,255,8.659999329431326,9.936123535697181
8,255,2.3539608612376797,1.3364983996692015
9,255,1.5392570987438676,7.604239632317942
10,255,5.4510633249216,9.549410815460183
11,255,7.48090832204269,3.619621513934606
12,255,5.957768781529859,9.836362488103894
13,255,8.225930986958819,4.286987813493399
14,255,1.4128878434032366,3.2238354171356924
15,255,0,11.339184985569243
16,255,7.826591647268768,3.8214816555992206
17,255,12,2.362154072104109
18,255,12,0.5082448723059135
19,255,9.080127449527021,11.228425426081103
0,260,11.733880031620009,7.0263002607031755
1,260,6.258869746937377,4.030790192063301
2,260,7.669867540057023,0
3,260,10.83024518247957,2.124814900500211
4,260,5.59606888181079,10.73922572201015
5,260,0,10.660936352777426
6,260,12,0.72045239518558
7,260,8.684207150689579,9.93811705394658
8,260,2.2051433465389043,1.3819756460509076
9,260,1.5492563522224174,7.609232996678122
10,260,5.489773604442813,9.533426484027652
11,260,7.537617276731957,3.4116045587344206
12,260,6.056515670790701,9.820812016447734
13,260,8.23732719303344,4.158172897687855
14,260,1.3630138225654758,3.310261129767187
15,260,0,11.36326517549836
16,260,7.825755860481069,3.823003773027719
17,260,12,2.3647779051101554
18,260,12,0.5309256450063414
19,260,9.223205189260826,11.23644344689583
0,265,11.787958493195498,7.0385389832419465
1,265,6.3047295191920485,3.9566846335816903
2,265,7.488776768589928,0
3,265,10.829037339628426,2.124316409857877
4,265,5.593872200597259,10.758938485514053
5,265,0,10.64381240946813
6,265,12,0.67827098577251
7,265,8.72170411126815,9.939918477452611
8,265,2.051195521853143,1.4279388740063859
9,265,1.5667603591580042,7.618423047755932
10,265,5.537246334965853,9.514615251654865
11,265,7.595236166375614,3.1784068099697906
12,265,6.145057296980046,9.804223382764876
13,265,8.246758609415203,4.044191762689099
14,265,1.3031793181636857,3.416426882891413
15,265,0,11.381837889319725
16,265,7.836284876213851,3.804371795685504
17,265,12,2.369212279865737
18,265,12,0.5558912025057654
19,265,9.393813565629229,11.241090747539028
0,270,11.878496537002157,7.060994626737282
1,270,6.354520881964056,3.8692727723968288
2,270,7.308971045223658,0
3,270,10.802580646255304,2.113341559457606
4,270,5.592519650478569,10.776707630061221
5,270,0,10.63080582127522
6,270,12,0.6366676074990593
7,270,8.757847248024058,9.941867328347087
8,270,1.8894328772761193,1.4735466420913694
9,270,1.5897609805506863,7.630326132523234
10,270,5.600965073638379,9.490430226884584
11,270,7.663224109084888,2.913037184841854
12,270,6.225106881791537,9.789851277567491
13,270,8.25596013968207,3.940250933090105
14,270,1.2376313486602368,3.5330494831621113
15,270,0,11.398306376505232
16,270,7.855387710266723,3.7694370717494468
17,270,12,2.376029497710253
18,270,12,0.5840645277599164
19,270,9.582744007720631,11.244723488763977
0,275,11.95979956023116,7.080449954768826
1,275,6.399725578021758,3.7871650409725284
2,275,7.124978275864075,0
3,275,10.768281052563415,2.0995553035544083
4,275,5.5916874088287924,10.786205760881804
5,275,0,10.61862859215764
6,275,12,0.5957159643923601
7,275,8.788205516446828,9.942884479828251
8,275,1.7181648127698057,1.5242997174910193
9,275,1.6120074559743045,7.641941532072605
10,275,5.656993248355648,9.46924015378898
11,275,7.731323883131515,2.658811793002341
12,275,6.321189154054648,9.76985897208906
13,275,8.263661166122526,3.8489650620104188
14,275,1.1862066525456936,3.6278503213814104
15,275,0,11.417846696132306
16,275,7.8684244464489215,3.7478829723603693
17,275,12,2.3847645254015033
18,275,12,0.6147549133604165
19,275,9.751809975130445,11.24932129954467
0,280,12,7.100749603885468
1,280,6.450489526232689,3.6972150906057912
2,280,6.942487039419254,0
3,280,10.719344505787817,2.0812553858108895
4,280,5.591116713330936,10.79158884919485
5,280,0,10.610319716959523
6,280,12,0.5413517376210154
7,280,8.836051460471934,9.946533294682103
8,280,1.545361666603885,1.5789934751300745
9,280,1.6407398361235355,7.655221176380896
10,280,5.697513004377536,9.452849259263754
11,280,7.809269312847588,2.39644252941804
12,280,6.411090464196357,9.751600182541004
13,280,8.269992473308806,3.759154509480035
14,280,1.1324397352741151,3.726101053421225
15,280,0,11.435883159870377
16,280,7.880960464668084,3.7268718900902313
17,280,12,2.3946209503605282
18,280,12,0.645206668687907
19,280,9.91062805250188,11.253794976008113
0,285,12,7.1203230317822
1,285,6.50166493588584,3.6092228123882437
2,285,6.753669907157202,0
3,285,10.681300671326026,2.0668807759998247
4,285,5.5906644651815585,10.796798419421211
5,285,0,10.600407354120605
6,285,12,0.4884228570766231
7,285,8.910991093936941,9.952855581071256
8,285,1.3801904919818824,1.6322046288244882
9,285,1.6977460500873531,7.683533916513401
10,285,5.75717762368076,9.428541750994787
11,285,7.888677978221141,2.125097034899966
12,285,6.511598236651934,9.732846744090834
13,285,8.276362483646459,3.6537384431353956
14,285,1.0767994271680918,3.8277677614860615
15,285,0,11.456958161684788
16,285,7.901454591738732,3.689521134476221
17,285,12,2.403954746032068
18,285,12,0.6872766269141739
19,285,10.054197798394325,11.258493711320247
0,290,12,7.142769059454002
1,290,6.558547035784935,3.5106727010074064
2,290,6.581799015034855,0
3,290,10.665448143039757,2.061115715187939
4,290,5.590949186620239,10.794160424483064
5,290,0,10.591229752207253
6,290,12,0.5776622289300264
7,290,8.986619801783593,9.960007156448063
8,290,1.2020887335002362,1.6930114498171105
9,290,1.7593549181520058,7.7132805355304495
10,290,5.793972839830307,9.414292383219871
11,290,7.975779886207045,1.8463819279738278
12,290,6.588458362473437,9.718127486067369
13,290,8.281409341275975,3.5398626166911864
14,290,1.0123966205923125,3.942803992990534
15,290,0,11.474643302159038
16,290,7.913501637445086,3.6678884360681274
17,290,12,2.4127570872279827
18,290,12,0.7280454613740063
19,290,10.182986997840674,11.262744461715506
0,295,12,7.162079637799626
1,295,6.613127789832507,3.4121626647051904
2,295,6.41235819134411,0
3,295,10.679276754550154,2.0664239301162097
4,295,5.590806958755851,10.795297969791399
5,295,0,10.579320083167737
6,295,12,0.6587293905487843
7,295,9.069152909862929,9.96477730764635
8,295,1.0120602007858928,1.7569405219719094
9,295,1.829623096896009,7.746750856780724
10,295,5.840826666141574,9.394896153308652
11,295,8.063056722623056,1.5624789346590968
12,295,6.668938295607267,9.704428863667589
13,295,8.287178720481052,3.409915551186914
14,295,0.9445241747977743,4.059276942683332
15,295,0,11.489805902313412
16,295,7.917520810094553,3.6604994050736925
17,295,12,2.4200131251768804
18,295,12,0.769456505079371
19,295,10.28459787395387,11.265025515010008
