0,0,9.031816697859316,9.039268862892165,1.0,0.0,1.0,0.0,1.0,0.0
1,0,4.942045377673837,0.0,1.0,0.0,0.0,1.0,0.0,1.0
2,0,11.04762481215512,9.034306468303058,0.0,0.0,0.0,0.0,1.0,0.0
3,0,3.966899038262475,9.992393875033702,1.0,1.0,1.0,1.0,0.0,1.0
4,0,0.0,10.020559362933897,1.0,1.0,0.0,1.0,1.0,0.0
5,0,2.9802408051837683,9.039401285095394,0.0,1.0,0.0,1.0,0.0,1.0
6,0,7.033731691380609,4.037073000062744,1.0,0.0,0.0,0.0,0.0,0.0
7,0,9.064863399208756,3.042092377700523,1.0,0.0,1.0,0.0,0.0,1.0
8,0,5.988167034417534,7.054737184871963,0.0,0.0,1.0,1.0,1.0,0.0
9,0,3.0358362343031,4.036532950740315,0.0,0.0,0.0,0.0,0.0,1.0
10,0,0.0534998468314996,8.052033100135692,0.0,0.0,1.0,0.0,0.0,0.0
11,0,4.0113964389667895,4.918416578818932,1.0,0.0,0.0,0.0,1.0,0.0
12,0,10.990653823274483,6.043030010814455,1.0,0.0,1.0,0.0,0.0,0.0
13,0,0.9566149757736022,8.998079090822014,0.0,0.0,1.0,0.0,1.0,0.0
14,0,4.987532284679572,11.05667463606305,0.0,1.0,1.0,0.0,1.0,1.0
0,5,9.065685350779722,9.08044368052902,1.0,0.0,1.0,0.0,1.0,0.0
1,5,4.8638795205585845,0.0,1.0,0.0,0.0,1.0,0.0,1.0
2,5,11.097053636752827,9.072734435849636,0.0,0.0,0.0,0.0,1.0,0.0
3,5,3.938656800467022,9.986479354387264,1.0,1.0,1.0,1.0,0.0,1.0
4,5,0.0,10.04126519610132,1.0,1.0,0.0,1.0,1.0,0.0
5,5,2.972838611839121,9.054071317103467,0.0,1.0,0.0,1.0,0.0,1.0
6,5,7.068165950429894,4.077267868183655,1.0,0.0,0.0,0.0,0.0,0.0
7,5,9.127334031663626,3.0825311188478923,1.0,0.0,1.0,0.0,0.0,1.0
8,5,5.919511190047052,7.03765341425669,0.0,0.0,1.0,1.0,1.0,0.0
9,5,3.054755827712458,4.055664798248513,0.0,0.0,0.0,0.0,0.0,1.0
10,5,0.1120129467054909,8.108075293870142,0.0,0.0,1.0,0.0,0.0,0.0
11,5,4.019784445885792,4.846986479791578,1.0,0.0,0.0,0.0,1.0,0.0
12,5,10.97682082757159,6.10369576345486,1.0,0.0,1.0,0.0,0.0,0.0
13,5,0.9070768984912584,8.995388286416276,0.0,0.0,1.0,0.0,1.0,0.0
14,5,4.975952076314719,11.1108278920501,0.0,1.0,1.0,0.0,1.0,1.0
0,10,9.103518411434528,9.128377197225104,1.0,0.0,1.0,0.0,1.0,0.0
1,10,4.775266286284909,0.0,1.0,0.0,0.0,1.0,0.0,1.0
2,10,11.118102364527894,9.08943157796542,0.0,0.0,0.0,0.0,1.0,0.0
3,10,3.922509762830293,9.983202054193306,1.0,1.0,1.0,1.0,0.0,1.0
4,10,0.0,10.050101029373314,1.0,1.0,0.0,1.0,1.0,0.0
5,10,2.956663513328236,9.08737247010849,0.0,1.0,0.0,1.0,0.0,1.0
6,10,7.100851754372647,4.115063817979135,1.0,0.0,0.0,0.0,0.0,0.0
7,10,9.189888640750496,3.1225275538050856,1.0,0.0,1.0,0.0,0.0,1.0
8,10,5.832562115109619,7.017912066332465,0.0,0.0,1.0,1.0,1.0,0.0
9,10,3.07620613210298,4.077227974791759,0.0,0.0,0.0,0.0,0.0,1.0
10,10,0.1750386050940124,8.169322958808516,0.0,0.0,1.0,0.0,0.0,0.0
11,10,4.030380865431956,4.769504671777237,1.0,0.0,0.0,0.0,1.0,0.0
12,10,10.959260306870984,6.176271978847918,1.0,0.0,1.0,0.0,0.0,0.0
13,10,0.8474232273365239,8.99199952529329,0.0,0.0,1.0,0.0,1.0,0.0
14,10,4.959211028488812,11.181355454854488,0.0,1.0,1.0,0.0,1.0,1.0
0,15,9.1426238848236,9.175072391940663,1.0,0.0,1.0,0.0,1.0,0.0
1,15,4.6977848227799655,0.0,1.0,0.0,0.0,1.0,0.0,1.0
2,15,11.139392038929744,9.10639403347438,0.0,0.0,0.0,0.0,1.0,0.0
3,15,3.939001120244797,9.986514255436084,1.0,1.0,1.0,1.0,0.0,1.0
4,15,0.0,10.053636887595916,1.0,1.0,0.0,1.0,1.0,0.0
5,15,2.942913981750437,9.116844984638115,0.0,1.0,0.0,1.0,0.0,1.0
6,15,7.124598175152595,4.144108127489053,1.0,0.0,0.0,0.0,0.0,0.0
7,15,9.255115563170945,3.1650155121275785,1.0,0.0,1.0,0.0,0.0,1.0
8,15,5.764616685034283,7.002631587761679,0.0,0.0,1.0,1.0,1.0,0.0
9,15,3.091217916585276,4.09237455572998,0.0,0.0,0.0,0.0,0.0,1.0
10,15,0.2341146374434138,8.229588844915947,0.0,0.0,1.0,0.0,0.0,0.0
11,15,4.041884377216356,4.699476677584133,1.0,0.0,0.0,0.0,1.0,0.0
12,15,10.941876403012587,6.256589386888008,1.0,0.0,1.0,0.0,0.0,0.0
13,15,0.7835007635091492,8.985785318488217,0.0,0.0,1.0,0.0,1.0,0.0
14,15,4.946098944008138,11.228823928510057,0.0,1.0,1.0,0.0,1.0,1.0
0,20,9.187198839624388,9.22745622089051,1.0,0.0,1.0,0.0,1.0,0.0
1,20,4.633104634557798,0.0,1.0,0.0,0.0,1.0,0.0,1.0
2,20,11.136010415644725,9.103723574097268,0.0,0.0,0.0,0.0,1.0,0.0
3,20,3.941171930418616,9.986986595724094,1.0,1.0,1.0,1.0,0.0,1.0
4,20,0.0,10.067515143681636,1.0,1.0,0.0,1.0,1.0,0.0
5,20,2.9262554251943285,9.15427402200892,0.0,1.0,0.0,1.0,0.0,1.0
6,20,7.148449687081899,4.170815079643331,1.0,0.0,0.0,0.0,0.0,0.0
7,20,9.336638112555985,3.219000717851293,1.0,0.0,1.0,0.0,0.0,1.0
8,20,5.672600913636291,6.984585371639675,0.0,0.0,1.0,1.0,1.0,0.0
9,20,3.112482268592633,4.112699316033829,0.0,0.0,0.0,0.0,0.0,1.0
10,20,0.2736568242838996,8.27258099070041,0.0,0.0,1.0,0.0,0.0,0.0
11,20,4.055319290110205,4.6076706125012015,1.0,0.0,0.0,0.0,1.0,0.0
12,20,10.918628731758336,6.355545788174321,1.0,0.0,1.0,0.0,0.0,0.0
13,20,0.6994374884740296,8.976983722642123,0.0,0.0,1.0,0.0,1.0,0.0
14,20,4.930098688294312,11.283165699729832,0.0,1.0,1.0,0.0,1.0,1.0
0,25,9.230944516008588,9.277150461997676,1.0,0.0,1.0,0.0,1.0,0.0
1,25,4.573225809086517,0.0,1.0,0.0,0.0,1.0,0.0,1.0
2,25,11.129410883210646,9.098580400317614,0.0,0.0,0.0,0.0,1.0,0.0
3,25,3.9411683815785103,9.986985918026202,1.0,1.0,1.0,1.0,0.0,1.0
4,25,0.0,10.09510707150464,1.0,1.0,0.0,1.0,1.0,0.0
5,25,2.9100727640029223,9.19355492321762,0.0,1.0,0.0,1.0,0.0,1.0
6,25,7.171821797918644,4.196921533183456,1.0,0.0,0.0,0.0,0.0,0.0
7,25,9.41196298017432,3.2660866288363173,1.0,0.0,1.0,0.0,0.0,1.0
8,25,5.564565722056823,6.967512637861999,0.0,0.0,1.0,1.0,1.0,0.0
9,25,3.136221363679064,4.134927103223482,0.0,0.0,0.0,0.0,0.0,1.0
10,25,0.3098139784101574,8.310892648383692,0.0,0.0,1.0,0.0,0.0,0.0
11,25,4.067201484297354,4.514298407596216,1.0,0.0,0.0,0.0,1.0,0.0
12,25,10.895992396538729,6.460115506014971,1.0,0.0,1.0,0.0,0.0,0.0
13,25,0.6144156855976851,8.969467883151355,0.0,0.0,1.0,0.0,1.0,0.0
14,25,4.917955514387423,11.325252330004137,0.0,1.0,1.0,0.0,1.0,1.0
0,30,9.270719106222538,9.320808807599075,1.0,0.0,1.0,0.0,1.0,0.0
1,30,4.533783663780798,0.0,1.0,0.0,0.0,1.0,0.0,1.0
2,30,11.115953297154936,9.088005073867182,0.0,0.0,0.0,0.0,1.0,0.0
3,30,3.9185121566627377,9.982024670667434,1.0,1.0,1.0,1.0,0.0,1.0
4,30,0.0,10.129464172445154,1.0,1.0,0.0,1.0,1.0,0.0
5,30,2.894218290855556,9.22990927725422,0.0,1.0,0.0,1.0,0.0,1.0
6,30,7.209448452862094,4.23853677881928,1.0,0.0,0.0,0.0,0.0,0.0
7,30,9.503461696568936,3.323346221478225,1.0,0.0,1.0,0.0,0.0,1.0
8,30,5.466881576601844,6.951638962520536,0.0,0.0,1.0,1.0,1.0,0.0
9,30,3.152079419043518,4.1501098818677145,0.0,0.0,0.0,0.0,0.0,1.0
10,30,0.3405049547730805,8.344005568550466,0.0,0.0,1.0,0.0,0.0,0.0
11,30,4.076905918744741,4.4172497412300045,1.0,0.0,0.0,0.0,1.0,0.0
12,30,10.87498718906046,6.557149901002114,1.0,0.0,1.0,0.0,0.0,0.0
13,30,0.5222186561406555,8.961958531245182,0.0,0.0,1.0,0.0,1.0,0.0
14,30,4.903000925257784,11.38091768879686,0.0,1.0,1.0,0.0,1.0,1.0
0,35,9.316712547015928,9.371803003570967,1.0,0.0,1.0,0.0,1.0,0.0
1,35,4.483675618424373,0.0,1.0,0.0,0.0,1.0,0.0,1.0
2,35,11.106043021835728,9.0795195061339,0.0,0.0,0.0,0.0,1.0,0.0
3,35,3.884508673356074,9.974126138888051,1.0,1.0,1.0,1.0,0.0,1.0
4,35,0.0,10.170171919880485,1.0,1.0,0.0,1.0,1.0,0.0
5,35,2.8739642198629545,9.27695750128292,0.0,1.0,0.0,1.0,0.0,1.0
6,35,7.237843095528119,4.269894736457081,1.0,0.0,0.0,0.0,0.0,0.0
7,35,9.56988274194494,3.3643704756118558,1.0,0.0,1.0,0.0,0.0,1.0
8,35,5.381309398104793,6.937789513577826,0.0,0.0,1.0,1.0,1.0,0.0
9,35,3.1590971447339338,4.156644245093605,0.0,0.0,0.0,0.0,0.0,1.0
10,35,0.365682179483564,8.370755114671727,0.0,0.0,1.0,0.0,0.0,0.0
11,35,4.082350435798547,4.317173950166403,1.0,0.0,0.0,0.0,1.0,0.0
12,35,10.852150513386642,6.657587193688557,1.0,0.0,1.0,0.0,0.0,0.0
13,35,0.4462742726182799,8.95783317371632,0.0,0.0,1.0,0.0,1.0,0.0
14,35,4.879750093774041,11.467798611818704,0.0,1.0,1.0,0.0,1.0,1.0
0,40,9.376066356838257,9.43838652330731,1.0,0.0,1.0,0.0,1.0,0.0
1,40,4.420574541180787,0.0,1.0,0.0,0.0,1.0,0.0,1.0
2,40,11.095940884155064,9.070761410189998,0.0,0.0,0.0,0.0,1.0,0.0
3,40,3.8315445726146695,9.962311044577676,1.0,1.0,1.0,1.0,0.0,1.0
4,40,0.0,10.21572853396992,1.0,1.0,0.0,1.0,1.0,0.0
5,40,2.841798088419808,9.264258248974691,0.0,1.0,0.0,1.0,0.0,1.0
6,40,7.247441007568645,4.280303138160185,1.0,0.0,0.0,0.0,0.0,0.0
7,40,9.625713938188737,3.398701894449696,1.0,0.0,1.0,0.0,0.0,1.0
8,40,5.307598686773249,6.9279407902544685,0.0,0.0,1.0,1.0,1.0,0.0
9,40,3.1655188859392784,4.16271516904182,0.0,0.0,0.0,0.0,0.0,1.0
10,40,0.3907258114636575,8.398464232014971,0.0,0.0,1.0,0.0,0.0,0.0
11,40,4.085099279325562,4.22435980557964,1.0,0.0,0.0,0.0,1.0,0.0
12,40,10.833789815669268,6.736077946929992,1.0,0.0,1.0,0.0,0.0,0.0
13,40,0.3889538811533529,8.95571244568872,0.0,0.0,1.0,0.0,1.0,0.0
14,40,4.849898259905386,11.56514827368462,0.0,1.0,1.0,0.0,1.0,1.0
0,45,9.45097734341903,9.519259255481582,1.0,0.0,1.0,0.0,1.0,0.0
1,45,4.373570646266214,0.0,1.0,0.0,0.0,1.0,0.0,1.0
2,45,11.091099925913008,9.066628430255312,0.0,0.0,0.0,0.0,1.0,0.0
3,45,3.7982801336796954,9.954797365105271,1.0,1.0,1.0,1.0,0.0,1.0
4,45,0.0,10.250956182936989,1.0,1.0,0.0,1.0,1.0,0.0
5,45,2.8306036231736904,9.259941686971816,0.0,1.0,0.0,1.0,0.0,1.0
6,45,7.240439313597285,4.272495417661623,1.0,0.0,0.0,0.0,0.0,0.0
7,45,9.68545842770598,3.435347084273475,1.0,0.0,1.0,0.0,0.0,1.0
8,45,5.253296417179343,6.92059447076798,0.0,0.0,1.0,1.0,1.0,0.0
9,45,3.1729920608247992,4.1702780464633,0.0,0.0,0.0,0.0,0.0,1.0
10,45,0.4018971336748206,8.41083207098977,0.0,0.0,1.0,0.0,0.0,0.0
11,45,4.088232909612564,4.1198084221538265,1.0,0.0,0.0,0.0,1.0,0.0
12,45,10.81875997811855,6.795646971103399,1.0,0.0,1.0,0.0,0.0,0.0
13,45,0.3219882561527954,8.95249536767145,0.0,0.0,1.0,0.0,1.0,0.0
14,45,4.815219490683898,11.663473365067007,0.0,1.0,1.0,0.0,1.0,1.0
0,50,9.525493585688409,9.601094132164974,1.0,0.0,1.0,0.0,1.0,0.0
1,50,4.359021027122489,0.0,1.0,0.0,0.0,1.0,0.0,1.0
2,50,11.07954649184827,9.056463159648295,0.0,0.0,0.0,0.0,1.0,0.0
3,50,3.791493092918407,9.953442004624518,1.0,1.0,1.0,1.0,0.0,1.0
4,50,0.0,10.2764338690585,1.0,1.0,0.0,1.0,1.0,0.0
5,50,2.814161328648456,9.254169668983817,0.0,1.0,0.0,1.0,0.0,1.0
6,50,7.246060840227947,4.278693988881429,1.0,0.0,0.0,0.0,0.0,0.0
7,50,9.755898397365858,3.4785348629679462,1.0,0.0,1.0,0.0,0.0,1.0
8,50,5.198791793784164,6.912562034470478,0.0,0.0,1.0,1.0,1.0,0.0
9,50,3.1739876998992598,4.171345055144219,0.0,0.0,0.0,0.0,0.0,1.0
10,50,0.4215081153676465,8.431497147023741,0.0,0.0,1.0,0.0,0.0,0.0
11,50,4.089637575599632,4.019078221923908,1.0,0.0,0.0,0.0,1.0,0.0
12,50,10.808382799281548,6.837922738407825,1.0,0.0,1.0,0.0,0.0,0.0
13,50,0.2465137776751756,8.948715867645594,0.0,0.0,1.0,0.0,1.0,0.0
14,50,4.775433172054823,11.771837066330454,0.0,1.0,1.0,0.0,1.0,1.0
0,55,9.598224013269837,9.680333640948664,1.0,0.0,1.0,0.0,1.0,0.0
1,55,4.357890554388763,0.0,1.0,0.0,0.0,1.0,0.0,1.0
2,55,11.07205431519026,9.050026245392475,0.0,0.0,0.0,0.0,1.0,0.0
3,55,3.7952825169997855,9.954186242745871,1.0,1.0,1.0,1.0,0.0,1.0
4,55,0.0,10.310002402282038,1.0,1.0,0.0,1.0,1.0,0.0
5,55,2.817892595551423,9.255453300363431,0.0,1.0,0.0,1.0,0.0,1.0
6,55,7.235897052568061,4.267245763005113,1.0,0.0,0.0,0.0,0.0,0.0
7,55,9.81344337438647,3.5142918827737994,1.0,0.0,1.0,0.0,0.0,1.0
8,55,5.125231625870752,6.900171332987636,0.0,0.0,1.0,1.0,1.0,0.0
9,55,3.1789057228294366,4.176565147764798,0.0,0.0,0.0,0.0,0.0,1.0
10,55,0.4415446462288282,8.45346674466869,0.0,0.0,1.0,0.0,0.0,0.0
11,55,4.089165330136824,3.9056470439259527,1.0,0.0,0.0,0.0,1.0,0.0
12,55,10.798138017207574,6.88277092701115,1.0,0.0,1.0,0.0,0.0,0.0
13,55,0.1804328520719521,8.945036704722138,0.0,0.0,1.0,0.0,1.0,0.0
14,55,4.727582505001416,11.894312780679336,0.0,1.0,1.0,0.0,1.0,1.0
0,60,9.67148788260602,9.760020879794707,1.0,0.0,1.0,0.0,1.0,0.0
1,60,4.358937559035768,0.0002805939868917,1.0,0.0,0.0,1.0,0.0,1.0
2,60,11.05671821298691,9.036490521307138,0.0,0.0,0.0,0.0,1.0,0.0
3,60,3.7880682824710634,9.95248317486728,1.0,1.0,1.0,1.0,0.0,1.0
4,60,0.0,10.337688096872713,1.0,1.0,0.0,1.0,1.0,0.0
5,60,2.819933633579353,9.256038172261515,0.0,1.0,0.0,1.0,0.0,1.0
6,60,7.221585140250416,4.251041931721512,1.0,0.0,0.0,0.0,0.0,0.0
7,60,9.85001091879216,3.5381672485582523,1.0,0.0,1.0,0.0,0.0,1.0
8,60,5.04515300030407,6.887174034313566,0.0,0.0,1.0,1.0,1.0,0.0
9,60,3.187791029067596,4.186018394985396,0.0,0.0,0.0,0.0,0.0,1.0
10,60,0.4332253718543348,8.444226687770794,0.0,0.0,1.0,0.0,0.0,0.0
11,60,4.088774767308697,3.7879996528711817,1.0,0.0,0.0,0.0,1.0,0.0
12,60,10.783849310418017,6.943835695184196,1.0,0.0,1.0,0.0,0.0,0.0
13,60,0.1169321815130859,8.940736399762033,0.0,0.0,1.0,0.0,1.0,0.0
14,60,4.6751918360151805,12.0,0.0,1.0,1.0,0.0,1.0,1.0
0,65,9.757513666616944,9.854173699438398,1.0,0.0,1.0,0.0,1.0,0.0
1,65,4.368785919505596,0.0031397447474704,1.0,0.0,0.0,1.0,0.0,1.0
2,65,11.039574604122368,9.021663273202362,0.0,0.0,0.0,0.0,1.0,0.0
3,65,3.771611357057166,9.948877780783327,1.0,1.0,1.0,1.0,0.0,1.0
4,65,0.0,10.40089954951964,1.0,1.0,0.0,1.0,1.0,0.0
5,65,2.8148488423266005,9.254692834713229,0.0,1.0,0.0,1.0,0.0,1.0
6,65,7.202604723866029,4.228885553132367,1.0,0.0,0.0,0.0,0.0,0.0
7,65,9.874793149914058,3.5551319616927057,1.0,0.0,1.0,0.0,0.0,1.0
8,65,4.944534306680473,6.869525304582948,0.0,0.0,1.0,1.0,1.0,0.0
9,65,3.1954863063015955,4.194054404290607,0.0,0.0,0.0,0.0,0.0,1.0
10,65,0.4264852188275785,8.437243818483207,0.0,0.0,1.0,0.0,0.0,0.0
11,65,4.083080156746179,3.667770421886756,1.0,0.0,0.0,0.0,1.0,0.0
12,65,10.767813846381609,7.01317104214912,1.0,0.0,1.0,0.0,0.0,0.0
13,65,0.0543864296608144,8.937155308104632,0.0,0.0,1.0,0.0,1.0,0.0
14,65,4.821526178643769,12.0,0.0,1.0,1.0,0.0,1.0,1.0
0,70,9.8470879609176,9.951971535680109,1.0,0.0,1.0,0.0,1.0,0.0
1,70,4.379096161029835,0.0060395323714029,1.0,0.0,0.0,1.0,0.0,1.0
2,70,11.021336879915696,9.005027001189886,0.0,0.0,0.0,0.0,1.0,0.0
3,70,3.755726445757829,9.945130505388471,1.0,1.0,1.0,1.0,0.0,1.0
4,70,0.0,10.448437124192036,1.0,1.0,0.0,1.0,1.0,0.0
5,70,2.800306634224705,9.251043714021822,0.0,1.0,0.0,1.0,0.0,1.0
6,70,7.1928426364454445,4.217346593783406,1.0,0.0,0.0,0.0,0.0,0.0
7,70,9.877656478349016,3.5571753477866164,1.0,0.0,1.0,0.0,0.0,1.0
8,70,4.851518808577499,6.852125169705735,0.0,0.0,1.0,1.0,1.0,0.0
9,70,3.2082439540821417,4.207788636932646,0.0,0.0,0.0,0.0,0.0,1.0
10,70,0.4199296474555711,8.430531854230367,0.0,0.0,1.0,0.0,0.0,0.0
11,70,4.081414517475399,3.5472923782334997,1.0,0.0,0.0,0.0,1.0,0.0
12,70,10.749732956897676,7.080910771987654,1.0,0.0,1.0,0.0,0.0,0.0
13,70,0.0,8.932589983336792,0.0,0.0,1.0,0.0,1.0,0.0
14,70,4.960072143122003,12.0,0.0,1.0,1.0,0.0,1.0,1.0
0,75,9.933211542844008,10.04030197929913,1.0,0.0,1.0,0.0,1.0,0.0
1,75,4.404250215680989,0.0130066350383667,1.0,0.0,0.0,1.0,0.0,1.0
2,75,11.02424751837306,9.007731926754523,0.0,0.0,0.0,0.0,1.0,0.0
3,75,3.746061356756031,9.943075766183556,1.0,1.0,1.0,1.0,0.0,1.0
4,75,0.0,10.487571110012077,1.0,1.0,0.0,1.0,1.0,0.0
5,75,2.779664501272345,9.246167311122996,0.0,1.0,0.0,1.0,0.0,1.0
6,75,7.177565969137102,4.199164030771238,1.0,0.0,0.0,0.0,0.0,0.0
7,75,9.86136307244014,3.546583757482213,1.0,0.0,1.0,0.0,0.0,1.0
8,75,4.734588911532618,6.82828269888201,0.0,0.0,1.0,1.0,1.0,0.0
9,75,3.231610030268651,4.233751203368178,0.0,0.0,0.0,0.0,0.0,1.0
10,75,0.4019331707048308,8.412092783993293,0.0,0.0,1.0,0.0,0.0,0.0
11,75,4.079580592850225,3.432142943456873,1.0,0.0,0.0,0.0,1.0,0.0
12,75,10.728377958816294,7.161360910517771,1.0,0.0,1.0,0.0,0.0,0.0
13,75,0.0,8.929704637088031,0.0,0.0,1.0,0.0,1.0,0.0
14,75,5.094493138583887,12.0,0.0,1.0,1.0,0.0,1.0,1.0
0,80,10.020336371591128,10.128168463911212,1.0,0.0,1.0,0.0,1.0,0.0
1,80,4.424841050988014,0.0188456946177539,1.0,0.0,0.0,1.0,0.0,1.0
2,80,11.029916077416496,9.012922714515629,0.0,0.0,0.0,0.0,1.0,0.0
3,80,3.721921963223271,9.93818298002078,1.0,1.0,1.0,1.0,0.0,1.0
4,80,0.0,10.511737327503743,1.0,1.0,0.0,1.0,1.0,0.0
5,80,2.7729025256324467,9.244462258659434,0.0,1.0,0.0,1.0,0.0,1.0
6,80,7.169872597805405,4.190130776096713,1.0,0.0,0.0,0.0,0.0,0.0
7,80,9.828622852572902,3.525893507546425,1.0,0.0,1.0,0.0,0.0,1.0
8,80,4.597025368986209,6.801196207869825,0.0,0.0,1.0,1.0,1.0,0.0
9,80,3.2583497891639266,4.264889489932409,0.0,0.0,0.0,0.0,0.0,1.0
10,80,0.3895220716933533,8.399194532778578,0.0,0.0,1.0,0.0,0.0,0.0
11,80,4.0779977135192365,3.2890829802547463,1.0,0.0,0.0,0.0,1.0,0.0
12,80,10.709884298466738,7.231747982181506,1.0,0.0,1.0,0.0,0.0,0.0
13,80,0.0,8.927433279096642,0.0,0.0,1.0,0.0,1.0,0.0
14,80,5.223534057456089,12.0,0.0,1.0,1.0,0.0,1.0,1.0
0,85,10.110495215166134,10.220114650406671,1.0,0.0,1.0,0.0,1.0,0.0
1,85,4.425927800624716,0.0191524867481535,1.0,0.0,0.0,1.0,0.0,1.0
2,85,11.038274283851882,9.0207293861374,0.0,0.0,0.0,0.0,1.0,0.0
3,85,3.6956999809037296,9.932806565149274,1.0,1.0,1.0,1.0,0.0,1.0
4,85,0.0,10.54399500625402,1.0,1.0,0.0,1.0,1.0,0.0
5,85,2.76090764515025,9.24159828147409,0.0,1.0,0.0,1.0,0.0,1.0
6,85,7.152693864689724,4.170154047679582,1.0,0.0,0.0,0.0,0.0,0.0
7,85,9.803652645616747,3.510360363787666,1.0,0.0,1.0,0.0,0.0,1.0
8,85,4.4622867365297285,6.781214811355607,0.0,0.0,1.0,1.0,1.0,0.0
9,85,3.287628929792205,4.30020702640985,0.0,0.0,0.0,0.0,0.0,1.0
10,85,0.3895418324618521,8.399215600409715,0.0,0.0,1.0,0.0,0.0,0.0
11,85,4.077880749285068,3.1189371506341708,1.0,0.0,0.0,0.0,1.0,0.0
12,85,10.699980264332863,7.27319962587315,1.0,0.0,1.0,0.0,0.0,0.0
13,85,0.0,8.925010243758788,0.0,0.0,1.0,0.0,1.0,0.0
14,85,5.359325712034645,12.0,0.0,1.0,1.0,0.0,1.0,1.0
0,90,10.17200951099167,10.284857505293532,1.0,0.0,1.0,0.0,1.0,0.0
1,90,4.434691039513185,0.0216834068301351,1.0,0.0,0.0,1.0,0.0,1.0
2,90,11.050781912032862,9.03228716862326,0.0,0.0,0.0,0.0,1.0,0.0
3,90,3.676035265183454,9.92909375753674,1.0,1.0,1.0,1.0,0.0,1.0
4,90,0.0,10.560228927575912,1.0,1.0,0.0,1.0,1.0,0.0
5,90,2.741667824604266,9.237376488326545,0.0,1.0,0.0,1.0,0.0,1.0
6,90,7.136725870853084,4.151296129236552,1.0,0.0,0.0,0.0,0.0,0.0
7,90,9.800133954297117,3.5080708239738865,1.0,0.0,1.0,0.0,0.0,1.0
8,90,4.332806446202432,6.756305402723922,0.0,0.0,1.0,1.0,1.0,0.0
9,90,3.315351538471314,4.3343820750279765,0.0,0.0,0.0,0.0,0.0,1.0
10,90,0.3917598138614352,8.401591711516323,0.0,0.0,1.0,0.0,0.0,0.0
11,90,4.079529339027958,2.963185635059269,1.0,0.0,0.0,0.0,1.0,0.0
12,90,10.691480809052315,7.308002790968503,1.0,0.0,1.0,0.0,0.0,0.0
13,90,0.0,8.921389949184825,0.0,0.0,1.0,0.0,1.0,0.0
14,90,5.5026461237603925,12.0,0.0,1.0,1.0,0.0,1.0,1.0
0,95,10.235683962534525,10.348418037836568,1.0,0.0,1.0,0.0,1.0,0.0
1,95,4.452981566499385,0.027205070898207,1.0,0.0,0.0,1.0,0.0,1.0
2,95,11.07157647175532,9.051745035199142,0.0,0.0,0.0,0.0,1.0,0.0
3,95,3.6387170472071246,9.922171175886758,1.0,1.0,1.0,1.0,0.0,1.0
4,95,0.0,10.581196416801465,1.0,1.0,0.0,1.0,1.0,0.0
5,95,2.7284194925570944,9.2343620914437,0.0,1.0,0.0,1.0,0.0,1.0
6,95,7.112855354423834,4.122345257819307,1.0,0.0,0.0,0.0,0.0,0.0
7,95,9.770729156597374,3.4886003447069625,1.0,0.0,1.0,0.0,0.0,1.0
8,95,4.205728427041465,6.734191506246088,0.0,0.0,1.0,1.0,1.0,0.0
9,95,3.3341402437033327,4.357405877234061,0.0,0.0,0.0,0.0,0.0,1.0
10,95,0.3767221421704001,8.385527939645861,0.0,0.0,1.0,0.0,0.0,0.0
11,95,4.081421305274162,2.8196123900143277,1.0,0.0,0.0,0.0,1.0,0.0
12,95,10.67906948428587,7.358914793909117,1.0,0.0,1.0,0.0,0.0,0.0
13,95,0.0,8.916722210251633,0.0,0.0,1.0,0.0,1.0,0.0
14,95,5.64877884451478,12.0,0.0,1.0,1.0,0.0,1.0,1.0
0,100,10.301037664911496,10.414919802878243,1.0,0.0,1.0,0.0,1.0,0.0
1,100,4.463836024795522,0.0302736814510221,1.0,0.0,0.0,1.0,0.0,1.0
2,100,11.101632715532938,9.079584749927042,0.0,0.0,0.0,0.0,1.0,0.0
3,100,3.614925188996296,9.918399324487968,1.0,1.0,1.0,1.0,0.0,1.0
4,100,0.0,10.60077993617115,1.0,1.0,0.0,1.0,1.0,0.0
5,100,2.7238828127738524,9.233326207399992,0.0,1.0,0.0,1.0,0.0,1.0
6,100,7.105203868048906,4.11302932627139,1.0,0.0,0.0,0.0,0.0,0.0
7,100,9.731785139238657,3.461474198398572,1.0,0.0,1.0,0.0,0.0,1.0
8,100,4.086568159982691,6.710311001660893,0.0,0.0,1.0,1.0,1.0,0.0
9,100,3.3421611646859364,4.366923382797457,0.0,0.0,0.0,0.0,0.0,1.0
10,100,0.362229363048671,8.370087269648275,0.0,0.0,1.0,0.0,0.0,0.0
11,100,4.08416399007663,2.6727342085702355,1.0,0.0,0.0,0.0,1.0,0.0
12,100,10.664420662709745,7.416326369058184,1.0,0.0,1.0,0.0,0.0,0.0
13,100,0.0,8.914750427630269,0.0,0.0,1.0,0.0,1.0,0.0
14,100,5.804461080305089,12.0,0.0,1.0,1.0,0.0,1.0,1.0
0,105,10.372767162904484,10.48468803927656,1.0,0.0,1.0,0.0,1.0,0.0
1,105,4.483529380854203,0.0360941568692801,1.0,0.0,0.0,1.0,0.0,1.0
2,105,11.132686266164358,9.108752881193706,0.0,0.0,0.0,0.0,1.0,0.0
3,105,3.5702402352293547,9.91183464267442,1.0,1.0,1.0,1.0,0.0,1.0
4,105,0.0,10.61702487230168,1.0,1.0,0.0,1.0,1.0,0.0
5,105,2.718375572916237,9.232090200319584,0.0,1.0,0.0,1.0,0.0,1.0
6,105,7.090326718727216,4.126272908641433,1.0,0.0,0.0,0.0,0.0,0.0
7,105,9.720933087792313,3.45396642141018,1.0,0.0,1.0,0.0,0.0,1.0
8,105,3.963845384024289,6.684575771561438,0.0,0.0,1.0,1.0,1.0,0.0
9,105,3.356660891141655,4.383393166585255,0.0,0.0,0.0,0.0,0.0,1.0
10,105,0.3478069282535764,8.354955968168603,0.0,0.0,1.0,0.0,0.0,0.0
11,105,4.085107699393659,2.5159221566887204,1.0,0.0,0.0,0.0,1.0,0.0
12,105,10.651413110170262,7.481459044756598,1.0,0.0,1.0,0.0,0.0,0.0
13,105,0.0,8.912135481411376,0.0,0.0,1.0,0.0,1.0,0.0
14,105,5.954644192654128,12.0,0.0,1.0,1.0,0.0,1.0,1.0
0,110,10.4372463224343,10.549366136883156,1.0,0.0,1.0,0.0,1.0,0.0
1,110,4.497877576933592,0.0397787582518524,1.0,0.0,0.0,1.0,0.0,1.0
2,110,11.163808204276313,9.137558308880026,0.0,0.0,0.0,0.0,1.0,0.0
3,110,3.5303313012143427,9.905527588072152,1.0,1.0,1.0,1.0,0.0,1.0
4,110,0.0,10.633254599594611,1.0,1.0,0.0,1.0,1.0,0.0
5,110,2.698732289301337,9.22788731746811,0.0,1.0,0.0,1.0,0.0,1.0
6,110,7.070093152132751,4.144466107160703,1.0,0.0,0.0,0.0,0.0,0.0
7,110,9.717469607345045,3.4514429352681946,1.0,0.0,1.0,0.0,0.0,1.0
8,110,3.854462035052613,6.662006690988981,0.0,0.0,1.0,1.0,1.0,0.0
9,110,3.3669366765789137,4.395528066234928,0.0,0.0,0.0,0.0,0.0,1.0
10,110,0.3328649232890086,8.339240217869309,0.0,0.0,1.0,0.0,0.0,0.0
11,110,4.087240728042595,2.368344726650269,1.0,0.0,0.0,0.0,1.0,0.0
12,110,10.705248712213432,7.492707234386121,1.0,0.0,1.0,0.0,0.0,0.0
13,110,0.0,8.90797353466967,0.0,0.0,1.0,0.0,1.0,0.0
14,110,6.108605404311935,12.0,0.0,1.0,1.0,0.0,1.0,1.0
0,115,10.494462000161798,10.60843844290365,1.0,0.0,1.0,0.0,1.0,0.0
1,115,4.485823412983595,0.0367061298232606,1.0,0.0,0.0,1.0,0.0,1.0
2,115,11.202418291310105,9.172787599746716,0.0,0.0,0.0,0.0,1.0,0.0
3,115,3.506109493771812,9.901587295076414,1.0,1.0,1.0,1.0,0.0,1.0
4,115,0.0,10.65343269381481,1.0,1.0,0.0,1.0,1.0,0.0
5,115,2.6936600651134284,9.226738282350846,0.0,1.0,0.0,1.0,0.0,1.0
6,115,7.041172884090418,4.172406868153127,1.0,0.0,0.0,0.0,0.0,0.0
7,115,9.719872817059729,3.453181901985429,1.0,0.0,1.0,0.0,0.0,1.0
8,115,3.7421285176118766,6.635326537671562,0.0,0.0,1.0,1.0,1.0,0.0
9,115,3.3725740832433586,4.4021679820656985,0.0,0.0,0.0,0.0,0.0,1.0
10,115,0.3152873138673776,8.32039321781917,0.0,0.0,1.0,0.0,0.0,0.0
11,115,4.091993981365023,2.2178896685230187,1.0,0.0,0.0,0.0,1.0,0.0
12,115,10.759583032844589,7.503709532109288,1.0,0.0,1.0,0.0,0.0,0.0
13,115,0.0,8.904412584732682,0.0,0.0,1.0,0.0,1.0,0.0
14,115,6.277288585350189,12.0,0.0,1.0,1.0,0.0,1.0,1.0
0,120,10.549008361733586,10.66200834783685,1.0,0.0,1.0,0.0,1.0,0.0
1,120,4.473079603129987,0.0338831370548734,1.0,0.0,0.0,1.0,0.0,1.0
2,120,11.2367880261805,9.202669732356645,0.0,0.0,0.0,0.0,1.0,0.0
3,120,3.461609720311692,9.893796860463883,1.0,1.0,1.0,1.0,0.0,1.0
4,120,0.0,10.674798356083492,1.0,1.0,0.0,1.0,1.0,0.0
5,120,2.6796120423255787,9.223562112808388,0.0,1.0,0.0,1.0,0.0,1.0
6,120,7.021924944655577,4.191821267753352,1.0,0.0,0.0,0.0,0.0,0.0
7,120,9.713093680525551,3.462230551187496,1.0,0.0,1.0,0.0,0.0,1.0
8,120,3.6162583296627298,6.602863329474053,0.0,0.0,1.0,1.0,1.0,0.0
9,120,3.373820230337289,4.403621498460209,0.0,0.0,0.0,0.0,0.0,1.0
10,120,0.3032247571868303,8.306857177721355,0.0,0.0,1.0,0.0,0.0,0.0
11,120,4.091100787360189,2.062822633788138,1.0,0.0,0.0,0.0,1.0,0.0
12,120,10.81486597054998,7.51343223157775,1.0,0.0,1.0,0.0,0.0,0.0
13,120,0.0,8.902229476359189,0.0,0.0,1.0,0.0,1.0,0.0
14,120,6.449035030829998,12.0,0.0,1.0,1.0,0.0,1.0,1.0
0,125,10.601366651733017,10.715897100010167,1.0,0.0,1.0,0.0,1.0,0.0
1,125,4.464329688673527,0.0316489756266629,1.0,0.0,0.0,1.0,0.0,1.0
2,125,11.281293521549294,9.240783379090823,0.0,0.0,0.0,0.0,1.0,0.0
3,125,3.431402435775241,9.888541648018595,1.0,1.0,1.0,1.0,0.0,1.0
4,125,0.0,10.700134277188084,1.0,1.0,0.0,1.0,1.0,0.0
5,125,2.668153564856925,9.220987075803626,0.0,1.0,0.0,1.0,0.0,1.0
6,125,6.994074210917426,4.218669461465513,1.0,0.0,0.0,0.0,0.0,0.0
7,125,9.721496927569396,3.451152820931915,1.0,0.0,1.0,0.0,0.0,1.0
8,125,3.495616033179876,6.572407307382886,0.0,0.0,1.0,1.0,1.0,0.0
9,125,3.3794120538262216,4.409862981238288,0.0,0.0,0.0,0.0,0.0,1.0
10,125,0.2882702974841002,8.289057715432362,0.0,0.0,1.0,0.0,0.0,0.0
11,125,4.088457505268726,1.903585409450104,1.0,0.0,0.0,0.0,1.0,0.0
12,125,10.849619434454253,7.519300619249823,1.0,0.0,1.0,0.0,0.0,0.0
13,125,0.0027475558860942,8.817690497205225,0.0,0.0,1.0,0.0,1.0,0.0
14,125,6.6212811988111655,12.0,0.0,1.0,1.0,0.0,1.0,1.0
0,130,10.653028420347884,10.767084941962231,1.0,0.0,1.0,0.0,1.0,0.0
1,130,4.4439494112094735,0.0264940607253446,1.0,0.0,0.0,1.0,0.0,1.0
2,130,11.342996160994373,9.289479016133305,0.0,0.0,0.0,0.0,1.0,0.0
3,130,3.3805282222554043,9.879448995157448,1.0,1.0,1.0,1.0,0.0,1.0
4,130,0.0,10.755708091566545,1.0,1.0,0.0,1.0,1.0,0.0
5,130,2.676806937901563,9.222947010762631,0.0,1.0,0.0,1.0,0.0,1.0
6,130,6.962632035342286,4.2497100316791085,1.0,0.0,0.0,0.0,0.0,0.0
7,130,9.7297573557181,3.440441550479977,1.0,0.0,1.0,0.0,0.0,1.0
8,130,3.405609511364881,6.552388697119345,0.0,0.0,1.0,1.0,1.0,0.0
9,130,3.3823346813278024,4.412930019514543,0.0,0.0,0.0,0.0,0.0,1.0
10,130,0.2649810590681596,8.261754743206382,0.0,0.0,1.0,0.0,0.0,0.0
11,130,4.0858143418703845,1.7588890068539864,1.0,0.0,0.0,0.0,1.0,0.0
12,130,10.875347105555178,7.523525398635303,1.0,0.0,1.0,0.0,0.0,0.0
13,130,0.005914302670362,8.741208574478634,0.0,0.0,1.0,0.0,1.0,0.0
14,130,6.782681226997735,12.0,0.0,1.0,1.0,0.0,1.0,1.0
0,135,10.695728357991255,10.80917710796662,1.0,0.0,1.0,0.0,1.0,0.0
1,135,4.429224208872949,0.0230803706543602,1.0,0.0,0.0,1.0,0.0,1.0
2,135,11.402444692038006,9.335554321819306,0.0,0.0,0.0,0.0,1.0,0.0
3,135,3.3292255292175743,9.86989148269727,1.0,1.0,1.0,1.0,0.0,1.0
4,135,0.0,10.809587776314894,1.0,1.0,0.0,1.0,1.0,0.0
5,135,2.6840194095263263,9.224523971863098,0.0,1.0,0.0,1.0,0.0,1.0
6,135,6.923620870696595,4.288861953393592,1.0,0.0,0.0,0.0,0.0,0.0
7,135,9.728223378231846,3.4424772826869163,1.0,0.0,1.0,0.0,0.0,1.0
8,135,3.2848395363651504,6.525377150939714,0.0,0.0,1.0,1.0,1.0,0.0
9,135,3.3691227724745696,4.3990709873025216,0.0,0.0,0.0,0.0,0.0,1.0
10,135,0.2309400902008976,8.22174860311139,0.0,0.0,1.0,0.0,0.0,0.0
11,135,4.079682478538626,1.5907526284120972,1.0,0.0,0.0,0.0,1.0,0.0
12,135,10.902729003580111,7.527199853317196,1.0,0.0,1.0,0.0,0.0,0.0
13,135,0.0092804560158053,8.656342374084973,0.0,0.0,1.0,0.0,1.0,0.0
14,135,6.943314004555006,12.0,0.0,1.0,1.0,0.0,1.0,1.0
0,140,10.74633254544628,10.857042546034243,1.0,0.0,1.0,0.0,1.0,0.0
1,140,4.403371649845398,0.0174056520197445,1.0,0.0,0.0,1.0,0.0,1.0
2,140,11.451509227278091,9.37362476178138,0.0,0.0,0.0,0.0,1.0,0.0
3,140,3.26336769932477,9.857266279259022,1.0,1.0,1.0,1.0,0.0,1.0
4,140,0.0,10.864223403041107,1.0,1.0,0.0,1.0,1.0,0.0
5,140,2.6892978177459725,9.225753538144644,0.0,1.0,0.0,1.0,0.0,1.0
6,140,6.901056476779935,4.311896395052203,1.0,0.0,0.0,0.0,0.0,0.0
7,140,9.72637917098034,3.4449494568018784,1.0,0.0,1.0,0.0,0.0,1.0
8,140,3.1705855875089792,6.499008718133939,0.0,0.0,1.0,1.0,1.0,0.0
9,140,3.340292754445315,4.367871848608296,0.0,0.0,0.0,0.0,0.0,1.0
10,140,0.1826528193157353,8.16440679956722,0.0,0.0,1.0,0.0,0.0,0.0
11,140,4.071538483548779,1.4145196918780611,1.0,0.0,0.0,0.0,1.0,0.0
12,140,10.929968462040218,7.530720443864425,1.0,0.0,1.0,0.0,0.0,0.0
13,140,0.0140852010373282,8.572529890895979,0.0,0.0,1.0,0.0,1.0,0.0
14,140,7.103341950833693,12.0,0.0,1.0,1.0,0.0,1.0,1.0
0,145,10.807863446028067,10.91434055568635,1.0,0.0,1.0,0.0,1.0,0.0
1,145,4.36729406116774,0.0083079448710825,1.0,0.0,0.0,1.0,0.0,1.0
2,145,11.40163754757462,9.440150877919326,0.0,0.0,0.0,0.0,1.0,0.0
3,145,3.2007189345515625,9.844811033540688,1.0,1.0,1.0,1.0,0.0,1.0
4,145,0.0,10.910140786601511,1.0,1.0,0.0,1.0,1.0,0.0
5,145,2.696589655703564,9.227443060657311,0.0,1.0,0.0,1.0,0.0,1.0
6,145,6.86188853003578,4.351019211506596,1.0,0.0,0.0,0.0,0.0,0.0
7,145,9.720492531712418,3.45321264672893,1.0,0.0,1.0,0.0,0.0,1.0
8,145,3.075540002555804,6.475706891094803,0.0,0.0,1.0,1.0,1.0,0.0
9,145,3.2945298884196146,4.317400382690108,0.0,0.0,0.0,0.0,0.0,1.0
10,145,0.1414064723912932,8.113940302142526,0.0,0.0,1.0,0.0,0.0,0.0
11,145,4.062521344116007,1.2492351275266225,1.0,0.0,0.0,0.0,1.0,0.0
12,145,10.96471047204711,7.535252852836217,1.0,0.0,1.0,0.0,0.0,0.0
13,145,0.0196763679691862,8.471639587109083,0.0,0.0,1.0,0.0,1.0,0.0
14,145,7.273291591555082,12.0,0.0,1.0,1.0,0.0,1.0,1.0
0,150,10.8556702467464,10.958677237085007,1.0,0.0,1.0,0.0,1.0,0.0
1,150,4.333860204199298,0.0,1.0,0.0,0.0,1.0,0.0,1.0
2,150,11.355513953206946,9.502102389300902,0.0,0.0,0.0,0.0,1.0,0.0
3,150,3.1328299750196686,9.830487445403946,1.0,1.0,1.0,1.0,0.0,1.0
4,150,0.0,10.958682326252063,1.0,1.0,0.0,1.0,1.0,0.0
5,150,2.7011215608943497,9.22854087469394,0.0,1.0,0.0,1.0,0.0,1.0
6,150,6.817622620213672,4.393493949782688,1.0,0.0,0.0,0.0,0.0,0.0
7,150,9.715334087164946,3.460515082335822,1.0,0.0,1.0,0.0,0.0,1.0
8,150,2.9827021274445857,6.4524092811577285,0.0,0.0,1.0,1.0,1.0,0.0
9,150,3.253731081248457,4.274982037610193,0.0,0.0,0.0,0.0,0.0,1.0
10,150,0.0913959591476133,8.0492571761094,0.0,0.0,1.0,0.0,0.0,0.0
11,150,4.060023158046676,1.0994425765147435,1.0,0.0,0.0,0.0,1.0,0.0
12,150,10.978835328433664,7.537496765307969,1.0,0.0,1.0,0.0,0.0,0.0
13,150,0.0238617375495307,8.364650473996624,0.0,0.0,1.0,0.0,1.0,0.0
14,150,7.433699392106685,12.0,0.0,1.0,1.0,0.0,1.0,1.0
0,155,10.895489028657448,10.996788024656457,1.0,0.0,1.0,0.0,1.0,0.0
1,155,4.291173219699375,0.0,1.0,0.0,0.0,1.0,0.0,1.0
2,155,11.304007788122892,9.56900245563225,0.0,0.0,0.0,0.0,1.0,0.0
3,155,3.082142180004578,9.820318921378473,1.0,1.0,1.0,1.0,0.0,1.0
4,155,0.0,10.994312212718452,1.0,1.0,0.0,1.0,1.0,0.0
5,155,2.700243262580604,9.228314401232652,0.0,1.0,0.0,1.0,0.0,1.0
6,155,6.783256343711367,4.426555805061162,1.0,0.0,0.0,0.0,0.0,0.0
7,155,9.721025671423831,3.452743853472313,1.0,0.0,1.0,0.0,0.0,1.0
8,155,2.9030892933433825,6.432722697638815,0.0,0.0,1.0,1.0,1.0,0.0
9,155,3.2165258197498434,4.236093648986113,0.0,0.0,0.0,0.0,0.0,1.0
10,155,0.0461472586601496,7.988127559926296,0.0,0.0,1.0,0.0,0.0,0.0
11,155,4.0596013266400055,0.9265667938755278,1.0,0.0,0.0,0.0,1.0,0.0
12,155,10.9593442686328,7.534469288326229,1.0,0.0,1.0,0.0,0.0,0.0
13,155,0.029063572353787,8.246185696654454,0.0,0.0,1.0,0.0,1.0,0.0
14,155,7.602801493828302,12.0,0.0,1.0,1.0,0.0,1.0,1.0
0,160,10.935292431546644,11.033074986809234,1.0,0.0,1.0,0.0,1.0,0.0
1,160,4.236762054419769,0.0,1.0,0.0,0.0,1.0,0.0,1.0
2,160,11.252736812360451,9.638868793187024,0.0,0.0,0.0,0.0,1.0,0.0
3,160,3.0520804521269578,9.814940822694286,1.0,1.0,1.0,1.0,0.0,1.0
4,160,0.0,11.031858419184047,1.0,1.0,0.0,1.0,1.0,0.0
5,160,2.6951095323245378,9.226979033900417,0.0,1.0,0.0,1.0,0.0,1.0
6,160,6.75028118722298,4.45723561286029,1.0,0.0,0.0,0.0,0.0,0.0
7,160,9.732292796340602,3.436967483846258,1.0,0.0,1.0,0.0,0.0,1.0
8,160,2.83386508863981,6.417052285308171,0.0,0.0,1.0,1.0,1.0,0.0
9,160,3.180700922578734,4.197136934331791,0.0,0.0,0.0,0.0,0.0,1.0
10,160,0.0,7.90038428117605,0.0,0.0,1.0,0.0,0.0,0.0
11,160,4.0560745499313935,0.7499610222494614,1.0,0.0,0.0,0.0,1.0,0.0
12,160,10.947257767281986,7.532324505489479,1.0,0.0,1.0,0.0,0.0,0.0
13,160,0.0379902714629547,8.142119626052823,0.0,0.0,1.0,0.0,1.0,0.0
14,160,7.768425889388246,12.0,0.0,1.0,1.0,0.0,1.0,1.0
0,165,10.967799916748486,11.063345250739316,1.0,0.0,1.0,0.0,1.0,0.0
1,165,4.174495673148426,0.0,1.0,0.0,0.0,1.0,0.0,1.0
2,165,11.210181341982947,9.697118945445611,0.0,0.0,0.0,0.0,1.0,0.0
3,165,3.015085233563927,9.809335655283869,1.0,1.0,1.0,1.0,0.0,1.0
4,165,0.0,11.058897939094802,1.0,1.0,0.0,1.0,1.0,0.0
5,165,2.708544344960174,9.23023015472264,0.0,1.0,0.0,1.0,0.0,1.0
6,165,6.7272123661855385,4.478122937549309,1.0,0.0,0.0,0.0,0.0,0.0
7,165,9.765102167362652,3.3896350091570158,1.0,0.0,1.0,0.0,0.0,1.0
8,165,2.747975253754398,6.397978528023197,0.0,0.0,1.0,1.0,1.0,0.0
9,165,3.156082614570018,4.171731640993635,0.0,0.0,0.0,0.0,0.0,1.0
10,165,0.0,7.813120388167995,0.0,0.0,1.0,0.0,0.0,0.0
11,165,4.054259862938798,0.5784514334835145,1.0,0.0,0.0,0.0,1.0,0.0
12,165,10.93263554919054,7.530247086845131,1.0,0.0,1.0,0.0,0.0,0.0
13,165,0.0462409971365917,8.031907733860013,0.0,0.0,1.0,0.0,1.0,0.0
14,165,7.931393654288098,12.0,0.0,1.0,1.0,0.0,1.0,1.0
0,170,11.015803279964691,11.106825936266532,1.0,0.0,1.0,0.0,1.0,0.0
1,170,4.102269718883817,0.0,1.0,0.0,0.0,1.0,0.0,1.0
2,170,11.153066114293424,9.776795398328447,0.0,0.0,0.0,0.0,1.0,0.0
3,170,2.9842213398850794,9.80498009842474,1.0,1.0,1.0,1.0,0.0,1.0
4,170,0.0,11.095804855849815,1.0,1.0,0.0,1.0,1.0,0.0
5,170,2.7315456158887352,9.236205528957786,0.0,1.0,0.0,1.0,0.0,1.0
6,170,6.691079233802259,4.510936649771701,1.0,0.0,0.0,0.0,0.0,0.0
7,170,9.80207198880427,3.335174678226944,1.0,0.0,1.0,0.0,0.0,1.0
8,170,2.662104917531332,6.378477616973226,0.0,0.0,1.0,1.0,1.0,0.0
9,170,3.1298024132781035,4.14359165527556,0.0,0.0,0.0,0.0,0.0,1.0
10,170,0.0,7.716583943637387,0.0,0.0,1.0,0.0,0.0,0.0
11,170,4.049957263654041,0.4226252690905836,1.0,0.0,0.0,0.0,1.0,0.0
12,170,10.92283296156953,7.528999046445678,1.0,0.0,1.0,0.0,0.0,0.0
13,170,0.0544837183267255,7.932955094738157,0.0,0.0,1.0,0.0,1.0,0.0
14,170,8.086850430171811,12.0,0.0,1.0,1.0,0.0,1.0,1.0
0,175,11.05815447296403,11.147046568984925,1.0,0.0,1.0,0.0,1.0,0.0
1,175,4.027736248225304,0.0,1.0,0.0,0.0,1.0,0.0,1.0
2,175,11.090867983820589,9.866916056936434,0.0,0.0,0.0,0.0,1.0,0.0
3,175,2.9584145197718508,9.800523423800852,1.0,1.0,1.0,1.0,0.0,1.0
4,175,0.0,11.152063385988706,1.0,1.0,0.0,1.0,1.0,0.0
5,175,2.761201341020557,9.24367028841027,0.0,1.0,0.0,1.0,0.0,1.0
6,175,6.64745016592761,4.550252418912313,1.0,0.0,0.0,0.0,0.0,0.0
7,175,9.843162473023911,3.273720884846596,1.0,0.0,1.0,0.0,0.0,1.0
8,175,2.58109607071869,6.361170532284308,0.0,0.0,1.0,1.0,1.0,0.0
9,175,3.097356243308962,4.1090348643207975,0.0,0.0,0.0,0.0,0.0,1.0
10,175,0.0,7.621679273310308,0.0,0.0,1.0,0.0,0.0,0.0
11,175,4.047134872936915,0.2836396820965363,1.0,0.0,0.0,0.0,1.0,0.0
12,175,10.92651934319262,7.529396355503672,1.0,0.0,1.0,0.0,0.0,0.0
13,175,0.0644673404186088,7.846824209840244,0.0,0.0,1.0,0.0,1.0,0.0
14,175,8.231214162739567,12.0,0.0,1.0,1.0,0.0,1.0,1.0
0,180,11.101456137241788,11.186563652699794,1.0,0.0,1.0,0.0,1.0,0.0
1,180,3.966350962638717,0.0,1.0,0.0,0.0,1.0,0.0,1.0
2,180,11.024090691570484,9.96553733352996,0.0,0.0,0.0,0.0,1.0,0.0
3,180,2.914988751325035,9.793286457082024,1.0,1.0,1.0,1.0,0.0,1.0
4,180,0.0,11.2052386748617,1.0,1.0,0.0,1.0,1.0,0.0
5,180,2.8034923830713887,9.254616643246964,0.0,1.0,0.0,1.0,0.0,1.0
6,180,6.608426401062328,4.584694789566627,1.0,0.0,0.0,0.0,0.0,0.0
7,180,9.87891667969356,3.2183003084823563,1.0,0.0,1.0,0.0,0.0,1.0
8,180,2.5049419969791344,6.34477045435843,0.0,0.0,1.0,1.0,1.0,0.0
9,180,3.060052768116202,4.067752613645334,0.0,0.0,0.0,0.0,0.0,1.0
10,180,0.0,7.5406920463836515,0.0,0.0,1.0,0.0,0.0,0.0
11,180,4.043614230046852,0.1364778870494377,1.0,0.0,0.0,0.0,1.0,0.0
12,180,10.938623647056955,7.53059822855933,1.0,0.0,1.0,0.0,0.0,0.0
13,180,0.0747158687689478,7.748159365463421,0.0,0.0,1.0,0.0,1.0,0.0
14,180,8.390830678350165,12.0,0.0,1.0,1.0,0.0,1.0,1.0
0,185,11.169526511224316,11.247227582546689,1.0,0.0,1.0,0.0,1.0,0.0
1,185,3.8844755733303167,0.0,1.0,0.0,0.0,1.0,0.0,1.0
2,185,10.941225960465426,10.084789721226922,0.0,0.0,0.0,0.0,1.0,0.0
3,185,2.862809359531521,9.78332489313797,1.0,1.0,1.0,1.0,0.0,1.0
4,185,0.0,11.248084671939983,1.0,1.0,0.0,1.0,1.0,0.0
5,185,2.8652169135243084,9.268629306326131,0.0,1.0,0.0,1.0,0.0,1.0
6,185,6.562316229301981,4.624278184648176,1.0,0.0,0.0,0.0,0.0,0.0
7,185,9.919998396054686,3.150602739103863,1.0,0.0,1.0,0.0,0.0,1.0
8,185,2.4373392345022813,6.33086397085718,0.0,0.0,1.0,1.0,1.0,0.0
9,185,3.019623153337471,4.024609604057579,0.0,0.0,0.0,0.0,0.0,1.0
10,185,0.0,7.442861538405437,0.0,0.0,1.0,0.0,0.0,0.0
11,185,4.03839368310476,0.0,1.0,0.0,0.0,0.0,1.0,0.0
12,185,10.931857732928698,7.53000175025075,1.0,0.0,1.0,0.0,0.0,0.0
13,185,0.0870929425561315,7.64161493080586,0.0,0.0,1.0,0.0,1.0,0.0
14,185,8.543030396308414,12.0,0.0,1.0,1.0,0.0,1.0,1.0
0,190,11.099216894887368,11.326201466047872,1.0,0.0,1.0,0.0,1.0,0.0
1,190,3.812594605348545,0.0,1.0,0.0,0.0,1.0,0.0,1.0
2,190,10.861003950058311,10.200897243110632,0.0,0.0,0.0,0.0,1.0,0.0
3,190,2.8028727410587457,9.77067495732928,1.0,1.0,1.0,1.0,0.0,1.0
4,190,0.0,11.306578707939764,1.0,1.0,0.0,1.0,1.0,0.0
5,190,2.930026480048476,9.284365648173868,0.0,1.0,0.0,1.0,0.0,1.0
6,190,6.509172627389334,4.673172964197566,1.0,0.0,0.0,0.0,0.0,0.0
7,190,9.967447313943836,3.077062195442332,1.0,0.0,1.0,0.0,0.0,1.0
8,190,2.3835779901740013,6.319775825556224,0.0,0.0,1.0,1.0,1.0,0.0
9,190,2.981962086736348,3.985081492325028,0.0,0.0,0.0,0.0,0.0,1.0
10,190,0.0,7.343513875868371,0.0,0.0,1.0,0.0,0.0,0.0
11,190,4.032745124478554,0.0,1.0,0.0,0.0,0.0,1.0,0.0
12,190,10.916526785210506,7.52805209426714,1.0,0.0,1.0,0.0,0.0,0.0
13,190,0.097621809237932,7.551628422535069,0.0,0.0,1.0,0.0,1.0,0.0
14,190,8.676569671346257,12.0,0.0,1.0,1.0,0.0,1.0,1.0
0,195,11.034463180054171,11.402019586549622,1.0,0.0,1.0,0.0,1.0,0.0
1,195,3.711031611591245,0.0,1.0,0.0,0.0,1.0,0.0,1.0
2,195,10.768807373763655,10.33384691180911,0.0,0.0,0.0,0.0,1.0,0.0
3,195,2.7658259228381827,9.763242827097743,1.0,1.0,1.0,1.0,0.0,1.0
4,195,0.0,11.35970872251248,1.0,1.0,0.0,1.0,1.0,0.0
5,195,3.00823638518096,9.30430375281928,0.0,1.0,0.0,1.0,0.0,1.0
6,195,6.457327764329961,4.720729790614901,1.0,0.0,0.0,0.0,0.0,0.0
7,195,10.008778768377852,3.0173416411029743,1.0,0.0,1.0,0.0,0.0,1.0
8,195,2.3191503870125225,6.307150568177597,0.0,0.0,1.0,1.0,1.0,0.0
9,195,2.936402281077928,3.9349328163695967,0.0,0.0,0.0,0.0,0.0,1.0
10,195,0.0,7.250732926762461,0.0,0.0,1.0,0.0,0.0,0.0
11,195,4.029176953262012,0.0,1.0,0.0,0.0,0.0,1.0,0.0
12,195,10.918893715892672,7.528287871912756,1.0,0.0,1.0,0.0,0.0,0.0
13,195,0.1086138468037305,7.463422505177589,0.0,0.0,1.0,0.0,1.0,0.0
14,195,8.809280404614313,12.0,0.0,1.0,1.0,0.0,1.0,1.0
0,200,10.95136258776996,11.505449990674393,1.0,0.0,1.0,0.0,1.0,0.0
1,200,3.620338837139727,0.0,1.0,0.0,0.0,1.0,0.0,1.0
2,200,10.661070768213737,10.491178800491028,0.0,0.0,0.0,0.0,1.0,0.0
3,200,2.7136834241473378,9.752975894645528,1.0,1.0,1.0,1.0,0.0,1.0
4,200,0.0,11.427579068850743,1.0,1.0,0.0,1.0,1.0,0.0
5,200,3.0722062072822967,9.318407798074054,0.0,1.0,0.0,1.0,0.0,1.0
6,200,6.389638087736571,4.784611614970602,1.0,0.0,0.0,0.0,0.0,0.0
7,200,10.042341971914608,2.967617675352805,1.0,0.0,1.0,0.0,0.0,1.0
8,200,2.264647659839943,6.297857379394166,0.0,0.0,1.0,1.0,1.0,0.0
9,200,2.90009210269408,3.896474516402288,0.0,0.0,0.0,0.0,0.0,1.0
10,200,0.0,7.172589777426234,0.0,0.0,1.0,0.0,0.0,0.0
11,200,4.027643441944806,0.0,1.0,0.0,0.0,0.0,1.0,0.0
12,200,10.91493261605226,7.527842561841946,1.0,0.0,1.0,0.0,0.0,0.0
13,200,0.2255964318269313,7.476607596961751,0.0,0.0,1.0,0.0,1.0,0.0
14,200,8.946505167585904,12.0,0.0,1.0,1.0,0.0,1.0,1.0
0,205,10.859143789070613,11.62014497509805,1.0,0.0,1.0,0.0,1.0,0.0
1,205,3.52674750462233,0.0,1.0,0.0,0.0,1.0,0.0,1.0
2,205,10.548811448032936,10.65471498128629,0.0,0.0,0.0,0.0,1.0,0.0
3,205,2.670042865831594,9.744926182073344,1.0,1.0,1.0,1.0,0.0,1.0
4,205,0.0,11.501622449318738,1.0,1.0,0.0,1.0,1.0,0.0
5,205,3.1364815780852657,9.331381916500067,0.0,1.0,0.0,1.0,0.0,1.0
6,205,6.323877424225028,4.845726216626891,1.0,0.0,0.0,0.0,0.0,0.0
7,205,10.083116989099064,2.903292417503984,1.0,0.0,1.0,0.0,0.0,1.0
8,205,2.2242192935732947,6.291816121368905,0.0,0.0,1.0,1.0,1.0,0.0
9,205,2.8490455008501865,3.841274105218544,0.0,0.0,0.0,0.0,0.0,1.0
10,205,0.0,7.098360189938483,0.0,0.0,1.0,0.0,0.0,0.0
11,205,4.028090118740369,0.0,1.0,0.0,0.0,0.0,1.0,0.0
12,205,10.909233372867684,7.527141802206482,1.0,0.0,1.0,0.0,0.0,0.0
13,205,0.3263235986781464,7.4873656420601105,0.0,0.0,1.0,0.0,1.0,0.0
14,205,9.084986579973306,12.0,0.0,1.0,1.0,0.0,1.0,1.0
0,210,10.774848478364389,11.732894225443884,1.0,0.0,1.0,0.0,1.0,0.0
1,210,3.421241129308475,0.0,1.0,0.0,0.0,1.0,0.0,1.0
2,210,10.43590191249098,10.809898423913848,0.0,0.0,0.0,0.0,1.0,0.0
3,210,2.6128548771672206,9.734629629408047,1.0,1.0,1.0,1.0,0.0,1.0
4,210,0.0,11.584731037180962,1.0,1.0,0.0,1.0,1.0,0.0
5,210,3.215794473819328,9.345242740824432,0.0,1.0,0.0,1.0,0.0,1.0
6,210,6.272715346248972,4.890833133206083,1.0,0.0,0.0,0.0,0.0,0.0
7,210,10.123086881267133,2.8412821283058696,1.0,0.0,1.0,0.0,0.0,1.0
8,210,2.167244904213418,6.283499425902988,0.0,0.0,1.0,1.0,1.0,0.0
9,210,2.795687449041376,3.7841070412601314,0.0,0.0,0.0,0.0,0.0,1.0
10,210,0.0,7.011262638368039,0.0,0.0,1.0,0.0,0.0,0.0
11,210,4.028560437394789,0.0,1.0,0.0,0.0,0.0,1.0,0.0
12,210,10.90240388891194,7.526332803928959,1.0,0.0,1.0,0.0,0.0,0.0
13,210,0.439384360040603,7.498329950192438,0.0,0.0,1.0,0.0,1.0,0.0
14,210,9.21319906376203,12.0,0.0,1.0,1.0,0.0,1.0,1.0
0,215,10.69250549511641,11.847184511115245,1.0,0.0,1.0,0.0,1.0,0.0
1,215,3.306674316652752,0.0,1.0,0.0,0.0,1.0,0.0,1.0
2,215,10.324842485177392,10.963931346681733,0.0,0.0,0.0,0.0,1.0,0.0
3,215,2.5512932646824544,9.72501620492968,1.0,1.0,1.0,1.0,0.0,1.0
4,215,0.0,11.674299840765617,1.0,1.0,0.0,1.0,1.0,0.0
5,215,3.29604519607558,9.359884134403767,0.0,1.0,0.0,1.0,0.0,1.0
6,215,6.229346849439367,4.930567967313943,1.0,0.0,0.0,0.0,0.0,0.0
7,215,10.166010271960076,2.7766421877295966,1.0,0.0,1.0,0.0,0.0,1.0
8,215,2.1167226394995327,6.276250923677688,0.0,0.0,1.0,1.0,1.0,0.0
9,215,2.7434788535864105,3.730096683651829,0.0,0.0,0.0,0.0,0.0,1.0
10,215,0.0,6.940024935481799,0.0,0.0,1.0,0.0,0.0,0.0
11,215,4.0275755173333145,0.0,1.0,0.0,0.0,0.0,1.0,0.0
12,215,10.897262214121442,7.525906268876629,1.0,0.0,1.0,0.0,0.0,0.0
13,215,0.5586316662882196,7.508775584777124,0.0,0.0,1.0,0.0,1.0,0.0
14,215,9.34435592678537,12.0,0.0,1.0,1.0,0.0,1.0,1.0
0,220,10.614081349256054,11.958926136074483,1.0,0.0,1.0,0.0,1.0,0.0
1,220,3.1924060471066507,0.0,1.0,0.0,0.0,1.0,0.0,1.0
2,220,10.20981648359804,11.12099053501727,0.0,0.0,0.0,0.0,1.0,0.0
3,220,2.49774110643076,9.71671574984779,1.0,1.0,1.0,1.0,0.0,1.0
4,220,0.0,11.770760096480576,1.0,1.0,0.0,1.0,1.0,0.0
5,220,3.377490973307812,9.378458348625712,0.0,1.0,0.0,1.0,0.0,1.0
6,220,6.18080397529334,4.974223571063406,1.0,0.0,0.0,0.0,0.0,0.0
7,220,10.216061344120174,2.6969184433534497,1.0,0.0,1.0,0.0,0.0,1.0
8,220,2.075401168421097,6.270334917602251,0.0,0.0,1.0,1.0,1.0,0.0
9,220,2.679971272391372,3.66655534461731,0.0,0.0,0.0,0.0,0.0,1.0
10,220,0.0,6.879429578493601,0.0,0.0,1.0,0.0,0.0,0.0
11,220,4.027244346835963,0.0,1.0,0.0,0.0,0.0,1.0,0.0
12,220,10.881561127071537,7.523903928266555,1.0,0.0,1.0,0.0,0.0,0.0
13,220,0.6728364345843394,7.521258931722052,0.0,0.0,1.0,0.0,1.0,0.0
14,220,9.485932571059273,12.0,0.0,1.0,1.0,0.0,1.0,1.0
0,225,10.531228386426154,12.0,1.0,0.0,1.0,0.0,1.0,0.0
1,225,3.078464220235692,0.0,1.0,0.0,0.0,1.0,0.0,1.0
2,225,10.075836238259662,11.300967398319257,0.0,0.0,0.0,0.0,1.0,0.0
3,225,2.4323940298159155,9.7052165093837,1.0,1.0,1.0,1.0,0.0,1.0
4,225,0.0,11.877547288333387,1.0,1.0,0.0,1.0,1.0,0.0
5,225,3.4806122077205046,9.399187229998198,0.0,1.0,0.0,1.0,0.0,1.0
6,225,6.110772633254374,5.038495473624311,1.0,0.0,0.0,0.0,0.0,0.0
7,225,10.28046465593274,2.589468517319599,1.0,0.0,1.0,0.0,0.0,1.0
8,225,2.0220895798132634,6.261685015816324,0.0,0.0,1.0,1.0,1.0,0.0
9,225,2.617206900475256,3.605368178669656,0.0,0.0,0.0,0.0,0.0,1.0
10,225,0.0,6.816922558257899,0.0,0.0,1.0,0.0,0.0,0.0
11,225,4.02799886737406,0.0,1.0,0.0,0.0,0.0,1.0,0.0
12,225,10.849717521577572,7.519742867899999,1.0,0.0,1.0,0.0,0.0,0.0
13,225,0.787572097437989,7.537852099971632,0.0,0.0,1.0,0.0,1.0,0.0
14,225,9.597530075788873,12.0,0.0,1.0,1.0,0.0,1.0,1.0
0,230,10.437178744148085,12.0,1.0,0.0,1.0,0.0,1.0,0.0
1,230,2.942913962686141,0.0,1.0,0.0,0.0,1.0,0.0,1.0
2,230,9.951730076799985,11.466020839959883,0.0,0.0,0.0,0.0,1.0,0.0
3,230,2.389298552300959,9.696812157185658,1.0,1.0,1.0,1.0,0.0,1.0
4,230,0.0,11.992975324821266,1.0,1.0,0.0,1.0,1.0,0.0
5,230,3.583210637745611,9.418967713893997,0.0,1.0,0.0,1.0,0.0,1.0
6,230,6.045364293406911,4.968355989031937,1.0,0.0,0.0,0.0,0.0,0.0
7,230,10.338861944663856,2.48908630874876,1.0,0.0,1.0,0.0,0.0,1.0
8,230,1.9624643274697195,6.2512080529343175,0.0,0.0,1.0,1.0,1.0,0.0
9,230,2.543830157987606,3.5358183967648587,0.0,0.0,0.0,0.0,0.0,1.0
10,230,0.0,6.76215965568557,0.0,0.0,1.0,0.0,0.0,0.0
11,230,4.022275219635006,0.0,1.0,0.0,0.0,0.0,1.0,0.0
12,230,10.789380859061891,7.513823321309109,1.0,0.0,1.0,0.0,0.0,0.0
13,230,0.8935495708137028,7.554767021372179,0.0,0.0,1.0,0.0,1.0,0.0
14,230,9.694113194385306,12.0,0.0,1.0,1.0,0.0,1.0,1.0
0,235,10.325058930469549,12.0,1.0,0.0,1.0,0.0,1.0,0.0
1,235,2.822494153337732,0.0,1.0,0.0,0.0,1.0,0.0,1.0
2,235,9.843370934477498,11.613871491460896,0.0,0.0,0.0,0.0,1.0,0.0
3,235,2.349482588035642,9.689134830738556,1.0,1.0,1.0,1.0,0.0,1.0
4,235,0.0,12.0,1.0,1.0,0.0,1.0,1.0,0.0
5,235,3.686861721065154,9.43991503022713,0.0,1.0,0.0,1.0,0.0,1.0
6,235,5.983156791064562,4.901706865923411,1.0,0.0,0.0,0.0,0.0,0.0
7,235,10.3976969036865,2.392015360749224,1.0,0.0,1.0,0.0,0.0,1.0
8,235,1.8953482086774864,6.239748306307278,0.0,0.0,1.0,1.0,1.0,0.0
9,235,2.462903488799905,3.453461608065422,0.0,0.0,0.0,0.0,0.0,1.0
10,235,0.0,6.705747688687931,0.0,0.0,1.0,0.0,0.0,0.0
11,235,4.021874396225826,0.0,1.0,0.0,0.0,0.0,1.0,0.0
12,235,10.718157885736924,7.506325603739012,1.0,0.0,1.0,0.0,0.0,0.0
13,235,0.9850979995673004,7.570257186230124,0.0,0.0,1.0,0.0,1.0,0.0
14,235,9.775775382660012,12.0,0.0,1.0,1.0,0.0,1.0,1.0
0,240,10.202508823679986,12.0,1.0,0.0,1.0,0.0,1.0,0.0
1,240,2.700158154636965,0.0,1.0,0.0,0.0,1.0,0.0,1.0
2,240,9.75248088378025,11.73446407052132,0.0,0.0,0.0,0.0,1.0,0.0
3,240,2.335430917642672,9.686717938158182,1.0,1.0,1.0,1.0,0.0,1.0
4,240,0.0,12.0,1.0,1.0,0.0,1.0,1.0,0.0
5,240,3.791551174127645,9.461251512483996,0.0,1.0,0.0,1.0,0.0,1.0
6,240,5.922121243341876,4.836854840276081,1.0,0.0,0.0,0.0,0.0,0.0
7,240,10.452864556730068,2.3025390785942634,1.0,0.0,1.0,0.0,0.0,1.0
8,240,1.8019266734914128,6.222085976716641,0.0,0.0,1.0,1.0,1.0,0.0
9,240,2.3823364325519507,3.3650432498575733,0.0,0.0,0.0,0.0,0.0,1.0
10,240,0.0,6.6606587061152815,0.0,0.0,1.0,0.0,0.0,0.0
11,240,4.019141079465079,0.0,1.0,0.0,0.0,0.0,1.0,0.0
12,240,10.66372351071998,7.501764831565049,1.0,0.0,1.0,0.0,0.0,0.0
13,240,1.070998354680197,7.5854362777231055,0.0,0.0,1.0,0.0,1.0,0.0
14,240,9.83113792599129,12.0,0.0,1.0,1.0,0.0,1.0,1.0
0,245,10.093187247706016,12.0,1.0,0.0,1.0,0.0,1.0,0.0
1,245,2.58451093887595,0.0,1.0,0.0,0.0,1.0,0.0,1.0
2,245,9.661684849276575,11.854079233181604,0.0,0.0,0.0,0.0,1.0,0.0
3,245,2.3040848137143155,9.681216378267193,1.0,1.0,1.0,1.0,0.0,1.0
4,245,0.0,12.0,1.0,1.0,0.0,1.0,1.0,0.0
5,245,3.886948239592638,9.479489662489554,0.0,1.0,0.0,1.0,0.0,1.0
6,245,5.872163542228257,4.782977907504336,1.0,0.0,0.0,0.0,0.0,0.0
7,245,10.50518807209976,2.221833396053431,1.0,0.0,1.0,0.0,0.0,1.0
8,245,1.695745646543776,6.203337472216721,0.0,0.0,1.0,1.0,1.0,0.0
9,245,2.3180734132064256,3.2934979725398525,0.0,0.0,0.0,0.0,0.0,1.0
10,245,0.0,6.636799489621813,0.0,0.0,1.0,0.0,0.0,0.0
11,245,4.017097684297525,0.0,1.0,0.0,0.0,0.0,1.0,0.0
12,245,10.606051941686504,7.496607041847759,1.0,0.0,1.0,0.0,0.0,0.0
13,245,1.1710639716238036,7.603711153738669,0.0,0.0,1.0,0.0,1.0,0.0
14,245,9.891581559359285,12.0,0.0,1.0,1.0,0.0,1.0,1.0
0,250,9.987385837407748,12.0,1.0,0.0,1.0,0.0,1.0,0.0
1,250,2.6863006403347307,0.0279669717903855,1.0,0.0,0.0,1.0,0.0,1.0
2,250,9.5817853405086,11.960582585643404,0.0,0.0,0.0,0.0,1.0,0.0
3,250,2.2745269820963774,9.675434111727109,1.0,1.0,1.0,1.0,0.0,1.0
4,250,0.0,12.0,1.0,1.0,0.0,1.0,1.0,0.0
5,250,3.993015807814164,9.497340130039452,0.0,1.0,0.0,1.0,0.0,1.0
6,250,5.816175504378773,4.722871368035239,1.0,0.0,0.0,0.0,0.0,0.0
7,250,10.569364741237107,2.1243716989725865,1.0,0.0,1.0,0.0,0.0,1.0
8,250,1.594604481807384,6.187253546706019,0.0,0.0,1.0,1.0,1.0,0.0
9,250,2.2439448558673103,3.212120326519586,0.0,0.0,0.0,0.0,0.0,1.0
10,250,0.0,6.62247325440944,0.0,0.0,1.0,0.0,0.0,0.0
11,250,4.015445186976308,0.0,1.0,0.0,0.0,0.0,1.0,0.0
12,250,10.534212673751563,7.491770078250388,1.0,0.0,1.0,0.0,0.0,0.0
13,250,1.272349870170156,7.62271797957,0.0,0.0,1.0,0.0,1.0,0.0
14,250,9.964205353819697,12.0,0.0,1.0,1.0,0.0,1.0,1.0
0,255,9.884175455472976,12.0,1.0,0.0,1.0,0.0,1.0,0.0
1,255,2.7731889477562843,0.0543010166653705,1.0,0.0,0.0,1.0,0.0,1.0
2,255,9.496805911254366,12.0,0.0,0.0,0.0,0.0,1.0,0.0
3,255,2.2324201627605174,9.666323819398784,1.0,1.0,1.0,1.0,0.0,1.0
4,255,0.0,12.0,1.0,1.0,0.0,1.0,1.0,0.0
5,255,4.1146456782885545,9.516186991632772,0.0,1.0,0.0,1.0,0.0,1.0
6,255,5.753528726722753,4.653358409479199,1.0,0.0,0.0,0.0,0.0,0.0
7,255,10.643325721401522,2.01377328002961,1.0,0.0,1.0,0.0,0.0,1.0
8,255,1.4944461092451318,6.172347424525388,0.0,0.0,1.0,1.0,1.0,0.0
9,255,2.16595264321922,3.123519455058137,0.0,0.0,0.0,0.0,0.0,1.0
10,255,0.0,6.611184155084467,0.0,0.0,1.0,0.0,0.0,0.0
11,255,4.016155508273527,0.0,1.0,0.0,0.0,0.0,1.0,0.0
12,255,10.465093797518428,7.488941253003808,1.0,0.0,1.0,0.0,0.0,0.0
13,255,1.3638367277777452,7.640342663293747,0.0,0.0,1.0,0.0,1.0,0.0
14,255,10.05142156234922,12.0,0.0,1.0,1.0,0.0,1.0,1.0
0,260,9.78084159058044,12.0,1.0,0.0,1.0,0.0,1.0,0.0
1,260,2.8790667471769247,0.0875688535480225,1.0,0.0,0.0,1.0,0.0,1.0
2,260,9.3934825492487,12.0,0.0,0.0,0.0,0.0,1.0,0.0
3,260,2.199488328202458,9.659320083236723,1.0,1.0,1.0,1.0,0.0,1.0
4,260,0.0,12.0,1.0,1.0,0.0,1.0,1.0,0.0
5,260,4.251136713337433,9.539005016945708,0.0,1.0,0.0,1.0,0.0,1.0
6,260,5.698505210079898,4.593899761623567,1.0,0.0,0.0,0.0,0.0,0.0
7,260,10.721981108084575,1.897309922282889,1.0,0.0,1.0,0.0,0.0,1.0
8,260,1.373667777341099,6.152475070669802,0.0,0.0,1.0,1.0,1.0,0.0
9,260,2.092606394639966,3.040892679669952,0.0,0.0,0.0,0.0,0.0,1.0
10,260,0.0,6.600143619286482,0.0,0.0,1.0,0.0,0.0,0.0
11,260,4.014555322557355,0.0,1.0,0.0,0.0,0.0,1.0,0.0
12,260,10.379385278382696,7.486507531823263,1.0,0.0,1.0,0.0,0.0,0.0
13,260,1.440564686103073,7.654894512695682,0.0,0.0,1.0,0.0,1.0,0.0
14,260,10.122616684551982,12.0,0.0,1.0,1.0,0.0,1.0,1.0
0,265,9.674958444110446,12.0,1.0,0.0,1.0,0.0,1.0,0.0
1,265,3.00020426820365,0.1236489920697368,1.0,0.0,0.0,1.0,0.0,1.0
2,265,9.295160133606675,12.0,0.0,0.0,0.0,0.0,1.0,0.0
3,265,2.1652722838802467,9.652176856787824,1.0,1.0,1.0,1.0,0.0,1.0
4,265,0.0,12.0,1.0,1.0,0.0,1.0,1.0,0.0
5,265,4.376339725541197,9.560046481549838,0.0,1.0,0.0,1.0,0.0,1.0
6,265,5.652732591891747,4.544863660316042,1.0,0.0,0.0,0.0,0.0,0.0
7,265,10.796651837251783,1.7765381896271424,1.0,0.0,1.0,0.0,0.0,1.0
8,265,1.239799905858217,6.13672737743501,0.0,0.0,1.0,1.0,1.0,0.0
9,265,2.026228122883508,2.962571042500354,0.0,0.0,0.0,0.0,0.0,1.0
10,265,0.0,6.5993783799576144,0.0,0.0,1.0,0.0,0.0,0.0
11,265,4.012085901216275,0.0,1.0,0.0,0.0,0.0,1.0,0.0
12,265,10.321866617824522,7.48454389073522,1.0,0.0,1.0,0.0,0.0,0.0
13,265,1.5066996261461203,7.668366613108588,0.0,0.0,1.0,0.0,1.0,0.0
14,265,10.191979556514012,12.0,0.0,1.0,1.0,0.0,1.0,1.0
0,270,9.559363136905892,12.0,1.0,0.0,1.0,0.0,1.0,0.0
1,270,3.128756124151843,0.1599630332376064,1.0,0.0,0.0,1.0,0.0,1.0
2,270,9.17332999667597,11.9022114993566,0.0,0.0,0.0,0.0,1.0,0.0
3,270,2.141622808268512,9.647519979349916,1.0,1.0,1.0,1.0,0.0,1.0
4,270,0.0,12.0,1.0,1.0,0.0,1.0,1.0,0.0
5,270,4.508306415655005,9.583181514307618,0.0,1.0,0.0,1.0,0.0,1.0
6,270,5.611135994629913,4.499755432116428,1.0,0.0,0.0,0.0,0.0,0.0
7,270,10.874826488831308,1.6549691116767684,1.0,0.0,1.0,0.0,0.0,1.0
8,270,1.0778633509937146,6.118508290001462,0.0,0.0,1.0,1.0,1.0,0.0
9,270,1.960441685357328,2.8844343328390605,0.0,0.0,0.0,0.0,0.0,1.0
10,270,0.0,6.5883608096601485,0.0,0.0,1.0,0.0,0.0,0.0
11,270,4.01359887232597,0.0,1.0,0.0,0.0,0.0,1.0,0.0
12,270,10.248521360521524,7.482989321446783,1.0,0.0,1.0,0.0,0.0,0.0
13,270,1.554860162142548,7.6770012575634,0.0,0.0,1.0,0.0,1.0,0.0
14,270,10.2704210948659,12.0,0.0,1.0,1.0,0.0,1.0,1.0
0,275,9.429154515341024,12.0,1.0,0.0,1.0,0.0,1.0,0.0
1,275,3.254340672499488,0.1951443136900391,1.0,0.0,0.0,1.0,0.0,1.0
2,275,9.060184909682455,11.816030534193246,0.0,0.0,0.0,0.0,1.0,0.0
3,275,2.127252766958109,9.64488901097136,1.0,1.0,1.0,1.0,0.0,1.0
4,275,0.0,12.0,1.0,1.0,0.0,1.0,1.0,0.0
5,275,4.638154286139498,9.604772104651078,0.0,1.0,0.0,1.0,0.0,1.0
6,275,5.564369504693097,4.448552838901982,1.0,0.0,0.0,0.0,0.0,0.0
7,275,10.952996773214924,1.5345458392391147,1.0,0.0,1.0,0.0,0.0,1.0
8,275,0.9313997481277956,6.106266893151126,0.0,0.0,1.0,1.0,1.0,0.0
9,275,1.89360352964938,2.8048508714935108,0.0,0.0,0.0,0.0,0.0,1.0
10,275,0.0,6.574772960320972,0.0,0.0,1.0,0.0,0.0,0.0
11,275,4.016362934724691,0.0,1.0,0.0,0.0,0.0,1.0,0.0
12,275,10.18548339740884,7.481800051532512,1.0,0.0,1.0,0.0,0.0,0.0
13,275,1.5610684031844968,7.646985237318487,0.0,0.0,1.0,0.0,1.0,0.0
14,275,10.34501299996005,12.0,0.0,1.0,1.0,0.0,1.0,1.0
0,280,9.308445870343036,12.0,1.0,0.0,1.0,0.0,1.0,0.0
1,280,3.3609758932646114,0.2243738299996022,1.0,0.0,0.0,1.0,0.0,1.0
2,280,8.948835914596636,11.729093138276877,0.0,0.0,0.0,0.0,1.0,0.0
3,280,2.1074624034188534,9.641422409770517,1.0,1.0,1.0,1.0,0.0,1.0
4,280,0.0,12.0,1.0,1.0,0.0,1.0,1.0,0.0
5,280,4.765187648125088,9.623104980130163,0.0,1.0,0.0,1.0,0.0,1.0
6,280,5.515675760437667,4.395223072809458,1.0,0.0,0.0,0.0,0.0,0.0
7,280,11.023918441512292,1.4274701055656334,1.0,0.0,1.0,0.0,0.0,1.0
8,280,0.7557012937917433,6.08698387204265,0.0,0.0,1.0,1.0,1.0,0.0
9,280,1.827284140842449,2.727734071017764,0.0,0.0,0.0,0.0,0.0,1.0
10,280,0.0,6.564492901520658,0.0,0.0,1.0,0.0,0.0,0.0
11,280,4.018375511216751,0.0,1.0,0.0,0.0,0.0,1.0,0.0
12,280,10.125317003202085,7.481794249893696,1.0,0.0,1.0,0.0,0.0,0.0
13,280,1.56721426377272,7.61947583963773,0.0,0.0,1.0,0.0,1.0,0.0
14,280,10.411085811865991,12.0,0.0,1.0,1.0,0.0,1.0,1.0
0,285,9.197208427659865,12.0,1.0,0.0,1.0,0.0,1.0,0.0
1,285,3.4626104751623643,0.2517460263901133,1.0,0.0,0.0,1.0,0.0,1.0
2,285,8.836682568615824,11.645321994295442,0.0,0.0,0.0,0.0,1.0,0.0
3,285,2.0669409912762835,9.634314525392702,1.0,1.0,1.0,1.0,0.0,1.0
4,285,0.0,12.0,1.0,1.0,0.0,1.0,1.0,0.0
5,285,4.913918884123343,9.64733908102893,0.0,1.0,0.0,1.0,0.0,1.0
6,285,5.464097629606213,4.340200132638797,1.0,0.0,0.0,0.0,0.0,0.0
7,285,11.092845121478511,1.3213205270037942,1.0,0.0,1.0,0.0,0.0,1.0
8,285,0.5584830337867375,6.065654889621569,0.0,0.0,1.0,1.0,1.0,0.0
9,285,1.7497982487251205,2.632375573497184,0.0,0.0,0.0,0.0,0.0,1.0
10,285,0.0,6.536718637581638,0.0,0.0,1.0,0.0,0.0,0.0
11,285,4.024293218096436,0.0,1.0,0.0,0.0,0.0,1.0,0.0
12,285,10.082666858693669,7.480623766465844,1.0,0.0,1.0,0.0,0.0,0.0
13,285,1.572911419888535,7.590754376165443,0.0,0.0,1.0,0.0,1.0,0.0
14,285,10.493904557565353,12.0,0.0,1.0,1.0,0.0,1.0,1.0
0,290,9.077640412942088,12.0,1.0,0.0,1.0,0.0,1.0,0.0
1,290,3.5561376169921664,0.2751218792783972,1.0,0.0,0.0,1.0,0.0,1.0
2,290,8.742234234716536,11.574662768341586,0.0,0.0,0.0,0.0,1.0,0.0
3,290,1.998825581869035,9.622334685529388,1.0,1.0,1.0,1.0,0.0,1.0
4,290,0.0,12.0,1.0,1.0,0.0,1.0,1.0,0.0
5,290,5.039401925507336,9.67013298636494,0.0,1.0,0.0,1.0,0.0,1.0
6,290,5.421644091652083,4.296177986393078,1.0,0.0,0.0,0.0,0.0,0.0
7,290,11.170635506441164,1.1969237987186354,1.0,0.0,1.0,0.0,0.0,1.0
8,290,0.3758751595931112,6.047935223032056,0.0,0.0,1.0,1.0,1.0,0.0
9,290,1.6610815297312436,2.5262708061284838,0.0,0.0,0.0,0.0,0.0,1.0
10,290,0.0,6.497479714586598,0.0,0.0,1.0,0.0,0.0,0.0
11,290,4.028548061788221,0.0,1.0,0.0,0.0,0.0,1.0,0.0
12,290,10.037498299663037,7.479637962418819,1.0,0.0,1.0,0.0,0.0,0.0
13,290,1.5769429656424017,7.566912841559962,0.0,0.0,1.0,0.0,1.0,0.0
14,290,10.571968908295474,12.0,0.0,1.0,1.0,0.0,1.0,1.0
0,295,8.963628144443055,12.0,1.0,0.0,1.0,0.0,1.0,0.0
1,295,3.649548456892424,0.2970902165583412,1.0,0.0,0.0,1.0,0.0,1.0
2,295,8.671801209905238,11.518608456291789,0.0,0.0,0.0,0.0,1.0,0.0
3,295,1.923235271794228,9.61038180353836,1.0,1.0,1.0,1.0,0.0,1.0
4,295,0.0,12.0,1.0,1.0,0.0,1.0,1.0,0.0
5,295,5.177258410246775,9.693970943475335,0.0,1.0,0.0,1.0,0.0,1.0
6,295,5.360891116619937,4.234088809077975,1.0,0.0,0.0,0.0,0.0,0.0
7,295,11.240115479926857,1.073669452291197,1.0,0.0,1.0,0.0,0.0,1.0
8,295,0.2064489721326704,6.030630999202453,0.0,0.0,1.0,1.0,1.0,0.0
9,295,1.573027770612646,2.415342140616718,0.0,0.0,0.0,0.0,0.0,1.0
10,295,0.0,6.449889930010693,0.0,0.0,1.0,0.0,0.0,0.0
11,295,4.034768846772582,0.0,1.0,0.0,0.0,0.0,1.0,0.0
12,295,9.98834397305539,7.479265156476642,1.0,0.0,1.0,0.0,0.0,0.0
13,295,1.5783615574276977,7.5598684817911375,0.0,0.0,1.0,0.0,1.0,0.0
14,295,10.633559989998275,12.0,0.0,1.0,1.0,0.0,1.0,1.0
