0,0,6.962865957676367,12.0,1.0,1.0,0.0,0.0,0.0,1.0
1,0,10.97691118000471,10.93995291623133,1.0,0.0,1.0,0.0,0.0,1.0
2,0,6.941450905985371,12.0,0.0,1.0,0.0,0.0,0.0,0.0
3,0,7.956475987441387,7.960575696672491,1.0,1.0,0.0,0.0,0.0,0.0
4,0,8.038398350734008,11.007413786221562,0.0,0.0,0.0,1.0,0.0,1.0
5,0,5.957474319527967,8.987985589541893,0.0,1.0,0.0,0.0,0.0,0.0
6,0,5.007835100783135,1.9602881473674767,0.0,0.0,0.0,0.0,0.0,1.0
7,0,10.053883027469984,0.0,0.0,0.0,1.0,1.0,0.0,0.0
8,0,5.93734399417383,8.988963840019192,1.0,0.0,0.0,0.0,1.0,0.0
9,0,2.9500360613134906,2.988724968487288,1.0,0.0,0.0,1.0,0.0,0.0
10,0,5.997161387511785,1.9500480532300584,0.0,1.0,0.0,0.0,0.0,0.0
11,0,0.0,3.0381001012335265,0.0,0.0,1.0,0.0,0.0,0.0
12,0,5.906359924116233,0.0092193339314957,1.0,0.0,0.0,0.0,0.0,0.0
13,0,1.051993097414604,4.010417823496693,0.0,0.0,1.0,0.0,0.0,0.0
14,0,0.0245842365792635,8.04647508327112,0.0,0.0,1.0,1.0,1.0,0.0
0,5,6.933736180806356,12.0,1.0,1.0,0.0,0.0,0.0,1.0
1,5,10.96214088151324,10.900180367106932,1.0,0.0,1.0,0.0,0.0,1.0
2,5,6.893804550342304,12.0,0.0,1.0,0.0,0.0,0.0,0.0
3,5,7.910845403649645,7.921396708804167,1.0,1.0,0.0,0.0,0.0,0.0
4,5,8.08329658515562,11.01523798775877,0.0,0.0,0.0,1.0,0.0,1.0
5,5,5.922515267413963,8.97772803993648,0.0,1.0,0.0,0.0,0.0,0.0
6,5,5.014637933348521,1.9231100934604888,0.0,0.0,0.0,0.0,0.0,1.0
7,5,10.10328921681966,0.0,0.0,0.0,1.0,1.0,0.0,0.0
8,5,5.8816599547515045,8.980037606200312,1.0,0.0,0.0,0.0,1.0,0.0
9,5,2.918296744138594,2.98112727239772,1.0,0.0,0.0,1.0,0.0,0.0
10,5,6.040244087955364,1.947458231041236,0.0,1.0,0.0,0.0,0.0,0.0
11,5,0.0,3.0596339813656317,0.0,0.0,1.0,0.0,0.0,0.0
12,5,5.818109557388076,0.0182607167831263,1.0,0.0,0.0,0.0,0.0,0.0
13,5,1.0856694940290348,4.017484369041779,0.0,0.0,1.0,0.0,0.0,0.0
14,5,0.050349225440994,8.095406482306405,0.0,0.0,1.0,1.0,1.0,0.0
0,10,6.910709321052355,12.0,1.0,1.0,0.0,0.0,0.0,1.0
1,10,10.943285482671108,10.845409541435144,1.0,0.0,1.0,0.0,0.0,1.0
2,10,6.844232243751673,12.0,0.0,1.0,0.0,0.0,0.0,0.0
3,10,7.867083229608777,7.885154069245451,1.0,1.0,0.0,0.0,0.0,0.0
4,10,8.10747027698081,11.019761930492594,0.0,0.0,0.0,1.0,0.0,1.0
5,10,5.879801314434536,8.965392441134203,0.0,1.0,0.0,0.0,0.0,0.0
6,10,5.021098192815458,1.8927547132799496,0.0,0.0,0.0,0.0,0.0,1.0
7,10,10.131093081056887,0.0,0.0,0.0,1.0,1.0,0.0,0.0
8,10,5.845172291053945,8.97520644300742,1.0,0.0,0.0,0.0,1.0,0.0
9,10,2.891994255142316,2.974614368412372,1.0,0.0,0.0,1.0,0.0,0.0
10,10,6.078608585263423,1.9445472881035784,0.0,1.0,0.0,0.0,0.0,0.0
11,10,0.0,3.086908324094327,0.0,0.0,1.0,0.0,0.0,0.0
12,10,5.732716944857368,0.0267235023022611,1.0,0.0,0.0,0.0,0.0,0.0
13,10,1.1179333153852278,4.024004081698662,0.0,0.0,1.0,0.0,0.0,0.0
14,10,0.0694551178909923,8.130487339576918,0.0,0.0,1.0,1.0,1.0,0.0
0,15,6.888116915963287,12.0,1.0,1.0,0.0,0.0,0.0,1.0
1,15,10.933649026445565,10.817288738084995,1.0,0.0,1.0,0.0,0.0,1.0
2,15,6.795420378724763,12.0,0.0,1.0,0.0,0.0,0.0,0.0
3,15,7.817899385584929,7.842391338258463,1.0,1.0,0.0,0.0,0.0,0.0
4,15,8.124134889243361,11.02311808567042,0.0,0.0,0.0,1.0,0.0,1.0
5,15,5.83714589120691,8.952672332704282,0.0,1.0,0.0,0.0,0.0,0.0
6,15,5.033298636758453,1.8398857868912524,0.0,0.0,0.0,0.0,0.0,1.0
7,15,10.170847704396037,0.0,0.0,0.0,1.0,1.0,0.0,0.0
8,15,5.8248384733869685,8.972786679714263,1.0,0.0,0.0,0.0,1.0,0.0
9,15,2.848422896910837,2.962870520226499,1.0,0.0,0.0,1.0,0.0,0.0
10,15,6.120442185890461,1.941575603886994,0.0,1.0,0.0,0.0,0.0,0.0
11,15,0.0,3.0697591706439185,0.0,0.0,1.0,0.0,0.0,0.0
12,15,5.648770583090075,0.0356578390632385,1.0,0.0,0.0,0.0,0.0,0.0
13,15,1.1293991198493083,4.02655115734886,0.0,0.0,1.0,0.0,0.0,0.0
14,15,0.0851914441791451,8.160741463253233,0.0,0.0,1.0,1.0,1.0,0.0
0,20,6.873681745644365,12.0,1.0,1.0,0.0,0.0,0.0,1.0
1,20,10.919313932734182,10.775376625387716,1.0,0.0,1.0,0.0,0.0,1.0
2,20,6.750747936261314,12.0,0.0,1.0,0.0,0.0,0.0,0.0
3,20,7.764533023987086,7.793998873133802,1.0,1.0,0.0,0.0,0.0,0.0
4,20,8.138190250977544,11.025898995312232,0.0,0.0,0.0,1.0,0.0,1.0
5,20,5.790227921740445,8.93771841629101,0.0,1.0,0.0,0.0,0.0,0.0
6,20,5.04651112791988,1.7781041838847411,0.0,0.0,0.0,0.0,0.0,1.0
7,20,10.22714670612084,0.0,0.0,0.0,1.0,1.0,0.0,0.0
8,20,5.805102024037766,8.970685435865766,1.0,0.0,0.0,0.0,1.0,0.0
9,20,2.8056313803917887,2.952640870334458,1.0,0.0,0.0,1.0,0.0,0.0
10,20,6.145288224246956,1.9395184934745529,0.0,1.0,0.0,0.0,0.0,0.0
11,20,0.0,3.049774259914322,0.0,0.0,1.0,0.0,0.0,0.0
12,20,5.577752979756105,0.044851608232902,1.0,0.0,0.0,0.0,0.0,0.0
13,20,1.13652859068313,4.027893911180607,0.0,0.0,1.0,0.0,0.0,0.0
14,20,0.0988648691170711,8.186189128632504,0.0,0.0,1.0,1.0,1.0,0.0
0,25,6.859781084194796,12.0,1.0,1.0,0.0,0.0,0.0,1.0
1,25,10.900470490984208,10.721920883337791,1.0,0.0,1.0,0.0,0.0,1.0
2,25,6.700721227783212,12.0,0.0,1.0,0.0,0.0,0.0,0.0
3,25,7.71653680503097,7.749451672482721,1.0,1.0,0.0,0.0,0.0,0.0
4,25,8.154528657599084,11.02892578296798,0.0,0.0,0.0,1.0,0.0,1.0
5,25,5.735421065424555,8.919504477600066,0.0,1.0,0.0,0.0,0.0,0.0
6,25,5.065957271645068,1.6829460148080446,0.0,0.0,0.0,0.0,0.0,1.0
7,25,10.270119556605476,0.0,0.0,0.0,1.0,1.0,0.0,0.0
8,25,5.78813758250206,8.969054487080177,1.0,0.0,0.0,0.0,1.0,0.0
9,25,2.757221370375176,2.940500057209364,1.0,0.0,0.0,1.0,0.0,0.0
10,25,6.146650253068645,1.9394264292714527,0.0,1.0,0.0,0.0,0.0,0.0
11,25,0.0,3.029082582525539,0.0,0.0,1.0,0.0,0.0,0.0
12,25,5.496821718127529,0.0566335646909604,1.0,0.0,0.0,0.0,0.0,0.0
13,25,1.136486737252765,4.027885756619601,0.0,0.0,1.0,0.0,0.0,0.0
14,25,0.1140377599411372,8.214474364262482,0.0,0.0,1.0,1.0,1.0,0.0
0,30,6.845490403105401,12.0,1.0,1.0,0.0,0.0,0.0,1.0
1,30,10.8875784383465,10.685911394337852,1.0,0.0,1.0,0.0,0.0,1.0
2,30,6.657467590580806,12.0,0.0,1.0,0.0,0.0,0.0,0.0
3,30,7.660186536492802,7.6956511012798785,1.0,1.0,0.0,0.0,0.0,0.0
4,30,8.169080504796849,11.031378648106273,0.0,0.0,0.0,1.0,0.0,1.0
5,30,5.664119394530695,8.896242206039876,0.0,1.0,0.0,0.0,0.0,0.0
6,30,5.086631958465705,1.5894181596990342,0.0,0.0,0.0,0.0,0.0,1.0
7,30,10.307252498576249,0.0,0.0,0.0,1.0,1.0,0.0,0.0
8,30,5.776296463996179,8.967839990789436,1.0,0.0,0.0,0.0,1.0,0.0
9,30,2.7006670985880223,2.9278374862537406,1.0,0.0,0.0,1.0,0.0,0.0
10,30,6.172763954557462,1.9378502650147011,0.0,1.0,0.0,0.0,0.0,0.0
11,30,0.0,2.9995274381705523,0.0,0.0,1.0,0.0,0.0,0.0
12,30,5.409686303194594,0.0699519851310593,1.0,0.0,0.0,0.0,0.0,0.0
13,30,1.128613341658094,4.026548540877098,0.0,0.0,1.0,0.0,0.0,0.0
14,30,0.1304942530763065,8.241335558139301,0.0,0.0,1.0,1.0,1.0,0.0
0,35,6.817449144906936,12.0,1.0,1.0,0.0,0.0,0.0,1.0
1,35,10.8760359452524,10.65554967280884,1.0,0.0,1.0,0.0,0.0,1.0
2,35,6.60506931247287,12.0,0.0,1.0,0.0,0.0,0.0,0.0
3,35,7.622173785303658,7.661045884983906,1.0,1.0,0.0,0.0,0.0,0.0
4,35,8.19736590982052,11.036212731490217,0.0,0.0,0.0,1.0,0.0,1.0
5,35,5.614317458505363,8.87980006572632,0.0,1.0,0.0,0.0,0.0,0.0
6,35,5.11029500226162,1.4865141006926037,0.0,0.0,0.0,0.0,0.0,1.0
7,35,10.3553663599459,0.0,0.0,0.0,1.0,1.0,0.0,0.0
8,35,5.740544203615932,8.964717978660623,1.0,0.0,0.0,0.0,1.0,0.0
9,35,2.642431064359123,2.9143361256810034,1.0,0.0,0.0,1.0,0.0,0.0
10,35,6.211897036653966,1.935354809714062,0.0,1.0,0.0,0.0,0.0,0.0
11,35,0.0,2.966216922851892,0.0,0.0,1.0,0.0,0.0,0.0
12,35,5.313056250843215,0.0862222942688443,1.0,0.0,0.0,0.0,0.0,0.0
13,35,1.111436217287912,4.023783857171872,0.0,0.0,1.0,0.0,0.0,0.0
14,35,0.1503210226924632,8.273104724455676,0.0,0.0,1.0,1.0,1.0,0.0
0,40,6.788453172931947,12.0,1.0,1.0,0.0,0.0,0.0,1.0
1,40,10.868790093026137,10.634944740279783,1.0,0.0,1.0,0.0,0.0,1.0
2,40,6.556143657842736,12.0,0.0,1.0,0.0,0.0,0.0,0.0
3,40,7.594413544787771,7.634982222347637,1.0,1.0,0.0,0.0,0.0,0.0
4,40,8.209342588681668,11.038417796775272,0.0,0.0,0.0,1.0,0.0,1.0
5,40,5.550807651295628,8.858882614812428,0.0,1.0,0.0,0.0,0.0,0.0
6,40,5.134969385909309,1.37015445215084,0.0,0.0,0.0,0.0,0.0,1.0
7,40,10.39693904437294,0.0,0.0,0.0,1.0,1.0,0.0,0.0
8,40,5.687824117053148,8.960362533337308,1.0,0.0,0.0,0.0,1.0,0.0
9,40,2.5893366937752944,2.9027810141560897,1.0,0.0,0.0,1.0,0.0,0.0
10,40,6.219440290048234,1.9349730185297904,0.0,1.0,0.0,0.0,0.0,0.0
11,40,0.0,2.936566625079503,0.0,0.0,1.0,0.0,0.0,0.0
12,40,5.234169110972762,0.0988139056875807,1.0,0.0,0.0,0.0,0.0,0.0
13,40,1.0895473740459622,4.020005939617932,0.0,0.0,1.0,0.0,0.0,0.0
14,40,0.1330958057104525,8.28440532899027,0.0,0.0,1.0,1.0,1.0,0.0
0,45,6.754575951045346,12.0,1.0,1.0,0.0,0.0,0.0,1.0
1,45,10.861482493069891,10.61371683070788,1.0,0.0,1.0,0.0,0.0,1.0
2,45,6.5173680135426375,12.0,0.0,1.0,0.0,0.0,0.0,0.0
3,45,7.570464578352708,7.612310751345332,1.0,1.0,0.0,0.0,0.0,0.0
4,45,8.236268261182653,11.0439163884494,0.0,0.0,0.0,1.0,0.0,1.0
5,45,5.469766408672531,8.833054149147204,0.0,1.0,0.0,0.0,0.0,0.0
6,45,5.15768577086761,1.2593101577219157,0.0,0.0,0.0,0.0,0.0,1.0
7,45,10.426348955389727,0.0,0.0,0.0,1.0,1.0,0.0,0.0
8,45,5.651619888527577,8.957881399782348,1.0,0.0,0.0,0.0,1.0,0.0
9,45,2.5342029434015387,2.8923256046827643,1.0,0.0,0.0,1.0,0.0,0.0
10,45,6.235555569934908,1.9345407123032456,0.0,1.0,0.0,0.0,0.0,0.0
11,45,0.0,2.902377720897975,0.0,0.0,1.0,0.0,0.0,0.0
12,45,5.136774923944939,0.1132384318992048,1.0,0.0,0.0,0.0,0.0,0.0
13,45,1.0731694117236592,4.016939899533,0.0,0.0,1.0,0.0,0.0,0.0
14,45,0.1206772265051229,8.29258424282539,0.0,0.0,1.0,1.0,1.0,0.0
0,50,6.718957107950292,12.0,1.0,1.0,0.0,0.0,0.0,1.0
1,50,10.853308549489055,10.589703636122524,1.0,0.0,1.0,0.0,0.0,1.0
2,50,6.474428770934165,12.0,0.0,1.0,0.0,0.0,0.0,0.0
3,50,7.536240559732044,7.580275201549643,1.0,1.0,0.0,0.0,0.0,0.0
4,50,8.264762864378424,11.050302952266582,0.0,0.0,0.0,1.0,0.0,1.0
5,50,5.3897434203278864,8.80966143169431,0.0,1.0,0.0,0.0,0.0,0.0
6,50,5.180756042081874,1.1469875013836577,0.0,0.0,0.0,0.0,0.0,1.0
7,50,10.449509271913788,0.0,0.0,0.0,1.0,1.0,0.0,0.0
8,50,5.616176484432795,8.954643988682761,1.0,0.0,0.0,0.0,1.0,0.0
9,50,2.484796519636661,2.883175464339758,1.0,0.0,0.0,1.0,0.0,0.0
10,50,6.23819811464764,1.934423598217001,0.0,1.0,0.0,0.0,0.0,0.0
11,50,0.0,2.880980765394916,0.0,0.0,1.0,0.0,0.0,0.0
12,50,5.021864966075746,0.1343242587183739,1.0,0.0,0.0,0.0,0.0,0.0
13,50,1.0408667293211646,4.010615045694955,0.0,0.0,1.0,0.0,0.0,0.0
14,50,0.1087601042238409,8.300041565763951,0.0,0.0,1.0,1.0,1.0,0.0
0,55,6.7041985672899695,12.0,1.0,1.0,0.0,0.0,0.0,1.0
1,55,10.84187660137794,10.554030371308777,1.0,0.0,1.0,0.0,0.0,1.0
2,55,6.434703481541757,12.0,0.0,1.0,0.0,0.0,0.0,0.0
3,55,7.494849128240927,7.539803398981889,1.0,1.0,0.0,0.0,0.0,0.0
4,55,8.290697198294756,11.056733040446325,0.0,0.0,0.0,1.0,0.0,1.0
5,55,5.319476799799038,8.788101971156602,0.0,1.0,0.0,0.0,0.0,0.0
6,55,5.2055574202631965,1.028996282710665,0.0,0.0,0.0,0.0,0.0,1.0
7,55,10.463524706520346,0.0,0.0,0.0,1.0,1.0,0.0,0.0
8,55,5.586362450530155,8.951427408994045,1.0,0.0,0.0,0.0,1.0,0.0
9,55,2.4605977224570323,2.879300669204906,1.0,0.0,0.0,1.0,0.0,0.0
10,55,6.22792797104045,1.935018740330564,0.0,1.0,0.0,0.0,0.0,0.0
11,55,0.0,2.8418572304688943,0.0,0.0,1.0,0.0,0.0,0.0
12,55,4.915131815160246,0.151453008737573,1.0,0.0,0.0,0.0,0.0,0.0
13,55,1.0025603687508082,4.0041560531582965,0.0,0.0,1.0,0.0,0.0,0.0
14,55,0.111178180713731,8.298606936107523,0.0,0.0,1.0,1.0,1.0,0.0
0,60,6.698824497255095,12.0,1.0,1.0,0.0,0.0,0.0,1.0
1,60,10.834566172197851,10.532781212189782,1.0,0.0,1.0,0.0,0.0,1.0
2,60,6.3924248730619535,12.0,0.0,1.0,0.0,0.0,0.0,0.0
3,60,7.45045431755454,7.4964608347499855,1.0,1.0,0.0,0.0,0.0,0.0
4,60,8.307447495821526,11.061085462842676,0.0,0.0,0.0,1.0,0.0,1.0
5,60,5.240663844752518,8.765946459315115,0.0,1.0,0.0,0.0,0.0,0.0
6,60,5.235134171595242,0.9002183863025086,0.0,0.0,0.0,0.0,0.0,1.0
7,60,10.467684757728906,0.0,0.0,0.0,1.0,1.0,0.0,0.0
8,60,5.548168496097248,8.947563526368942,1.0,0.0,0.0,0.0,1.0,0.0
9,60,2.428154155741339,2.8738861206760653,1.0,0.0,0.0,1.0,0.0,0.0
10,60,6.225750844689698,1.935155109420484,0.0,1.0,0.0,0.0,0.0,0.0
11,60,0.0248677749531901,2.8248698748074985,0.0,0.0,1.0,0.0,0.0,0.0
12,60,4.824569682187331,0.1691886312922406,1.0,0.0,0.0,0.0,0.0,0.0
13,60,0.9625857663261802,3.9976704820022535,0.0,0.0,1.0,0.0,0.0,0.0
14,60,0.1001348171074652,8.30518097062682,0.0,0.0,1.0,1.0,1.0,0.0
0,65,6.700610532043923,11.99838178023355,1.0,1.0,0.0,0.0,0.0,1.0
1,65,10.829491464891706,10.519004826862792,1.0,0.0,1.0,0.0,0.0,1.0
2,65,6.3344043347691805,12.0,0.0,1.0,0.0,0.0,0.0,0.0
3,65,7.396640898788501,7.444510964901648,1.0,1.0,0.0,0.0,0.0,0.0
4,65,8.322703846560255,11.065247389649668,0.0,0.0,0.0,1.0,0.0,1.0
5,65,5.164242752514376,8.74767180898678,0.0,1.0,0.0,0.0,0.0,0.0
6,65,5.261250081965339,0.7771945742626969,0.0,0.0,0.0,0.0,0.0,1.0
7,65,10.461852433857636,0.0,0.0,0.0,1.0,1.0,0.0,0.0
8,65,5.52802064659001,8.945101568017618,1.0,0.0,0.0,0.0,1.0,0.0
9,65,2.386477564424506,2.867967853903376,1.0,0.0,0.0,1.0,0.0,0.0
10,65,6.222805607854261,1.935394735738526,0.0,1.0,0.0,0.0,0.0,0.0
11,65,0.0472046847103081,2.8096978102821097,0.0,0.0,1.0,0.0,0.0,0.0
12,65,4.761012599075094,0.1817022961577278,1.0,0.0,0.0,0.0,0.0,0.0
13,65,0.9334321256770692,3.993369978300923,0.0,0.0,1.0,0.0,0.0,0.0
14,65,0.08731471817812,8.31241403111171,0.0,0.0,1.0,1.0,1.0,0.0
0,70,6.701414283188598,11.99764188781597,1.0,1.0,0.0,0.0,0.0,1.0
1,70,10.82123377448226,10.495959512424967,1.0,0.0,1.0,0.0,0.0,1.0
2,70,6.305895199091157,12.0,0.0,1.0,0.0,0.0,0.0,0.0
3,70,7.35669639372406,7.404429828246606,1.0,1.0,0.0,0.0,0.0,0.0
4,70,8.337306140183792,11.069048686444702,0.0,0.0,0.0,1.0,0.0,1.0
5,70,5.07671248683544,8.725409943330668,0.0,1.0,0.0,0.0,0.0,0.0
6,70,5.28797582724917,0.6509534001044693,0.0,0.0,0.0,0.0,0.0,1.0
7,70,10.455124391438552,0.0,0.0,0.0,1.0,1.0,0.0,0.0
8,70,5.506954789194365,8.94259431585181,1.0,0.0,0.0,0.0,1.0,0.0
9,70,2.346307282414622,2.8626022642600573,1.0,0.0,0.0,1.0,0.0,0.0
10,70,6.231128089032869,1.9347232408463384,0.0,1.0,0.0,0.0,0.0,0.0
11,70,0.0507992762844873,2.8070705984223743,0.0,0.0,1.0,0.0,0.0,0.0
12,70,4.720785279477232,0.1876499635617838,1.0,0.0,0.0,0.0,0.0,0.0
13,70,0.8996268062847469,3.9879105076232766,0.0,0.0,1.0,0.0,0.0,0.0
14,70,0.0624876219984663,8.327079899853167,0.0,0.0,1.0,1.0,1.0,0.0
0,75,6.708994646828079,11.990499421199486,1.0,1.0,0.0,0.0,0.0,1.0
1,75,10.810208289705768,10.465810909035367,1.0,0.0,1.0,0.0,0.0,1.0
2,75,6.279396817704385,12.0,0.0,1.0,0.0,0.0,0.0,0.0
3,75,7.289588589206565,7.339224155980702,1.0,1.0,0.0,0.0,0.0,0.0
4,75,8.357868522005969,11.074177754587613,0.0,0.0,0.0,1.0,0.0,1.0
5,75,4.999764439929264,8.704810575515607,0.0,1.0,0.0,0.0,0.0,0.0
6,75,5.314991865230259,0.5302289343090723,0.0,0.0,0.0,0.0,0.0,1.0
7,75,10.449361365981876,0.0,0.0,0.0,1.0,1.0,0.0,0.0
8,75,5.448496192150894,8.934344314922647,1.0,0.0,0.0,0.0,1.0,0.0
9,75,2.2982187846023328,2.8558077563667377,1.0,0.0,0.0,1.0,0.0,0.0
10,75,6.251270875343236,1.9331123802773595,0.0,1.0,0.0,0.0,0.0,0.0
11,75,0.0657028823230101,2.796206920921299,0.0,0.0,1.0,0.0,0.0,0.0
12,75,4.671646638681263,0.1944448639058817,1.0,0.0,0.0,0.0,0.0,0.0
13,75,0.8785488069109983,3.984421401274785,0.0,0.0,1.0,0.0,0.0,0.0
14,75,0.0376928895124806,8.342474046770915,0.0,0.0,1.0,1.0,1.0,0.0
0,80,6.700365124559499,11.999460117487278,1.0,1.0,0.0,0.0,0.0,1.0
1,80,10.797607610644803,10.428981020307038,1.0,0.0,1.0,0.0,0.0,1.0
2,80,6.272280913417548,12.0,0.0,1.0,0.0,0.0,0.0,0.0
3,80,7.226074111401636,7.276057612254554,1.0,1.0,0.0,0.0,0.0,0.0
4,80,8.385497009219216,11.08151320716313,0.0,0.0,0.0,1.0,0.0,1.0
5,80,4.931870021068157,8.685043175721116,0.0,1.0,0.0,0.0,0.0,0.0
6,80,5.340565717663488,0.4092888972822653,0.0,0.0,0.0,0.0,0.0,1.0
7,80,10.447681009720371,0.0,0.0,0.0,1.0,1.0,0.0,0.0
8,80,5.408451751964022,8.928201973350296,1.0,0.0,0.0,0.0,1.0,0.0
9,80,2.2517457589243803,2.84874307483196,1.0,0.0,0.0,1.0,0.0,0.0
10,80,6.252871238886512,1.9330059484751625,0.0,1.0,0.0,0.0,0.0,0.0
11,80,0.0824771170657435,2.8186686598785538,0.0,0.0,1.0,0.0,0.0,0.0
12,80,4.650277246085506,0.1966364059085347,1.0,0.0,0.0,0.0,0.0,0.0
13,80,0.8568736734705098,3.981032308088364,0.0,0.0,1.0,0.0,0.0,0.0
14,80,0.0216819667303455,8.3521066725003,0.0,0.0,1.0,1.0,1.0,0.0
0,85,6.68810438879473,12.0,1.0,1.0,0.0,0.0,0.0,1.0
1,85,10.78182613157881,10.378581272343462,1.0,0.0,1.0,0.0,0.0,1.0
2,85,6.266923383580797,12.0,0.0,1.0,0.0,0.0,0.0,0.0
3,85,7.147585919240668,7.195103742204049,1.0,1.0,0.0,0.0,0.0,0.0
4,85,8.398613383043719,11.085050191458835,0.0,0.0,0.0,1.0,0.0,1.0
5,85,4.846875901141352,8.663403274734506,0.0,1.0,0.0,0.0,0.0,0.0
6,85,5.372540859915628,0.2723684013701852,0.0,0.0,0.0,0.0,0.0,1.0
7,85,10.445611876326684,0.0,0.0,0.0,1.0,1.0,0.0,0.0
8,85,5.341790550452246,8.917878482207167,1.0,0.0,0.0,0.0,1.0,0.0
9,85,2.220561115620214,2.8440811879272263,1.0,0.0,0.0,1.0,0.0,0.0
10,85,6.269690329475902,1.9317285646545737,0.0,1.0,0.0,0.0,0.0,0.0
11,85,0.0932669238310284,2.8328836989167354,0.0,0.0,1.0,0.0,0.0,0.0
12,85,4.624320684127571,0.1997129801401955,1.0,0.0,0.0,0.0,0.0,0.0
13,85,0.822646525652833,3.9761939034852296,0.0,0.0,1.0,0.0,0.0,0.0
14,85,0.0208307612348592,8.352625477626141,0.0,0.0,1.0,1.0,1.0,0.0
0,90,6.68387277460403,12.0,1.0,1.0,0.0,0.0,0.0,1.0
1,90,10.760251634507064,10.311746899059573,1.0,0.0,1.0,0.0,0.0,1.0
2,90,6.2844835752497294,11.993387592648965,0.0,1.0,0.0,0.0,0.0,0.0
3,90,7.06725046527923,7.111266973958566,1.0,1.0,0.0,0.0,0.0,0.0
4,90,8.402225384154974,11.086040813026637,0.0,0.0,0.0,1.0,0.0,1.0
5,90,4.773665199413808,8.642224668584525,0.0,1.0,0.0,0.0,0.0,0.0
6,90,5.406533992795715,0.1203669539791963,0.0,0.0,0.0,0.0,0.0,1.0
7,90,10.445675906118964,0.0001835495709843,0.0,0.0,1.0,1.0,0.0,0.0
8,90,5.268794455344512,8.904226128911223,1.0,0.0,0.0,0.0,1.0,0.0
9,90,2.2028570195012884,2.841409243404408,1.0,0.0,0.0,1.0,0.0,0.0
10,90,6.285977980010354,1.930876191815147,0.0,1.0,0.0,0.0,0.0,0.0
11,90,0.1090565586244895,2.85304418244706,0.0,0.0,1.0,0.0,0.0,0.0
12,90,4.604861331241628,0.2020800599992141,1.0,0.0,0.0,0.0,0.0,0.0
13,90,0.7836354127158014,3.970940712146786,0.0,0.0,1.0,0.0,0.0,0.0
14,90,0.0195381249191965,8.353390998088898,0.0,0.0,1.0,1.0,1.0,0.0
0,95,6.671883384119093,12.0,1.0,1.0,0.0,0.0,0.0,1.0
1,95,10.746603376431814,10.269384499971178,1.0,0.0,1.0,0.0,0.0,1.0
2,95,6.303010513512445,11.986253115411673,0.0,1.0,0.0,0.0,0.0,0.0
3,95,6.979852155682224,7.020265269466779,1.0,1.0,0.0,0.0,0.0,0.0
4,95,8.41210794891365,11.08881188121906,0.0,0.0,0.0,1.0,0.0,1.0
5,95,4.69754708060031,8.621022660413978,0.0,1.0,0.0,0.0,0.0,0.0
6,95,5.441391904239807,0.0,0.0,0.0,0.0,0.0,0.0,1.0
7,95,10.44970729782344,0.0123012732840896,0.0,0.0,1.0,1.0,0.0,0.0
8,95,5.198988814117875,8.89149102314022,1.0,0.0,0.0,0.0,1.0,0.0
9,95,2.189291353234968,2.839096132376561,1.0,0.0,0.0,1.0,0.0,0.0
10,95,6.303031301363794,1.9296643323472047,0.0,1.0,0.0,0.0,0.0,0.0
11,95,0.1228125497924797,2.870776808340378,0.0,0.0,1.0,0.0,0.0,0.0
12,95,4.589382108518669,0.2039871395404581,1.0,0.0,0.0,0.0,0.0,0.0
13,95,0.7406073829035303,3.965432428703729,0.0,0.0,1.0,0.0,0.0,0.0
14,95,0.0027398374144299,8.363104554831263,0.0,0.0,1.0,1.0,1.0,0.0
0,100,6.660276157427156,12.0,1.0,1.0,0.0,0.0,0.0,1.0
1,100,10.728512589615242,10.217415735688457,1.0,0.0,1.0,0.0,0.0,1.0
2,100,6.331775153121271,11.975946522828863,0.0,1.0,0.0,0.0,0.0,0.0
3,100,6.889177050010956,6.9242448715533165,1.0,1.0,0.0,0.0,0.0,0.0
4,100,8.423551321764345,11.09237272999374,0.0,0.0,0.0,1.0,0.0,1.0
5,100,4.6278410475266245,8.603100476470411,0.0,1.0,0.0,0.0,0.0,0.0
6,100,5.47281728891808,0.0,0.0,0.0,0.0,0.0,0.0,1.0
7,100,10.451582544893252,0.0176402955557023,0.0,0.0,1.0,1.0,0.0,0.0
8,100,5.118527877258684,8.876695817212097,1.0,0.0,0.0,0.0,1.0,0.0
9,100,2.168353110031822,2.8362389596568915,1.0,0.0,0.0,1.0,0.0,0.0
10,100,6.30292025726652,1.9296721576961984,0.0,1.0,0.0,0.0,0.0,0.0
11,100,0.1472683464348821,2.9021201371427527,0.0,0.0,1.0,0.0,0.0,0.0
12,100,4.543079275340799,0.2099162154022911,1.0,0.0,0.0,0.0,0.0,0.0
13,100,0.697328824707338,3.9604997174828114,0.0,0.0,1.0,0.0,0.0,0.0
14,100,0.0,8.378352990507853,0.0,0.0,1.0,1.0,1.0,0.0
0,105,6.666189049605826,11.993893943346722,1.0,1.0,0.0,0.0,0.0,1.0
1,105,10.708644943818134,10.162216700897476,1.0,0.0,1.0,0.0,0.0,1.0
2,105,6.386274060705051,11.957953305841194,0.0,1.0,0.0,0.0,0.0,0.0
3,105,6.80569576585334,6.831680510485506,1.0,1.0,0.0,0.0,0.0,0.0
4,105,8.422044001295719,11.09183281260227,0.0,0.0,0.0,1.0,0.0,1.0
5,105,4.5653991146926,8.58686518970533,0.0,1.0,0.0,0.0,0.0,0.0
6,105,5.506982727921846,0.0,0.0,0.0,0.0,0.0,0.0,1.0
7,105,10.45822767463607,0.0373865292455844,0.0,0.0,1.0,1.0,0.0,0.0
8,105,5.045500437711565,8.861997012025837,1.0,0.0,0.0,0.0,1.0,0.0
9,105,2.1459606531995346,2.833654929172686,1.0,0.0,0.0,1.0,0.0,0.0
10,105,6.315256674873421,1.9287495731288216,0.0,1.0,0.0,0.0,0.0,0.0
11,105,0.1610181895085621,2.919332320634778,0.0,0.0,1.0,0.0,0.0,0.0
12,105,4.515519025468406,0.2134648856149924,1.0,0.0,0.0,0.0,0.0,0.0
13,105,0.640183969428119,3.9552389164413246,0.0,0.0,1.0,0.0,0.0,0.0
14,105,0.0,8.38646007875235,0.0,0.0,1.0,1.0,1.0,0.0
0,110,6.66904971156544,11.991028646191715,1.0,1.0,0.0,0.0,0.0,1.0
1,110,10.686363557726963,10.097649287127426,1.0,0.0,1.0,0.0,0.0,1.0
2,110,6.430219023268593,11.944410176428558,0.0,1.0,0.0,0.0,0.0,0.0
3,110,6.727410298436896,6.744284463392044,1.0,1.0,0.0,0.0,0.0,0.0
4,110,8.429437984674085,11.094662372225509,0.0,0.0,0.0,1.0,0.0,1.0
5,110,4.49379139271209,8.567405680535728,0.0,1.0,0.0,0.0,0.0,0.0
6,110,5.541511019462355,0.0,0.0,0.0,0.0,0.0,0.0,1.0
7,110,10.460255723068428,0.0430995132661002,0.0,0.0,1.0,1.0,0.0,0.0
8,110,4.961825341615431,8.845593113456966,1.0,0.0,0.0,0.0,1.0,0.0
9,110,2.129832775271145,2.8321870356994587,1.0,0.0,0.0,1.0,0.0,0.0
10,110,6.320583509616833,1.928298983165936,0.0,1.0,0.0,0.0,0.0,0.0
11,110,0.1808296067639055,2.944102515811916,0.0,0.0,1.0,0.0,0.0,0.0
12,110,4.50287598017248,0.2150779696129049,1.0,0.0,0.0,0.0,0.0,0.0
13,110,0.607150896817187,3.952351303248447,0.0,0.0,1.0,0.0,0.0,0.0
14,110,0.0,8.390782674380887,0.0,0.0,1.0,1.0,1.0,0.0
0,115,6.673789447676606,11.98623034561406,1.0,1.0,0.0,0.0,0.0,1.0
1,115,10.659120309571888,10.01590388994548,1.0,0.0,1.0,0.0,0.0,1.0
2,115,6.47471696134478,11.930533957924284,0.0,1.0,0.0,0.0,0.0,0.0
3,115,6.65559708070182,6.664736653174446,1.0,1.0,0.0,0.0,0.0,0.0
4,115,8.421677844167087,11.091691162946285,0.0,0.0,0.0,1.0,0.0,1.0
5,115,4.4273610108034696,8.548944795855942,0.0,1.0,0.0,0.0,0.0,0.0
6,115,5.5754606595053495,0.0,0.0,0.0,0.0,0.0,0.0,1.0
7,115,10.464238472545494,0.0551171577741583,0.0,0.0,1.0,1.0,0.0,0.0
8,115,4.899787653081622,8.83521092420759,1.0,0.0,0.0,0.0,1.0,0.0
9,115,2.121619549232826,2.8315419223478284,1.0,0.0,0.0,1.0,0.0,0.0
10,115,6.312965397842312,1.928885808894791,0.0,1.0,0.0,0.0,0.0,0.0
11,115,0.1921919680509761,2.958922643389847,0.0,0.0,1.0,0.0,0.0,0.0
12,115,4.494821033773014,0.2159019150654726,1.0,0.0,0.0,0.0,0.0,0.0
13,115,0.5802644972329155,3.9499355900874535,0.0,0.0,1.0,0.0,0.0,0.0
14,115,0.0,8.39337266360593,0.0,0.0,1.0,1.0,1.0,0.0
0,120,6.689238590848153,11.970525843741584,1.0,1.0,0.0,0.0,0.0,1.0
1,120,10.62705539680666,9.922878612530956,1.0,0.0,1.0,0.0,0.0,1.0
2,120,6.5195812273677545,11.916911058817451,0.0,1.0,0.0,0.0,0.0,0.0
3,120,6.581760021187378,6.578943814218285,1.0,1.0,0.0,0.0,0.0,0.0
4,120,8.418894779373675,11.090635480730882,0.0,0.0,0.0,1.0,0.0,1.0
5,120,4.354707264599514,8.531459069322272,0.0,1.0,0.0,0.0,0.0,0.0
6,120,5.61322101839164,0.0,0.0,0.0,0.0,0.0,0.0,1.0
7,120,10.471321595384204,0.0750636134956513,0.0,0.0,1.0,1.0,0.0,0.0
8,120,4.831353015327097,8.823897353450628,1.0,0.0,0.0,0.0,1.0,0.0
9,120,2.127290797777556,2.831959640258863,1.0,0.0,0.0,1.0,0.0,0.0
10,120,6.317812410012819,1.9285265234479307,0.0,1.0,0.0,0.0,0.0,0.0
11,120,0.2071780483692582,2.979135594482614,0.0,0.0,1.0,0.0,0.0,0.0
12,120,4.49160071483086,0.2162509066951155,1.0,0.0,0.0,0.0,0.0,0.0
13,120,0.5427159915672658,3.946337424038852,0.0,0.0,1.0,0.0,0.0,0.0
14,120,0.0,8.399860518244378,0.0,0.0,1.0,1.0,1.0,0.0
0,125,6.701742611280833,11.957762517582912,1.0,1.0,0.0,0.0,0.0,1.0
1,125,10.595609628710054,9.833928624857387,1.0,0.0,1.0,0.0,0.0,1.0
2,125,6.5732733404628165,11.89975983322996,0.0,1.0,0.0,0.0,0.0,0.0
3,125,6.505310807435279,6.493035190102454,1.0,1.0,0.0,0.0,0.0,0.0
4,125,8.413512913713335,11.088477444954435,0.0,0.0,0.0,1.0,0.0,1.0
5,125,4.287799934293247,8.515070235145956,0.0,1.0,0.0,0.0,0.0,0.0
6,125,5.655999745024276,0.0,0.0,0.0,0.0,0.0,0.0,1.0
7,125,10.47132759909428,0.0750805818568793,0.0,0.0,1.0,1.0,0.0,0.0
8,125,4.769240238493497,8.812968961762275,1.0,0.0,0.0,0.0,1.0,0.0
9,125,2.134849392028301,2.832379332527917,1.0,0.0,0.0,1.0,0.0,0.0
10,125,6.321003714544593,1.928160497726801,0.0,1.0,0.0,0.0,0.0,0.0
11,125,0.2273146970915922,2.9644373195473626,0.0,0.0,1.0,0.0,0.0,0.0
12,125,4.501452936324049,0.2153619217226708,1.0,0.0,0.0,0.0,0.0,0.0
13,125,0.5150653453079641,3.942837887702524,0.0,0.0,1.0,0.0,0.0,0.0
14,125,0.0084725794580914,8.395141483444247,0.0,0.0,1.0,1.0,1.0,0.0
0,130,6.716280513218074,11.94278408726449,1.0,1.0,0.0,0.0,0.0,1.0
1,130,10.566643298354984,9.74678042244123,1.0,0.0,1.0,0.0,0.0,1.0
2,130,6.61702361621485,11.885203596593868,0.0,1.0,0.0,0.0,0.0,0.0
3,130,6.432147353026806,6.4065809745417965,1.0,1.0,0.0,0.0,0.0,0.0
4,130,8.391886870326054,11.080105871014412,0.0,0.0,0.0,1.0,0.0,1.0
5,130,4.206494021182565,8.495757092627104,0.0,1.0,0.0,0.0,0.0,0.0
6,130,5.697322076141022,0.0,0.0,0.0,0.0,0.0,0.0,1.0
7,130,10.468562336731855,0.0675897710605278,0.0,0.0,1.0,1.0,0.0,0.0
8,130,4.699964165969357,8.799954097448708,1.0,0.0,0.0,0.0,1.0,0.0
9,130,2.1600302826961046,2.8338111783352584,1.0,0.0,0.0,1.0,0.0,0.0
10,130,6.331864292110845,1.9269233877859089,0.0,1.0,0.0,0.0,0.0,0.0
11,130,0.2612622355916723,2.939638531656075,0.0,0.0,1.0,0.0,0.0,0.0
12,130,4.505141204990479,0.2150389307379092,1.0,0.0,0.0,0.0,0.0,0.0
13,130,0.4852632451721045,3.940402551358833,0.0,0.0,1.0,0.0,0.0,0.0
14,130,0.0249562665465785,8.38554637668761,0.0,0.0,1.0,1.0,1.0,0.0
0,135,6.721032743249047,11.938158303328787,1.0,1.0,0.0,0.0,0.0,1.0
1,135,10.540187360372457,9.666133872807354,1.0,0.0,1.0,0.0,0.0,1.0
2,135,6.639268503288943,11.877678324617117,0.0,1.0,0.0,0.0,0.0,0.0
3,135,6.364153120789149,6.327738505355814,1.0,1.0,0.0,0.0,0.0,0.0
4,135,8.375984664858924,11.073465391552634,0.0,0.0,0.0,1.0,0.0,1.0
5,135,4.12538673751669,8.475902652270907,0.0,1.0,0.0,0.0,0.0,0.0
6,135,5.742930001358531,0.0,0.0,0.0,0.0,0.0,0.0,1.0
7,135,10.46728520120694,0.0641398038916019,0.0,0.0,1.0,1.0,0.0,0.0
8,135,4.616779771518826,8.783279895685764,1.0,0.0,0.0,0.0,1.0,0.0
9,135,2.159421348996357,2.8337773430501865,1.0,0.0,0.0,1.0,0.0,0.0
10,135,6.355418953113387,1.9245193819308544,0.0,1.0,0.0,0.0,0.0,0.0
11,135,0.2945614179809845,2.9166733652134464,0.0,0.0,1.0,0.0,0.0,0.0
12,135,4.519734181879158,0.2137647424478428,1.0,0.0,0.0,0.0,0.0,0.0
13,135,0.4825763337008685,3.9401457671661215,0.0,0.0,1.0,0.0,0.0,0.0
14,135,0.0384142638837088,8.378067488719923,0.0,0.0,1.0,1.0,1.0,0.0
0,140,6.727352868319427,11.931888805179169,1.0,1.0,0.0,0.0,0.0,1.0
1,140,10.517497715445137,9.594783316741063,1.0,0.0,1.0,0.0,0.0,1.0
2,140,6.66682107082698,11.867656581252575,0.0,1.0,0.0,0.0,0.0,0.0
3,140,6.300153522977415,6.251649077891462,1.0,1.0,0.0,0.0,0.0,0.0
4,140,8.338460745804586,11.058890537832982,0.0,0.0,0.0,1.0,0.0,1.0
5,140,4.049053134927899,8.456524360640575,0.0,1.0,0.0,0.0,0.0,0.0
6,140,5.783604419717284,0.0,0.0,0.0,0.0,0.0,0.0,1.0
7,140,10.46339854018103,0.0530454052523864,0.0,0.0,1.0,1.0,0.0,0.0
8,140,4.5396659530537935,8.766991947872457,1.0,0.0,0.0,0.0,1.0,0.0
9,140,2.160811060844836,2.8338686539519933,1.0,0.0,0.0,1.0,0.0,0.0
10,140,6.382750972746354,1.921240050073626,0.0,1.0,0.0,0.0,0.0,0.0
11,140,0.3123641834348454,2.9043371652751397,0.0,0.0,1.0,0.0,0.0,0.0
12,140,4.537917408674786,0.2120931813527605,1.0,0.0,0.0,0.0,0.0,0.0
13,140,0.4635812570452213,3.938759223856946,0.0,0.0,1.0,0.0,0.0,0.0
14,140,0.033279342553072,8.380748872114783,0.0,0.0,1.0,1.0,1.0,0.0
0,145,6.748670543765255,11.911131168538407,1.0,1.0,0.0,0.0,0.0,1.0
1,145,10.489455708314727,9.508156293610805,1.0,0.0,1.0,0.0,0.0,1.0
2,145,6.702256623924891,11.853489356440967,0.0,1.0,0.0,0.0,0.0,0.0
3,145,6.254472956153171,6.197879063624487,1.0,1.0,0.0,0.0,0.0,0.0
4,145,8.315569189895541,11.050774486026848,0.0,0.0,0.0,1.0,0.0,1.0
5,145,3.979354135485413,8.43897523020537,0.0,1.0,0.0,0.0,0.0,0.0
6,145,5.822247976800155,0.0,0.0,0.0,0.0,0.0,0.0,1.0
7,145,10.458831042873523,0.0402684696913389,0.0,0.0,1.0,1.0,0.0,0.0
8,145,4.454793972917125,8.750006515587117,1.0,0.0,0.0,0.0,1.0,0.0
9,145,2.165830294496087,2.834156489925169,1.0,0.0,0.0,1.0,0.0,0.0
10,145,6.386732157319004,1.9209118935194909,0.0,1.0,0.0,0.0,0.0,0.0
11,145,0.336350536986516,2.888803818485556,0.0,0.0,1.0,0.0,0.0,0.0
12,145,4.544757288163823,0.211582684938856,1.0,0.0,0.0,0.0,0.0,0.0
13,145,0.4583222521741214,3.938522044535744,0.0,0.0,1.0,0.0,0.0,0.0
14,145,0.0227692025529806,8.386278980389367,0.0,0.0,1.0,1.0,1.0,0.0
0,150,6.776622720824281,11.883513792069168,1.0,1.0,0.0,0.0,0.0,1.0
1,150,10.463550141244909,9.43123689191273,1.0,0.0,1.0,0.0,0.0,1.0
2,150,6.776479287952376,11.8237239990238,0.0,1.0,0.0,0.0,0.0,0.0
3,150,6.209531355063973,6.146599933956318,1.0,1.0,0.0,0.0,0.0,0.0
4,150,8.298030713929272,11.04412267301449,0.0,0.0,0.0,1.0,0.0,1.0
5,150,3.908461197201013,8.421743119513362,0.0,1.0,0.0,0.0,0.0,0.0
6,150,5.852484338125889,0.0,0.0,0.0,0.0,0.0,0.0,1.0
7,150,10.45492728687601,0.0297137753158351,0.0,0.0,1.0,1.0,0.0,0.0
8,150,4.356924850753355,8.728376209472813,1.0,0.0,0.0,0.0,1.0,0.0
9,150,2.160232594182958,2.8338181461436887,1.0,0.0,0.0,1.0,0.0,0.0
10,150,6.401314880477232,1.9193348011120144,0.0,1.0,0.0,0.0,0.0,0.0
11,150,0.3618786598063244,2.8721054623896234,0.0,0.0,1.0,0.0,0.0,0.0
12,150,4.579866698868854,0.2098792321902973,1.0,0.0,0.0,0.0,0.0,0.0
13,150,0.449310591833961,3.938336828851519,0.0,0.0,1.0,0.0,0.0,0.0
14,150,0.0248251258773142,8.385142831360643,0.0,0.0,1.0,1.0,1.0,0.0
0,155,6.800701899983581,11.859080866619706,1.0,1.0,0.0,0.0,0.0,1.0
1,155,10.538671005977111,9.408072874279531,1.0,0.0,1.0,0.0,0.0,1.0
2,155,6.852482053532359,11.795106657240536,0.0,1.0,0.0,0.0,0.0,0.0
3,155,6.156534210116915,6.088837945212223,1.0,1.0,0.0,0.0,0.0,0.0
4,155,8.302583071658871,11.045843904526476,0.0,0.0,0.0,1.0,0.0,1.0
5,155,3.8288169148145808,8.4026415900117,0.0,1.0,0.0,0.0,0.0,0.0
6,155,5.889207809666234,0.0,0.0,0.0,0.0,0.0,0.0,1.0
7,155,10.448053759183864,0.011712918991336,0.0,0.0,1.0,1.0,0.0,0.0
8,155,4.266037102140476,8.709534953354076,1.0,0.0,0.0,0.0,1.0,0.0
9,155,2.14892979755113,2.8333395025813912,1.0,0.0,0.0,1.0,0.0,0.0
10,155,6.432792701145875,1.9153646790163512,0.0,1.0,0.0,0.0,0.0,0.0
11,155,0.3523119346558525,2.858190433942408,0.0,0.0,1.0,0.0,0.0,0.0
12,155,4.604621476380026,0.2097680303460484,1.0,0.0,0.0,0.0,0.0,0.0
13,155,0.4258619820676189,3.937311428143448,0.0,0.0,1.0,0.0,0.0,0.0
14,155,0.0228926986601469,8.386226554817494,0.0,0.0,1.0,1.0,1.0,0.0
0,160,6.817837153982677,11.84149333895732,1.0,1.0,0.0,0.0,0.0,1.0
1,160,10.609599360514752,9.387275617126772,1.0,0.0,1.0,0.0,0.0,1.0
2,160,6.9202120312590445,11.769343186053687,0.0,1.0,0.0,0.0,0.0,0.0
3,160,6.088312180440876,6.018742764822755,1.0,1.0,0.0,0.0,0.0,0.0
4,160,8.29774065537849,11.04415153506676,0.0,0.0,0.0,1.0,0.0,1.0
5,160,3.7402983464601065,8.382993632658005,0.0,1.0,0.0,0.0,0.0,0.0
6,160,5.924846698154705,0.0,0.0,0.0,0.0,0.0,0.0,1.0
7,160,10.435490224526422,0.0,0.0,0.0,1.0,1.0,0.0,0.0
8,160,4.195915205706641,8.696684556145277,1.0,0.0,0.0,0.0,1.0,0.0
9,160,2.142757993270399,2.8330627381534845,1.0,0.0,0.0,1.0,0.0,0.0
10,160,6.463849359182778,1.9117067872380131,0.0,1.0,0.0,0.0,0.0,0.0
11,160,0.342002824090626,2.843468176276892,0.0,0.0,1.0,0.0,0.0,0.0
12,160,4.624264884846294,0.2096889671117783,1.0,0.0,0.0,0.0,0.0,0.0
13,160,0.3803839849496693,3.934960413911748,0.0,0.0,1.0,0.0,0.0,0.0
14,160,0.0437496154478681,8.374541378625787,0.0,0.0,1.0,1.0,1.0,0.0
0,165,6.837242512964406,11.821480299202555,1.0,1.0,0.0,0.0,0.0,1.0
1,165,10.689958218079262,9.362428646817271,1.0,0.0,1.0,0.0,0.0,1.0
2,165,6.998021712764426,11.741931542189782,0.0,1.0,0.0,0.0,0.0,0.0
3,165,6.009671375393436,5.935448011974676,1.0,1.0,0.0,0.0,0.0,0.0
4,165,8.315032732860374,11.050323617524285,0.0,0.0,0.0,1.0,0.0,1.0
5,165,3.6533422160692903,8.36785774874965,0.0,1.0,0.0,0.0,0.0,0.0
6,165,5.961642308829672,0.0,0.0,0.0,0.0,0.0,0.0,1.0
7,165,10.4138962040027,0.0,0.0,0.0,1.0,1.0,0.0,0.0
8,165,4.134585427626559,8.68590163765833,1.0,0.0,0.0,0.0,1.0,0.0
9,165,2.143511474309876,2.833091712856866,1.0,0.0,0.0,1.0,0.0,0.0
10,165,6.494312178658788,1.907872306604169,0.0,1.0,0.0,0.0,0.0,0.0
11,165,0.3685521745617172,2.824596686485044,0.0,0.0,1.0,0.0,0.0,0.0
12,165,4.630664620922722,0.2097221760237214,1.0,0.0,0.0,0.0,0.0,0.0
13,165,0.3383459976609073,3.93270222057226,0.0,0.0,1.0,0.0,0.0,0.0
14,165,0.0591133418051487,8.366091467175243,0.0,0.0,1.0,1.0,1.0,0.0
0,170,6.852955405604029,11.805462602257409,1.0,1.0,0.0,0.0,0.0,1.0
1,170,10.760427151017485,9.342079950931833,1.0,0.0,1.0,0.0,0.0,1.0
2,170,7.070388174181069,11.716795626931244,0.0,1.0,0.0,0.0,0.0,0.0
3,170,5.921353770661502,5.846163158539217,1.0,1.0,0.0,0.0,0.0,0.0
4,170,8.326597932284255,11.054161659750822,0.0,0.0,0.0,1.0,0.0,1.0
5,170,3.5657206826919694,8.351510144960693,0.0,1.0,0.0,0.0,0.0,0.0
6,170,5.997638608094639,0.0,0.0,0.0,0.0,0.0,0.0,1.0
7,170,10.394704874002198,0.0,0.0,0.0,1.0,1.0,0.0,0.0
8,170,4.065168094254386,8.672613382448176,1.0,0.0,0.0,0.0,1.0,0.0
9,170,2.166538877864206,2.83418993746999,1.0,0.0,0.0,1.0,0.0,0.0
10,170,6.497966942229897,1.938082323636832,0.0,1.0,0.0,0.0,0.0,0.0
11,170,0.4123187255528532,2.792284885013793,0.0,0.0,1.0,0.0,0.0,0.0
12,170,4.6360428891874434,0.2098368797857952,1.0,0.0,0.0,0.0,0.0,0.0
13,170,0.2625091047800649,3.928467209803671,0.0,0.0,1.0,0.0,0.0,0.0
14,170,0.0701564752402259,8.360587340106965,0.0,0.0,1.0,1.0,1.0,0.0
0,175,6.880993614205303,11.777498377068213,1.0,1.0,0.0,0.0,0.0,1.0
1,175,10.826921764796111,9.3217706030461,1.0,0.0,1.0,0.0,0.0,1.0
2,175,7.118796919078496,11.699495002938177,0.0,1.0,0.0,0.0,0.0,0.0
3,175,5.841644384405878,5.770521825850516,1.0,1.0,0.0,0.0,0.0,0.0
4,175,8.310571103790368,11.048424035642784,0.0,0.0,0.0,1.0,0.0,1.0
5,175,3.490619768172066,8.3402037317035,0.0,1.0,0.0,0.0,0.0,0.0
6,175,6.0357317679996925,0.0,0.0,0.0,0.0,0.0,0.0,1.0
7,175,10.37139831127531,0.0,0.0,0.0,1.0,1.0,0.0,0.0
8,175,3.9621568024202336,8.65147782991895,1.0,0.0,0.0,0.0,1.0,0.0
9,175,2.174682590398077,2.834430850189841,1.0,0.0,0.0,1.0,0.0,0.0
10,175,6.5041297454975,1.9784728499576747,0.0,1.0,0.0,0.0,0.0,0.0
11,175,0.46318276076446,2.755931802433835,0.0,0.0,1.0,0.0,0.0,0.0
12,175,4.632239830493963,0.2097533540824535,1.0,0.0,0.0,0.0,0.0,0.0
13,175,0.1703503165031568,3.925037405082525,0.0,0.0,1.0,0.0,0.0,0.0
14,175,0.0645782457440678,8.363281262943923,0.0,0.0,1.0,1.0,1.0,0.0
0,180,6.918691071991513,11.740642215380996,1.0,1.0,0.0,0.0,0.0,1.0
1,180,10.884744404752832,9.303232177886835,1.0,0.0,1.0,0.0,0.0,1.0
2,180,7.148419463594963,11.688384460997806,0.0,1.0,0.0,0.0,0.0,0.0
3,180,5.753153486716268,5.690166156273074,1.0,1.0,0.0,0.0,0.0,0.0
4,180,8.295485209453409,11.04310380599159,0.0,0.0,0.0,1.0,0.0,1.0
5,180,3.3984247902606937,8.325593049363356,0.0,1.0,0.0,0.0,0.0,0.0
6,180,6.0759981620397046,0.0,0.0,0.0,0.0,0.0,0.0,1.0
7,180,10.349596909766246,0.0,0.0,0.0,1.0,1.0,0.0,0.0
8,180,3.8651916851059056,8.633161025833235,1.0,0.0,0.0,0.0,1.0,0.0
9,180,2.180110105410029,2.83452726671567,1.0,0.0,0.0,1.0,0.0,0.0
10,180,6.512012522253711,2.0286177949469786,0.0,1.0,0.0,0.0,0.0,0.0
11,180,0.5158036988267799,2.717491931956898,0.0,0.0,1.0,0.0,0.0,0.0
12,180,4.632622935988371,0.2097692180619721,1.0,0.0,0.0,0.0,0.0,0.0
13,180,0.0574724625644398,3.921724552920415,0.0,0.0,1.0,0.0,0.0,0.0
14,180,0.0453059897354267,8.372383562829517,0.0,0.0,1.0,1.0,1.0,0.0
0,185,6.934956718525081,11.72433656797394,1.0,1.0,0.0,0.0,0.0,1.0
1,185,10.938672909869286,9.286481129879832,1.0,0.0,1.0,0.0,0.0,1.0
2,185,7.203356219533903,11.668031963653046,0.0,1.0,0.0,0.0,0.0,0.0
3,185,5.65263782117558,5.598061620192658,1.0,1.0,0.0,0.0,0.0,0.0
4,185,8.284432066113228,11.039287680973157,0.0,0.0,0.0,1.0,0.0,1.0
5,185,3.3065241176769966,8.314143802528948,0.0,1.0,0.0,0.0,0.0,0.0
6,185,6.112069527533879,0.0,0.0,0.0,0.0,0.0,0.0,1.0
7,185,10.336383943031574,0.0,0.0,0.0,1.0,1.0,0.0,0.0
8,185,3.77537724693648,8.616335799106354,1.0,0.0,0.0,0.0,1.0,0.0
9,185,2.1744766023399245,2.8344103851854445,1.0,0.0,0.0,1.0,0.0,0.0
10,185,6.521688474357559,2.088901918163217,0.0,1.0,0.0,0.0,0.0,0.0
11,185,0.5947186139166512,2.6591142017670744,0.0,0.0,1.0,0.0,0.0,0.0
12,185,4.654373458890494,0.2108766026902006,1.0,0.0,0.0,0.0,0.0,0.0
13,185,0.0,3.915966821778688,0.0,0.0,1.0,0.0,0.0,0.0
14,185,0.0410238066959371,8.374354405700734,0.0,0.0,1.0,1.0,1.0,0.0
0,190,6.954631019761207,11.704733341878368,1.0,1.0,0.0,0.0,0.0,1.0
1,190,11.004466564174994,9.26510221570064,1.0,0.0,1.0,0.0,0.0,1.0
2,190,7.250738467572355,11.649964133936434,0.0,1.0,0.0,0.0,0.0,0.0
3,190,5.559934197601823,5.518866350316652,1.0,1.0,0.0,0.0,0.0,0.0
4,190,8.263278985709709,11.032416820797694,0.0,0.0,0.0,1.0,0.0,1.0
5,190,3.2162711656096,8.303567008219217,0.0,1.0,0.0,0.0,0.0,0.0
6,190,6.147024497317888,0.0,0.0,0.0,0.0,0.0,0.0,1.0
7,190,10.325830294551752,0.0,0.0,0.0,1.0,1.0,0.0,0.0
8,190,3.667546013740649,8.598618522830893,1.0,0.0,0.0,0.0,1.0,0.0
9,190,2.1752693439905517,2.834422827694274,1.0,0.0,0.0,1.0,0.0,0.0
10,190,6.533056070408391,2.157356746098617,0.0,1.0,0.0,0.0,0.0,0.0
11,190,0.695419538156066,2.592511094693381,0.0,0.0,1.0,0.0,0.0,0.0
12,190,4.696308294796242,0.2136132438391824,1.0,0.0,0.0,0.0,0.0,0.0
13,190,0.0,4.015668856112198,0.0,0.0,1.0,0.0,0.0,0.0
14,190,0.0383469218476967,8.375647495934476,0.0,0.0,1.0,1.0,1.0,0.0
0,195,6.988230643238093,11.67121002765591,1.0,1.0,0.0,0.0,0.0,1.0
1,195,11.086591128166116,9.234922454595914,1.0,0.0,1.0,0.0,0.0,1.0
2,195,7.268789918693919,11.642825388066674,0.0,1.0,0.0,0.0,0.0,0.0
3,195,5.48832212079687,5.458338108584401,1.0,1.0,0.0,0.0,0.0,0.0
4,195,8.244913088078157,11.026548393164711,0.0,0.0,0.0,1.0,0.0,1.0
5,195,3.148561569694992,8.294778421282173,0.0,1.0,0.0,0.0,0.0,0.0
6,195,6.185852107244169,0.0,0.0,0.0,0.0,0.0,0.0,1.0
7,195,10.314587933188983,0.0,0.0,0.0,1.0,1.0,0.0,0.0
8,195,3.551850074007972,8.576211126948936,1.0,0.0,0.0,0.0,1.0,0.0
9,195,2.181844107386892,2.834509362634904,1.0,0.0,0.0,1.0,0.0,0.0
10,195,6.543156584608003,2.228104343947288,0.0,1.0,0.0,0.0,0.0,0.0
11,195,0.8072831690167775,2.5181103183298394,0.0,0.0,1.0,0.0,0.0,0.0
12,195,4.75122431727706,0.216773585685387,1.0,0.0,0.0,0.0,0.0,0.0
13,195,0.0,4.110401471931968,0.0,0.0,1.0,0.0,0.0,0.0
14,195,0.029997968741818,8.379631460580768,0.0,0.0,1.0,1.0,1.0,0.0
0,200,7.0108078290338325,11.649646275274298,1.0,1.0,0.0,0.0,0.0,1.0
1,200,11.1867370823003,9.198760787811056,1.0,0.0,1.0,0.0,0.0,1.0
2,200,7.300017634695939,11.63076134440709,0.0,1.0,0.0,0.0,0.0,0.0
3,200,5.414666469609044,5.393649410137292,1.0,1.0,0.0,0.0,0.0,0.0
4,200,8.226707665998148,11.021091947054124,0.0,0.0,0.0,1.0,0.0,1.0
5,200,3.083899515203018,8.286057876100399,0.0,1.0,0.0,0.0,0.0,0.0
6,200,6.228051199859593,0.0,0.0,0.0,0.0,0.0,0.0,1.0
7,200,10.311110787202889,0.0,0.0,0.0,1.0,1.0,0.0,0.0
8,200,3.448213077108928,8.552858859786692,1.0,0.0,0.0,0.0,1.0,0.0
9,200,2.183798721899357,2.834475589654693,1.0,0.0,0.0,1.0,0.0,0.0
10,200,6.5526597212715805,2.302206340502618,0.0,1.0,0.0,0.0,0.0,0.0
11,200,0.936104548670382,2.43148979016668,0.0,0.0,1.0,0.0,0.0,0.0
12,200,4.803869523304094,0.2199197387894315,1.0,0.0,0.0,0.0,0.0,0.0
13,200,0.0,4.193660003046571,0.0,0.0,1.0,0.0,0.0,0.0
14,200,0.0128433566289405,8.387152189812834,0.0,0.0,1.0,1.0,1.0,0.0
0,205,7.050166448929672,11.613696473794295,1.0,1.0,0.0,0.0,0.0,1.0
1,205,11.27588835675721,9.165610999984422,1.0,0.0,1.0,0.0,0.0,1.0
2,205,7.309338107567034,11.627038714520888,0.0,1.0,0.0,0.0,0.0,0.0
3,205,5.3522293348986585,5.340760703216127,1.0,1.0,0.0,0.0,0.0,0.0
4,205,8.175752656051547,11.00517832332121,0.0,0.0,0.0,1.0,0.0,1.0
5,205,3.043644192231142,8.280444184448438,0.0,1.0,0.0,0.0,0.0,0.0
6,205,6.268691109657997,0.0,0.0,0.0,0.0,0.0,0.0,1.0
7,205,10.312409416178664,0.0031948104611015,0.0,0.0,1.0,1.0,0.0,0.0
8,205,3.344008103848351,8.527704193094376,1.0,0.0,0.0,0.0,1.0,0.0
9,205,2.189269135061935,2.834486899547793,1.0,0.0,0.0,1.0,0.0,0.0
10,205,6.564084208809566,2.3940543081038848,0.0,1.0,0.0,0.0,0.0,0.0
11,205,1.0658070665670962,2.340162415126864,0.0,0.0,1.0,0.0,0.0,0.0
12,205,4.867212798934576,0.2232220876212851,1.0,0.0,0.0,0.0,0.0,0.0
13,205,0.0,4.282230067978667,0.0,0.0,1.0,0.0,0.0,0.0
14,205,0.0,8.398200885582494,0.0,0.0,1.0,1.0,1.0,0.0
0,210,7.090531814867502,11.57735094763944,1.0,1.0,0.0,0.0,0.0,1.0
1,210,11.364820976354212,9.133513389609387,1.0,0.0,1.0,0.0,0.0,1.0
2,210,7.322513758422534,11.62151913976184,0.0,1.0,0.0,0.0,0.0,0.0
3,210,5.282691330407084,5.279300423356302,1.0,1.0,0.0,0.0,0.0,0.0
4,210,8.136788219489901,10.992770737944898,0.0,0.0,0.0,1.0,0.0,1.0
5,210,2.996533721146146,8.273179233299622,0.0,1.0,0.0,0.0,0.0,0.0
6,210,6.308228683628264,0.0,0.0,0.0,0.0,0.0,0.0,1.0
7,210,10.309086497712352,0.0,0.0,0.0,1.0,1.0,0.0,0.0
8,210,3.245655225353463,8.505790727109686,1.0,0.0,0.0,0.0,1.0,0.0
9,210,2.1906899530475634,2.834490852955063,1.0,0.0,0.0,1.0,0.0,0.0
10,210,6.571426638698968,2.4640648568848387,0.0,1.0,0.0,0.0,0.0,0.0
11,210,1.2078051844210518,2.2363199011082777,0.0,0.0,1.0,0.0,0.0,0.0
12,210,4.937685720454433,0.2278381838366985,1.0,0.0,0.0,0.0,0.0,0.0
13,210,0.0,4.373709962911144,0.0,0.0,1.0,0.0,0.0,0.0
14,210,0.0,8.402941701726743,0.0,0.0,1.0,1.0,1.0,0.0
0,215,7.140515307936169,11.532151941990726,1.0,1.0,0.0,0.0,0.0,1.0
1,215,11.459983085379209,9.09786798270014,1.0,0.0,1.0,0.0,0.0,1.0
2,215,7.333518877951239,11.617072282176744,0.0,1.0,0.0,0.0,0.0,0.0
3,215,5.208230667424996,5.210303554368932,1.0,1.0,0.0,0.0,0.0,0.0
4,215,8.101905586421825,10.98186642282906,0.0,0.0,0.0,1.0,0.0,1.0
5,215,2.9554532077419333,8.26605890664229,0.0,1.0,0.0,0.0,0.0,0.0
6,215,6.351245267353667,0.0,0.0,0.0,0.0,0.0,0.0,1.0
7,215,10.297017371291496,0.0,0.0,0.0,1.0,1.0,0.0,0.0
8,215,3.1280187617550053,8.472983464039691,1.0,0.0,0.0,0.0,1.0,0.0
9,215,2.1866623286203906,2.8344790928157635,1.0,0.0,0.0,1.0,0.0,0.0
10,215,6.5769930999049135,2.520455585826449,0.0,1.0,0.0,0.0,0.0,0.0
11,215,1.378888005973877,2.116773609439387,0.0,0.0,1.0,0.0,0.0,0.0
12,215,4.996879396833148,0.2308165601224138,1.0,0.0,0.0,0.0,0.0,0.0
13,215,0.0,4.4701513942066535,0.0,0.0,1.0,0.0,0.0,0.0
14,215,0.0098865671895422,8.398807679946362,0.0,0.0,1.0,1.0,1.0,0.0
0,220,7.172288441267855,11.504155578389692,1.0,1.0,0.0,0.0,0.0,1.0
1,220,11.556058491979568,9.063224746480296,1.0,0.0,1.0,0.0,0.0,1.0
2,220,7.340101085619909,11.61447443814977,0.0,1.0,0.0,0.0,0.0,0.0
3,220,5.133557023233204,5.140156650350769,1.0,1.0,0.0,0.0,0.0,0.0
4,220,8.068184371179715,10.971873063331971,0.0,0.0,0.0,1.0,0.0,1.0
5,220,2.9094104041443454,8.259596764026224,0.0,1.0,0.0,0.0,0.0,0.0
6,220,6.398624192452337,0.0,0.0,0.0,0.0,0.0,0.0,1.0
7,220,10.282007174841436,0.0,0.0,0.0,1.0,1.0,0.0,0.0
8,220,3.019602852526573,8.445116201997157,1.0,0.0,0.0,0.0,1.0,0.0
9,220,2.1832011342006865,2.8343934872846472,1.0,0.0,0.0,1.0,0.0,0.0
10,220,6.581296675629948,2.573562458714981,0.0,1.0,0.0,0.0,0.0,0.0
11,220,1.5563585991237725,1.9917389640374072,0.0,0.0,1.0,0.0,0.0,0.0
12,220,5.0545816373470425,0.2338378170411417,1.0,0.0,0.0,0.0,0.0,0.0
13,220,0.0,4.570233790713993,0.0,0.0,1.0,0.0,0.0,0.0
14,220,0.0019472854264647,8.402226370234818,0.0,0.0,1.0,1.0,1.0,0.0
0,225,7.19390376402036,11.484602696992432,1.0,1.0,0.0,0.0,0.0,1.0
1,225,11.675061017446266,9.02073360232626,1.0,0.0,1.0,0.0,0.0,1.0
2,225,7.340383339685188,11.614360697640052,0.0,1.0,0.0,0.0,0.0,0.0
3,225,5.07672608631505,5.085269308843283,1.0,1.0,0.0,0.0,0.0,0.0
4,225,8.077824700462855,10.938783346044092,0.0,0.0,0.0,1.0,0.0,1.0
5,225,2.8556118606779632,8.253244176711796,0.0,1.0,0.0,0.0,0.0,0.0
6,225,6.446182302974837,0.0,0.0,0.0,0.0,0.0,0.0,1.0
7,225,10.26460285035828,0.0,0.0,0.0,1.0,1.0,0.0,0.0
8,225,2.89148567996273,8.415288070354617,1.0,0.0,0.0,0.0,1.0,0.0
9,225,2.1671504666206336,2.834226822736233,1.0,0.0,0.0,1.0,0.0,0.0
10,225,6.586239958326007,2.6241972670503304,0.0,1.0,0.0,0.0,0.0,0.0
11,225,1.7248059217555691,1.8753119322232887,0.0,0.0,1.0,0.0,0.0,0.0
12,225,5.125959807118903,0.238760916992465,1.0,0.0,0.0,0.0,0.0,0.0
13,225,0.0,4.697703144339432,0.0,0.0,1.0,0.0,0.0,0.0
14,225,0.0,8.413141545639835,0.0,0.0,1.0,1.0,1.0,0.0
0,230,7.238169843594882,11.44597218661745,1.0,1.0,0.0,0.0,0.0,1.0
1,230,11.793497052092327,8.976772463929835,1.0,0.0,1.0,0.0,0.0,1.0
2,230,7.356985904621889,11.606965826117516,0.0,1.0,0.0,0.0,0.0,0.0
3,230,5.012816318135382,5.022306273585865,1.0,1.0,0.0,0.0,0.0,0.0
4,230,8.086316882411074,10.910507016172012,0.0,0.0,0.0,1.0,0.0,1.0
5,230,2.792197617486213,8.243522178393295,0.0,1.0,0.0,0.0,0.0,0.0
6,230,6.497523615075556,0.0,0.0,0.0,0.0,0.0,0.0,1.0
7,230,10.253013434400852,0.0,0.0,0.0,1.0,1.0,0.0,0.0
8,230,2.761069021928239,8.38855868969823,1.0,0.0,0.0,0.0,1.0,0.0
9,230,2.1557862334277917,2.834209513674023,1.0,0.0,0.0,1.0,0.0,0.0
10,230,6.591945937105648,2.66771080115759,0.0,1.0,0.0,0.0,0.0,0.0
11,230,1.8839568069615464,1.7632089469542822,0.0,0.0,1.0,0.0,0.0,0.0
12,230,5.178273623552315,0.2440020261743964,1.0,0.0,0.0,0.0,0.0,0.0
13,230,0.0,4.82250755170205,0.0,0.0,1.0,0.0,0.0,0.0
14,230,0.0,8.423327379153973,0.0,0.0,1.0,1.0,1.0,0.0
0,235,7.305907072232886,11.386653079495805,1.0,1.0,0.0,0.0,0.0,1.0
1,235,11.912898816268598,8.930123772482808,1.0,0.0,1.0,0.0,0.0,1.0
2,235,7.391503799778885,11.592500569817323,0.0,1.0,0.0,0.0,0.0,0.0
3,235,4.967602509645764,4.980085066965659,1.0,1.0,0.0,0.0,0.0,0.0
4,235,8.092966400850116,10.888317403652836,0.0,0.0,0.0,1.0,0.0,1.0
5,235,2.735959173502551,8.23469419161687,0.0,1.0,0.0,0.0,0.0,0.0
6,235,6.551200548817603,0.0,0.0,0.0,0.0,0.0,0.0,1.0
7,235,10.238076076706564,0.0,0.0,0.0,1.0,1.0,0.0,0.0
8,235,2.630509108729524,8.362614149678576,1.0,0.0,0.0,0.0,1.0,0.0
9,235,2.178621878428905,2.834380536911712,1.0,0.0,0.0,1.0,0.0,0.0
10,235,6.596100177873118,2.7080535695631203,0.0,1.0,0.0,0.0,0.0,0.0
11,235,2.033267177635849,1.6553665193383509,0.0,0.0,1.0,0.0,0.0,0.0
12,235,5.222726124075627,0.2479570103436501,1.0,0.0,0.0,0.0,0.0,0.0
13,235,0.0,4.941059708252914,0.0,0.0,1.0,0.0,0.0,0.0
14,235,0.0,8.438679183935372,0.0,0.0,1.0,1.0,1.0,0.0
0,240,7.380025670475915,11.32171765278854,1.0,1.0,0.0,0.0,0.0,1.0
1,240,12.0,8.881124080364945,1.0,0.0,1.0,0.0,0.0,1.0
2,240,7.4152022629036916,11.58318982293079,0.0,1.0,0.0,0.0,0.0,0.0
3,240,4.901387015593418,4.918185176825592,1.0,1.0,0.0,0.0,0.0,0.0
4,240,8.100203521486426,10.863265624893252,0.0,0.0,0.0,1.0,0.0,1.0
5,240,2.682157553791079,8.22606778466414,0.0,1.0,0.0,0.0,0.0,0.0
6,240,6.604349893476682,0.0,0.0,0.0,0.0,0.0,0.0,1.0
7,240,10.216927176167491,0.0,0.0,0.0,1.0,1.0,0.0,0.0
8,240,2.4940006710822096,8.339785162600885,1.0,0.0,0.0,0.0,1.0,0.0
9,240,2.1941662668150235,2.83456955198756,1.0,0.0,0.0,1.0,0.0,0.0
10,240,6.601787874497608,2.766379459921475,0.0,1.0,0.0,0.0,0.0,0.0
11,240,2.170012378703804,1.5553847846933742,0.0,0.0,1.0,0.0,0.0,0.0
12,240,5.27260974647561,0.2523195655236104,1.0,0.0,0.0,0.0,0.0,0.0
13,240,0.0,5.039310281988264,0.0,0.0,1.0,0.0,0.0,0.0
14,240,0.0,8.457438832637202,0.0,0.0,1.0,1.0,1.0,0.0
0,245,7.474837949831739,11.240792834043384,1.0,1.0,0.0,0.0,0.0,1.0
1,245,12.0,8.834294334121013,1.0,0.0,1.0,0.0,0.0,1.0
2,245,7.455760406436387,11.56741960159737,0.0,1.0,0.0,0.0,0.0,0.0
3,245,4.83210873740293,4.850626600140326,1.0,1.0,0.0,0.0,0.0,0.0
4,245,8.104169702878313,10.850960642465392,0.0,0.0,0.0,1.0,0.0,1.0
5,245,2.645548236565571,8.22003395944201,0.0,1.0,0.0,0.0,0.0,0.0
6,245,6.6679150614051865,0.0,0.0,0.0,0.0,0.0,0.0,1.0
7,245,10.190463300761662,0.0,0.0,0.0,1.0,1.0,0.0,0.0
8,245,2.373967537300345,8.316060321468623,1.0,0.0,0.0,0.0,1.0,0.0
9,245,2.2244092910660926,2.834262801820038,1.0,0.0,0.0,1.0,0.0,0.0
10,245,6.609815860146553,2.83879372711693,0.0,1.0,0.0,0.0,0.0,0.0
11,245,2.311468678934282,1.443918120600206,0.0,0.0,1.0,0.0,0.0,0.0
12,245,5.306655590236725,0.2547458094958852,1.0,0.0,0.0,0.0,0.0,0.0
13,245,0.0,5.112390927445629,0.0,0.0,1.0,0.0,0.0,0.0
14,245,0.0,8.484647463489225,0.0,0.0,1.0,1.0,1.0,0.0
0,250,7.549337771734153,11.179178452693003,1.0,1.0,0.0,0.0,0.0,1.0
1,250,12.0,8.786879426131614,1.0,0.0,1.0,0.0,0.0,1.0
2,250,7.501519737017087,11.550105359580924,0.0,1.0,0.0,0.0,0.0,0.0
3,250,4.761700532633796,4.781474834295814,1.0,1.0,0.0,0.0,0.0,0.0
4,250,8.110860915250585,10.829559872474324,0.0,0.0,0.0,1.0,0.0,1.0
5,250,2.6100353166104084,8.214554449904885,0.0,1.0,0.0,0.0,0.0,0.0
6,250,6.731721621959922,0.0,0.0,0.0,0.0,0.0,0.0,1.0
7,250,10.16776946907451,0.0,0.0,0.0,1.0,1.0,0.0,0.0
8,250,2.276408214414697,8.297966564237027,1.0,0.0,0.0,0.0,1.0,0.0
9,250,2.250466027379072,2.8346812617861525,1.0,0.0,0.0,1.0,0.0,0.0
10,250,6.618977168360378,2.911807773857761,0.0,1.0,0.0,0.0,0.0,0.0
11,250,2.430189131382252,1.3523728200783596,0.0,0.0,1.0,0.0,0.0,0.0
12,250,5.358578710158713,0.2590473253946952,1.0,0.0,0.0,0.0,0.0,0.0
13,250,0.0,5.172519215874538,0.0,0.0,1.0,0.0,0.0,0.0
14,250,0.0,8.508717835875183,0.0,0.0,1.0,1.0,1.0,0.0
0,255,7.625543550882802,11.110904424303431,1.0,1.0,0.0,0.0,0.0,1.0
1,255,12.0,8.738629140196917,1.0,0.0,1.0,0.0,0.0,1.0
2,255,7.560885819657284,11.526205562326792,0.0,1.0,0.0,0.0,0.0,0.0
3,255,4.695908635337901,4.714184636340939,1.0,1.0,0.0,0.0,0.0,0.0
4,255,8.118815798000984,10.80257332574914,0.0,0.0,0.0,1.0,0.0,1.0
5,255,2.582264442108377,8.210760126689165,0.0,1.0,0.0,0.0,0.0,0.0
6,255,6.7946293240269,0.0,0.0,0.0,0.0,0.0,0.0,1.0
7,255,10.148169565830544,0.0,0.0,0.0,1.0,1.0,0.0,0.0
8,255,2.160629707095129,8.273641790087773,1.0,0.0,0.0,0.0,1.0,0.0
9,255,2.2555623392510413,2.834858434449993,1.0,0.0,0.0,1.0,0.0,0.0
10,255,6.63145112654248,2.998983752886632,0.0,1.0,0.0,0.0,0.0,0.0
11,255,2.557827322753262,1.2628390008015804,0.0,0.0,1.0,0.0,0.0,0.0
12,255,5.404708758652664,0.2627600971262899,1.0,0.0,0.0,0.0,0.0,0.0
13,255,0.0,5.245978397259232,0.0,0.0,1.0,0.0,0.0,0.0
14,255,0.0,8.520723969310273,0.0,0.0,1.0,1.0,1.0,0.0
0,260,7.702933247595844,11.039389137340208,1.0,1.0,0.0,0.0,0.0,1.0
1,260,12.0,8.696559636051244,1.0,0.0,1.0,0.0,0.0,1.0
2,260,7.606569209905008,11.507014169610809,0.0,1.0,0.0,0.0,0.0,0.0
3,260,4.639402975597107,4.653967389932801,1.0,1.0,0.0,0.0,0.0,0.0
4,260,8.130182115874097,10.76392998315641,0.0,0.0,0.0,1.0,0.0,1.0
5,260,2.5635627478351006,8.208302587160867,0.0,1.0,0.0,0.0,0.0,0.0
6,260,6.8587962413047645,0.0,0.0,0.0,0.0,0.0,0.0,1.0
7,260,10.133681385285469,0.0,0.0,0.0,1.0,1.0,0.0,0.0
8,260,2.0294354866456428,8.246371974936162,1.0,0.0,0.0,0.0,1.0,0.0
9,260,2.249447995901018,2.834620373008362,1.0,0.0,0.0,1.0,0.0,0.0
10,260,6.645875799667701,3.104665067479952,0.0,1.0,0.0,0.0,0.0,0.0
11,260,2.6766085679953777,1.179560851026715,0.0,0.0,1.0,0.0,0.0,0.0
12,260,5.4429288829526055,0.2657299733392327,1.0,0.0,0.0,0.0,0.0,0.0
13,260,0.0,5.325655398130021,0.0,0.0,1.0,0.0,0.0,0.0
14,260,0.0,8.52448076110741,0.0,0.0,1.0,1.0,1.0,0.0
0,265,7.795344696210165,10.956647687697206,1.0,1.0,0.0,0.0,0.0,1.0
1,265,12.0,8.662663506218157,1.0,0.0,1.0,0.0,0.0,1.0
2,265,7.648399510885308,11.490570004409868,0.0,1.0,0.0,0.0,0.0,0.0
3,265,4.587201780645493,4.599715740480823,1.0,1.0,0.0,0.0,0.0,0.0
4,265,8.141098102725008,10.724396466275875,0.0,0.0,0.0,1.0,0.0,1.0
5,265,2.535466443427096,8.205515524435057,0.0,1.0,0.0,0.0,0.0,0.0
6,265,6.923042130080005,0.0,0.0,0.0,0.0,0.0,0.0,1.0
7,265,10.125901328388194,0.0,0.0,0.0,1.0,1.0,0.0,0.0
8,265,1.89647286733263,8.22026271786014,1.0,0.0,0.0,0.0,1.0,0.0
9,265,2.2704492345787544,2.835000188822175,1.0,0.0,0.0,1.0,0.0,0.0
10,265,6.661188743781874,3.20930410088261,0.0,1.0,0.0,0.0,0.0,0.0
11,265,2.7892674275818776,1.1013858235640397,0.0,0.0,1.0,0.0,0.0,0.0
12,265,5.465647974656549,0.2676858214277482,1.0,0.0,0.0,0.0,0.0,0.0
13,265,0.0,5.397683538522189,0.0,0.0,1.0,0.0,0.0,0.0
14,265,0.0,8.534399770244221,0.0,0.0,1.0,1.0,1.0,0.0
0,270,7.898076466321889,10.873760496107924,1.0,1.0,0.0,0.0,0.0,1.0
1,270,12.0,8.631043573821254,1.0,0.0,1.0,0.0,0.0,1.0
2,270,7.688389850020235,11.474100548901278,0.0,1.0,0.0,0.0,0.0,0.0
3,270,4.529960211933162,4.541732117714739,1.0,1.0,0.0,0.0,0.0,0.0
4,270,8.155471434914771,10.67661303871077,0.0,0.0,0.0,1.0,0.0,1.0
5,270,2.5126995994332795,8.202452718437254,0.0,1.0,0.0,0.0,0.0,0.0
6,270,6.985440055838845,0.0,0.0,0.0,0.0,0.0,0.0,1.0
7,270,10.125780778395471,0.0,0.0,0.0,1.0,1.0,0.0,0.0
8,270,1.7509601051599517,8.18839977773641,1.0,0.0,0.0,0.0,1.0,0.0
9,270,2.288328847973105,2.835431182602141,1.0,0.0,0.0,1.0,0.0,0.0
10,270,6.674092816706343,3.2969366521094554,0.0,1.0,0.0,0.0,0.0,0.0
11,270,2.9416185199130136,1.002380846327895,0.0,0.0,1.0,0.0,0.0,0.0
12,270,5.486057639538452,0.2690204325546772,1.0,0.0,0.0,0.0,0.0,0.0
13,270,0.0,5.507428312454427,0.0,0.0,1.0,0.0,0.0,0.0
14,270,0.0,8.540458243620186,0.0,0.0,1.0,1.0,1.0,0.0
0,275,8.01569810861365,10.780937392779386,1.0,1.0,0.0,0.0,0.0,1.0
1,275,12.0,8.600622873489467,1.0,0.0,1.0,0.0,0.0,1.0
2,275,7.733884989198301,11.454249410956043,0.0,1.0,0.0,0.0,0.0,0.0
3,275,4.489428935881847,4.50169681453504,1.0,1.0,0.0,0.0,0.0,0.0
4,275,8.168438227585586,10.634909218663624,0.0,0.0,0.0,1.0,0.0,1.0
5,275,2.494081990811382,8.1998684118225,0.0,1.0,0.0,0.0,0.0,0.0
6,275,7.04988905837294,0.0,0.0,0.0,0.0,0.0,0.0,1.0
7,275,10.119876312727062,0.0,0.0,0.0,1.0,1.0,0.0,0.0
8,275,1.630111017156178,8.16340924554217,1.0,0.0,0.0,0.0,1.0,0.0
9,275,2.3115768186522527,2.835188650373941,1.0,0.0,0.0,1.0,0.0,0.0
10,275,6.684657711533356,3.377995208775065,0.0,1.0,0.0,0.0,0.0,0.0
11,275,3.113518269034404,0.8930519155482466,0.0,0.0,1.0,0.0,0.0,0.0
12,275,5.481752173521723,0.2686922430007319,1.0,0.0,0.0,0.0,0.0,0.0
13,275,0.0,5.612386893557434,0.0,0.0,1.0,0.0,0.0,0.0
14,275,0.0,8.550234851854377,0.0,0.0,1.0,1.0,1.0,0.0
0,280,7.925669985421176,10.67019697438884,1.0,1.0,0.0,0.0,0.0,1.0
1,280,12.0,8.570303408776942,1.0,0.0,1.0,0.0,0.0,1.0
2,280,7.783898033987307,11.431685734364464,0.0,1.0,0.0,0.0,0.0,0.0
3,280,4.452137730158597,4.465317391846049,1.0,1.0,0.0,0.0,0.0,0.0
4,280,8.18383240748168,10.589613711428289,0.0,0.0,0.0,1.0,0.0,1.0
5,280,2.4548534696044197,8.193641264915284,0.0,1.0,0.0,0.0,0.0,0.0
6,280,7.121241096336744,0.0,0.0,0.0,0.0,0.0,0.0,1.0
7,280,10.112133349549993,0.0,0.0,0.0,1.0,1.0,0.0,0.0
8,280,1.6007603291981902,8.295099851040208,1.0,0.0,0.0,0.0,1.0,0.0
9,280,2.3389179436176963,2.8349055787495603,1.0,0.0,0.0,1.0,0.0,0.0
10,280,6.694860033525293,3.448813626999225,0.0,1.0,0.0,0.0,0.0,0.0
11,280,3.282943324717285,0.7864308481618353,0.0,0.0,1.0,0.0,0.0,0.0
12,280,5.473247921690393,0.2681448858988423,1.0,0.0,0.0,0.0,0.0,0.0
13,280,0.0,5.737872345022374,0.0,0.0,1.0,0.0,0.0,0.0
14,280,0.0,8.561120415217662,0.0,0.0,1.0,1.0,1.0,0.0
0,285,7.841630806074877,10.569220473290123,1.0,1.0,0.0,0.0,0.0,1.0
1,285,12.0,8.548908808282379,1.0,0.0,1.0,0.0,0.0,1.0
2,285,7.815986038251563,11.417287237323782,0.0,1.0,0.0,0.0,0.0,0.0
3,285,4.411620271193097,4.425056985122003,1.0,1.0,0.0,0.0,0.0,0.0
4,285,8.19507533108314,10.557330599073644,0.0,0.0,0.0,1.0,0.0,1.0
5,285,2.4199889418486142,8.188982215282229,0.0,1.0,0.0,0.0,0.0,0.0
6,285,7.193212068555058,0.0,0.0,0.0,0.0,0.0,0.0,1.0
7,285,10.098703758126856,0.0,0.0,0.0,1.0,1.0,0.0,0.0
8,285,1.5728458060578552,8.401409059590103,1.0,0.0,0.0,0.0,1.0,0.0
9,285,2.369758883047621,2.8339415288912773,1.0,0.0,0.0,1.0,0.0,0.0
10,285,6.70814964845934,3.5334876897282728,0.0,1.0,0.0,0.0,0.0,0.0
11,285,3.4757543238427933,0.6657297539423748,0.0,0.0,1.0,0.0,0.0,0.0
12,285,5.472610546340107,0.2680861030115556,1.0,0.0,0.0,0.0,0.0,0.0
13,285,0.0,5.84034846672911,0.0,0.0,1.0,0.0,0.0,0.0
14,285,0.0,8.564760865999968,0.0,0.0,1.0,1.0,1.0,0.0
0,290,7.751975645518343,10.458636520338777,1.0,1.0,0.0,0.0,0.0,1.0
1,290,12.0,8.522256094107538,1.0,0.0,1.0,0.0,0.0,1.0
2,290,7.8680039448972625,11.393304973243175,0.0,1.0,0.0,0.0,0.0,0.0
3,290,4.388708164560335,4.401476584061017,1.0,1.0,0.0,0.0,0.0,0.0
4,290,8.201175283028212,10.53950536390874,0.0,0.0,0.0,1.0,0.0,1.0
5,290,2.370862156738227,8.182160597985389,0.0,1.0,0.0,0.0,0.0,0.0
6,290,7.265998774983371,0.0,0.0,0.0,0.0,0.0,0.0,1.0
7,290,10.083750168273856,0.0,0.0,0.0,1.0,1.0,0.0,0.0
8,290,1.5454437373432584,8.504038311286315,1.0,0.0,0.0,0.0,1.0,0.0
9,290,2.407730134432624,2.831506994206208,1.0,0.0,0.0,1.0,0.0,0.0
10,290,6.721675664062619,3.6198772194462463,0.0,1.0,0.0,0.0,0.0,0.0
11,290,3.6657878546752154,0.5494284394226107,0.0,0.0,1.0,0.0,0.0,0.0
12,290,5.494010705601052,0.2693744286818751,1.0,0.0,0.0,0.0,0.0,0.0
13,290,0.0,5.943909424105376,0.0,0.0,1.0,0.0,0.0,0.0
14,290,0.0,8.56904757025113,0.0,0.0,1.0,1.0,1.0,0.0
0,295,7.647285786220525,10.32907838230024,1.0,1.0,0.0,0.0,0.0,1.0
1,295,12.0,8.490763352320148,1.0,0.0,1.0,0.0,0.0,1.0
2,295,7.925756894678412,11.365220265906112,0.0,1.0,0.0,0.0,0.0,0.0
3,295,4.379993677664014,4.3924771241357785,1.0,1.0,0.0,0.0,0.0,0.0
4,295,8.209843818221888,10.517241227023211,0.0,0.0,0.0,1.0,0.0,1.0
5,295,2.3369896029992314,8.176849809988887,0.0,1.0,0.0,0.0,0.0,0.0
6,295,7.338660462786289,0.0,0.0,0.0,0.0,0.0,0.0,1.0
7,295,10.070735336526424,0.0,0.0,0.0,1.0,1.0,0.0,0.0
8,295,1.519664030459587,8.597991487338422,1.0,0.0,0.0,0.0,1.0,0.0
9,295,2.4439647301046232,2.829131548263814,1.0,0.0,0.0,1.0,0.0,0.0
10,295,6.733291697017796,3.689119644635075,0.0,1.0,0.0,0.0,0.0,0.0
11,295,3.554418884634538,0.3681550035740076,0.0,0.0,1.0,0.0,0.0,0.0
12,295,5.506015408806076,0.270000904866092,1.0,0.0,0.0,0.0,0.0,0.0
13,295,0.0,6.04888225020601,0.0,0.0,1.0,0.0,0.0,0.0
14,295,0.0,8.569758862738732,0.0,0.0,1.0,1.0,1.0,0.0
