0,0.06241016089916229
5,0.045579420402646065
10,0.044537490233778954
15,0.036807903088629246
20,0.03661658288910985
25,0.03666095808148384
30,0.03682877402752638
35,0.03666193597018719
40,0.036790593061596155
45,0.03676131786778569
50,0.03671649098396301
55,0.036692028399556875
60,0.036999563220888376
65,0.036706996615976095
70,0.036710002925246954
75,0.03662107605487108
80,0.03678977908566594
85,0.03666396206244826
90,0.03665712010115385
95,0.03671025997027755
100,0.03670621383935213
105,0.036662507802248
110,0.03681624820455909
115,0.036679123993963
120,0.036643148865550756
125,0.03664981806650758
130,0.03665310703217983
135,0.03669757675379515
140,0.036704621743410826
145,0.036629628855735064
150,0.036609712056815624
155,0.0366706931963563
160,0.036775619722902775
165,0.03669162979349494
170,0.03666198905557394
175,0.03671587398275733
180,0.03668126603588462
185,0.0366926291026175
190,0.036638819612562656
195,0.036673211958259344
200,0.036727163940668106
205,0.03669539326801896
210,0.03661915101110935
215,0.036633361130952835
220,0.03668672777712345
225,0.036580679938197136
230,0.036592308431863785
235,0.036565322894603014
240,0.0366065688431263
245,0.0365248410962522
250,0.0365962041541934
255,0.03659046208485961
260,0.036607088055461645
265,0.0366240069270134
270,0.03653739485889673
275,0.036627949215471745
280,0.03660300187766552
285,0.03664686204865575
290,0.03664080519229174
295,0.036627707071602345
