0,0.4036351856775582
5,0.4077095091342926
10,0.4090661760419607
15,0.40297058690339327
20,0.0593979530967772
25,0.059725731145590544
30,0.05912966327741742
35,0.06504508201032877
40,0.0645335279405117
45,0.06539322296157479
50,0.06505804182961583
55,0.06560326088219881
60,0.06561982305720448
65,0.06531505333259702
70,0.06564776506274939
75,0.06477471580728889
80,0.06559264892712235
85,0.06449450924992561
90,0.06563313584774733
95,0.06552838021889329
100,0.06483329460024834
105,0.06531773693859577
110,0.06512477481737733
115,0.06603861367329955
120,0.06513278419151902
125,0.06457818020135164
130,0.06445020902901888
135,0.05999278975650668
140,0.05986898113042116
145,0.0602543861605227
150,0.05970520293340087
155,0.05946021992713213
160,0.059808480087667704
165,0.0598332779482007
170,0.059593141078948975
175,0.06026123836636543
180,0.059350084979087114
185,0.05921471677720547
190,0.0597109030932188
195,0.060130159836262465
200,0.05955433798953891
205,0.05931089399382472
210,0.05924723483622074
215,0.059940526727586985
220,0.06053620716556907
225,0.05977660929784179
230,0.05958338687196374
235,0.060094933956861496
240,0.05975008802488446
245,0.059814196079969406
250,0.06096058199182153
255,0.059105797205120325
260,0.060111983213573694
265,0.059817631263285875
270,0.05922912806272507
275,0.0783577230758965
280,0.07880096789449453
285,0.0633691088296473
290,0.06424406263977289
295,0.06437633791938424
