0,0,0.0371360431993005,5.972347963905349,0.0,0.0,0.0,0.0,0.0,1.0
1,0,2.9422133809519573,9.9600414173274,0.0,1.0,0.0,0.0,0.0,1.0
2,0,3.026102349006244,4.983719877053801,1.0,0.0,0.0,0.0,1.0,0.0
3,0,7.083717758095941,8.00945089206615,1.0,0.0,0.0,0.0,1.0,1.0
4,0,2.967906188397217,11.990202143780683,0.0,1.0,1.0,0.0,1.0,1.0
5,0,9.978240430243371,10.93633558592169,1.0,0.0,0.0,0.0,1.0,1.0
6,0,3.940296654756221,1.047842968219496,1.0,1.0,0.0,0.0,1.0,0.0
7,0,8.992006375289227,3.9475357863084417,0.0,0.0,1.0,0.0,0.0,0.0
8,0,1.0453435070075998,4.0349266895739975,0.0,1.0,1.0,0.0,1.0,0.0
9,0,0.0,10.001517083504655,0.0,0.0,0.0,0.0,0.0,0.0
10,0,2.0345962942447176,3.006619796402946,0.0,0.0,0.0,0.0,0.0,1.0
11,0,3.994478936899015,0.0,0.0,0.0,1.0,1.0,1.0,0.0
12,0,1.0548531355070123,5.997647074568005,1.0,1.0,0.0,0.0,0.0,1.0
13,0,0.0472342664541337,11.980617195933329,1.0,0.0,0.0,1.0,0.0,1.0
14,0,10.03587028566763,8.956505276067698,0.0,0.0,1.0,0.0,0.0,0.0
15,0,3.969307170977711,9.932685957262066,0.0,1.0,0.0,0.0,0.0,0.0
16,0,0.0,12.0,0.0,0.0,1.0,1.0,0.0,0.0
17,0,5.929076122559578,3.976140962712766,0.0,0.0,0.0,1.0,1.0,0.0
18,0,3.0424400082796863,2.019554564212344,0.0,0.0,1.0,1.0,0.0,1.0
19,0,9.013742120536296,3.0744758161054,0.0,0.0,1.0,0.0,0.0,0.0
0,5,0.0932432921136356,5.926609816301762,0.0,0.0,0.0,0.0,0.0,1.0
1,5,2.8968916186916074,9.9276344817574,0.0,1.0,0.0,0.0,0.0,1.0
2,5,3.046659103858387,4.971705476864394,1.0,0.0,0.0,0.0,1.0,0.0
3,5,7.169847711340226,8.017060805467976,1.0,0.0,0.0,0.0,1.0,1.0
4,5,2.9366251391291294,11.981220050888506,0.0,1.0,1.0,0.0,1.0,1.0
5,5,9.960872079148446,10.880717159263112,1.0,0.0,0.0,0.0,1.0,1.0
6,5,3.890735246485783,1.0878284999625834,1.0,1.0,0.0,0.0,1.0,0.0
7,5,8.928465147987179,3.955889886079042,0.0,0.0,1.0,0.0,0.0,0.0
8,5,1.0965292331740493,4.07696422329624,0.0,1.0,1.0,0.0,1.0,0.0
9,5,0.0,10.003007348265209,0.0,0.0,0.0,0.0,0.0,0.0
10,5,2.0543347522121285,3.0102426635952924,0.0,0.0,0.0,0.0,0.0,1.0
11,5,3.989108357265783,0.0,0.0,0.0,1.0,1.0,1.0,0.0
12,5,1.1024649338130994,5.995983829078902,1.0,1.0,0.0,0.0,0.0,1.0
13,5,0.0683254730236181,11.972430389060714,1.0,0.0,0.0,1.0,0.0,1.0
14,5,10.07261959075595,8.910144376833665,0.0,0.0,1.0,0.0,0.0,0.0
15,5,3.927722377816871,9.843901728723912,0.0,1.0,0.0,0.0,0.0,0.0
16,5,0.0,12.0,0.0,0.0,1.0,1.0,0.0,0.0
17,5,5.852546258917833,3.952864087551225,0.0,0.0,0.0,1.0,1.0,0.0
18,5,3.0875053822565004,2.040764965407204,0.0,0.0,1.0,1.0,0.0,1.0
19,5,9.028612581493654,3.150782932718876,0.0,0.0,1.0,0.0,0.0,0.0
0,10,0.1255072399925969,5.900244511950461,0.0,0.0,0.0,0.0,0.0,1.0
1,10,2.856995816674711,9.897931792309969,0.0,1.0,0.0,0.0,0.0,1.0
2,10,3.063912868945803,4.961838340751541,1.0,0.0,0.0,0.0,1.0,0.0
3,10,7.265963753090462,8.023346589837947,1.0,0.0,0.0,0.0,1.0,1.0
4,10,2.878274151491551,11.964528258636188,0.0,1.0,1.0,0.0,1.0,1.0
5,10,9.943279885086993,10.823886943455392,1.0,0.0,0.0,0.0,1.0,1.0
6,10,3.849682638535094,1.1199538016552502,1.0,1.0,0.0,0.0,1.0,0.0
7,10,8.86384841015028,3.965236755623154,0.0,0.0,1.0,0.0,0.0,0.0
8,10,1.161731304645138,4.127381262164294,0.0,1.0,1.0,0.0,1.0,0.0
9,10,0.0,10.005692386658342,0.0,0.0,0.0,0.0,0.0,0.0
10,10,2.069022553367225,3.012631669824773,0.0,0.0,0.0,0.0,0.0,1.0
11,10,3.983360522523778,0.0,0.0,0.0,1.0,1.0,1.0,0.0
12,10,1.1377955110017866,5.994873738220971,1.0,1.0,0.0,0.0,0.0,1.0
13,10,0.087238075590808,11.96520340587975,1.0,0.0,0.0,1.0,0.0,1.0
14,10,10.10618983810635,8.867635132716616,0.0,0.0,1.0,0.0,0.0,0.0
15,10,3.879416708859688,9.736695225365365,0.0,1.0,0.0,0.0,0.0,0.0
16,10,0.0,12.0,0.0,0.0,1.0,1.0,0.0,0.0
17,10,5.763805412035277,3.9265994676064335,0.0,0.0,0.0,1.0,1.0,0.0
18,10,3.1535678937945844,2.0717835677815875,0.0,0.0,1.0,1.0,0.0,1.0
19,10,9.04071798532024,3.224321960856048,0.0,0.0,1.0,0.0,0.0,0.0
0,15,0.1427839959891128,5.885434708446143,0.0,0.0,0.0,0.0,0.0,1.0
1,15,2.8177317741508934,9.86926557544735,0.0,1.0,0.0,0.0,0.0,1.0
2,15,3.0887649556466834,4.947932223707371,1.0,0.0,0.0,0.0,1.0,0.0
3,15,7.367919289109608,8.031351286029007,1.0,0.0,0.0,0.0,1.0,1.0
4,15,2.8117096159267976,11.944533365370546,0.0,1.0,1.0,0.0,1.0,1.0
5,15,9.928096844911996,10.774337360237162,1.0,0.0,0.0,0.0,1.0,1.0
6,15,3.818902777770944,1.1438666634741477,1.0,1.0,0.0,0.0,1.0,0.0
7,15,8.785972342646348,3.978032836187764,0.0,0.0,1.0,0.0,0.0,0.0
8,15,1.2420449831637492,4.1879176973230585,0.0,1.0,1.0,0.0,1.0,0.0
9,15,0.0,10.00856754696359,0.0,0.0,0.0,0.0,0.0,0.0
10,15,2.0956008101851697,3.017045641359947,0.0,0.0,0.0,0.0,0.0,1.0
11,15,3.9774190736765744,0.0,0.0,0.0,1.0,1.0,1.0,0.0
12,15,1.1578637974761148,5.994363093673809,1.0,1.0,0.0,0.0,0.0,1.0
13,15,0.120060820562159,11.953247496691011,1.0,0.0,0.0,1.0,0.0,1.0
14,15,10.140618370100867,8.82495031117039,0.0,0.0,1.0,0.0,0.0,0.0
15,15,3.834643310584589,9.633722452332975,0.0,1.0,0.0,0.0,0.0,0.0
16,15,0.0,12.0,0.0,0.0,1.0,1.0,0.0,0.0
17,15,5.676386751000615,3.901006858749536,0.0,0.0,0.0,1.0,1.0,0.0
18,15,3.2101439470474755,2.098824513517298,0.0,0.0,1.0,1.0,0.0,1.0
19,15,9.052845883971004,3.2956623154199534,0.0,0.0,1.0,0.0,0.0,0.0
0,20,0.1714589273087112,5.8613899938087926,0.0,0.0,0.0,0.0,0.0,1.0
1,20,2.7705323461346167,9.835080446047716,0.0,1.0,0.0,0.0,0.0,1.0
2,20,3.1156692375224617,4.932996961088892,1.0,0.0,0.0,0.0,1.0,0.0
3,20,7.4727937514855425,8.040581443644681,1.0,0.0,0.0,0.0,1.0,1.0
4,20,2.7574197052256046,11.928971371707547,0.0,1.0,1.0,0.0,1.0,1.0
5,20,9.914806379094792,10.727739243109497,1.0,0.0,0.0,0.0,1.0,1.0
6,20,3.801302116058983,1.1568743234745202,1.0,1.0,0.0,0.0,1.0,0.0
7,20,8.715555777704465,3.987706950282417,0.0,0.0,1.0,0.0,0.0,0.0
8,20,1.3132467963319965,4.24024314780976,0.0,1.0,1.0,0.0,1.0,0.0
9,20,0.0,10.009840972961118,0.0,0.0,0.0,0.0,0.0,0.0
10,20,2.1251262948582674,3.021660333594732,0.0,0.0,0.0,0.0,0.0,1.0
11,20,3.968900891222815,0.0,0.0,0.0,1.0,1.0,1.0,0.0
12,20,1.193256602500395,5.992868677845539,1.0,1.0,0.0,0.0,0.0,1.0
13,20,0.1385297551205829,11.946968970522937,1.0,0.0,0.0,1.0,0.0,1.0
14,20,10.190308017305426,8.760330376682353,0.0,0.0,1.0,0.0,0.0,0.0
15,20,3.7942565730381848,9.532087595609392,0.0,1.0,0.0,0.0,0.0,0.0
16,20,0.0,12.0,0.0,0.0,1.0,1.0,0.0,0.0
17,20,5.601418763201231,3.8814824184213537,0.0,0.0,0.0,1.0,1.0,0.0
18,20,3.2736479155070164,2.13111127080467,0.0,0.0,1.0,1.0,0.0,1.0
19,20,9.0680379635751,3.3758479236259182,0.0,0.0,1.0,0.0,0.0,0.0
0,25,0.195354355127686,5.840245302888194,0.0,0.0,0.0,0.0,0.0,1.0
1,25,2.709528986473573,9.792562602436996,0.0,1.0,0.0,0.0,0.0,1.0
2,25,3.126882549862469,4.926644781177822,1.0,0.0,0.0,0.0,1.0,0.0
3,25,7.581788414839624,8.049263091514533,1.0,0.0,0.0,0.0,1.0,1.0
4,25,2.7084852867867286,11.91398643079922,0.0,1.0,1.0,0.0,1.0,1.0
5,25,9.897965422287388,10.669963534550462,1.0,0.0,0.0,0.0,1.0,1.0
6,25,3.7895789386488383,1.1651454038173312,1.0,1.0,0.0,0.0,1.0,0.0
7,25,8.657839127679399,3.9952137606325087,0.0,0.0,1.0,0.0,0.0,0.0
8,25,1.3907134584074576,4.298067699984314,0.0,1.0,1.0,0.0,1.0,0.0
9,25,0.0,10.010982500361854,0.0,0.0,0.0,0.0,0.0,0.0
10,25,2.165981393135157,3.0285770984135896,0.0,0.0,0.0,0.0,0.0,1.0
11,25,3.9614398509315194,0.0,0.0,0.0,1.0,1.0,1.0,0.0
12,25,1.2562046449126605,5.989360066697969,1.0,1.0,0.0,0.0,0.0,1.0
13,25,0.1463540572571401,11.971648305629984,1.0,0.0,0.0,1.0,0.0,1.0
14,25,10.236526653720391,8.704061786324264,0.0,0.0,1.0,0.0,0.0,0.0
15,25,3.757705350590588,9.447239072587594,0.0,1.0,0.0,0.0,0.0,0.0
16,25,0.0,12.0,0.0,0.0,1.0,1.0,0.0,0.0
17,25,5.526392101181749,3.864083678596591,0.0,0.0,0.0,1.0,1.0,0.0
18,25,3.3380403349990244,2.164731803066516,0.0,0.0,1.0,1.0,0.0,1.0
19,25,9.08972764078065,3.4893802542291983,0.0,0.0,1.0,0.0,0.0,0.0
0,30,0.21817972324983,5.819106733056955,0.0,0.0,0.0,0.0,0.0,1.0
1,30,2.6638522569354213,9.760970411336176,0.0,1.0,0.0,0.0,0.0,1.0
2,30,3.13013658159242,4.924948178113769,1.0,0.0,0.0,0.0,1.0,0.0
3,30,7.690888871213652,8.053733634201317,1.0,0.0,0.0,0.0,1.0,1.0
4,30,2.6504347033571065,11.894976861215856,0.0,1.0,1.0,0.0,1.0,1.0
5,30,9.880601057410946,10.61094972278208,1.0,0.0,0.0,0.0,1.0,1.0
6,30,3.776754940665071,1.1737269262595946,1.0,1.0,0.0,0.0,1.0,0.0
7,30,8.591823654611021,4.002283011433869,0.0,0.0,1.0,0.0,0.0,0.0
8,30,1.4567822102527568,4.347195939621477,0.0,1.0,1.0,0.0,1.0,0.0
9,30,0.0,10.012692321267952,0.0,0.0,0.0,0.0,0.0,0.0
10,30,2.205727018235816,3.035916403775661,0.0,0.0,0.0,0.0,0.0,1.0
11,30,3.9497890906156976,0.0,0.0,0.0,1.0,1.0,1.0,0.0
12,30,1.3148510687730677,5.986188729296251,1.0,1.0,0.0,0.0,0.0,1.0
13,30,0.1606785492578392,12.0,1.0,0.0,0.0,1.0,0.0,1.0
14,30,10.309369136724625,8.614677811422618,0.0,0.0,1.0,0.0,0.0,0.0
15,30,3.715205435911468,9.348403493292148,0.0,1.0,0.0,0.0,0.0,0.0
16,30,0.0,12.0,0.0,0.0,1.0,1.0,0.0,0.0
17,30,5.462905736796516,3.8490624864839336,0.0,0.0,0.0,1.0,1.0,0.0
18,30,3.394332592027183,2.195789727511594,0.0,0.0,1.0,1.0,0.0,1.0
19,30,9.105838686724557,3.5716392154181844,0.0,0.0,1.0,0.0,0.0,0.0
0,35,0.2228786678188992,5.8149646561319015,0.0,0.0,0.0,0.0,0.0,1.0
1,35,2.6238491072053844,9.732928212734354,0.0,1.0,0.0,0.0,0.0,1.0
2,35,3.1226398230576486,4.928646273112448,1.0,0.0,0.0,0.0,1.0,0.0
3,35,7.814071488456127,8.0592912228169,1.0,0.0,0.0,0.0,1.0,1.0
4,35,2.581615040460807,11.871488708574963,0.0,1.0,1.0,0.0,1.0,1.0
5,35,9.859486500568892,10.541230281136697,1.0,0.0,0.0,0.0,1.0,1.0
6,35,3.7659541101460254,1.1809895047913488,1.0,1.0,0.0,0.0,1.0,0.0
7,35,8.540675245413402,4.007917034099991,0.0,0.0,1.0,0.0,0.0,0.0
8,35,1.5237703390377169,4.399825076094437,0.0,1.0,1.0,0.0,1.0,0.0
9,35,0.0,10.013221760830644,0.0,0.0,0.0,0.0,0.0,0.0
10,35,2.252725046363248,3.0443359628256657,0.0,0.0,0.0,0.0,0.0,1.0
11,35,3.93843258870342,0.0,0.0,0.0,1.0,1.0,1.0,0.0
12,35,1.3593889423309662,5.984290930300811,1.0,1.0,0.0,0.0,0.0,1.0
13,35,0.1749493732432675,12.0,1.0,0.0,0.0,1.0,0.0,1.0
14,35,10.373933640949051,8.534742852467645,0.0,0.0,1.0,0.0,0.0,0.0
15,35,3.671723336443539,9.246838743297827,0.0,1.0,0.0,0.0,0.0,0.0
16,35,0.0,12.0,0.0,0.0,1.0,1.0,0.0,0.0
17,35,5.402333073587755,3.834560723944188,0.0,0.0,0.0,1.0,1.0,0.0
18,35,3.4581271677401126,2.2312708592345163,0.0,0.0,1.0,1.0,0.0,1.0
19,35,9.119077433362126,3.6382303687746593,0.0,0.0,1.0,0.0,0.0,0.0
0,40,0.2311200743385767,5.8076846360372425,0.0,0.0,0.0,0.0,0.0,1.0
1,40,2.57598841599716,9.698721937853252,0.0,1.0,0.0,0.0,0.0,1.0
2,40,3.099902354197495,4.939465936430283,1.0,0.0,0.0,0.0,1.0,0.0
3,40,7.909948550335248,8.062428955946219,1.0,0.0,0.0,0.0,1.0,1.0
4,40,2.5053441740247804,11.845089530267844,0.0,1.0,1.0,0.0,1.0,1.0
5,40,9.83089358919015,10.444582218423037,1.0,0.0,0.0,0.0,1.0,1.0
6,40,3.746372116867319,1.1944346409836488,1.0,1.0,0.0,0.0,1.0,0.0
7,40,8.481163870092846,4.016198034512319,0.0,0.0,1.0,0.0,0.0,0.0
8,40,1.5998422055195645,4.457271205207642,0.0,1.0,1.0,0.0,1.0,0.0
9,40,0.0,10.014898260754364,0.0,0.0,0.0,0.0,0.0,0.0
10,40,2.2823283531277285,3.049228508718311,0.0,0.0,0.0,0.0,0.0,1.0
11,40,3.927744764705936,0.0,0.0,0.0,1.0,1.0,1.0,0.0
12,40,1.3842440607608046,5.983097112214287,1.0,1.0,0.0,0.0,0.0,1.0
13,40,0.184201965695241,12.0,1.0,0.0,0.0,1.0,0.0,1.0
14,40,10.435448694651283,8.460872100716292,0.0,0.0,1.0,0.0,0.0,0.0
15,40,3.63095335708463,9.146943494448728,0.0,1.0,0.0,0.0,0.0,0.0
16,40,0.0,12.0,0.0,0.0,1.0,1.0,0.0,0.0
17,40,5.3483392004768415,3.820335491928348,0.0,0.0,0.0,1.0,1.0,0.0
18,40,3.5175566861294065,2.2663135486333066,0.0,0.0,1.0,1.0,0.0,1.0
19,40,9.130339898167222,3.690146492090252,0.0,0.0,1.0,0.0,0.0,0.0
0,45,0.2317747893489261,5.807128848944891,0.0,0.0,0.0,0.0,0.0,1.0
1,45,2.5526581447899264,9.681615057739087,0.0,1.0,0.0,0.0,0.0,1.0
2,45,3.0610900038281788,4.958545460218388,1.0,0.0,0.0,0.0,1.0,0.0
3,45,7.98324175548234,8.063368158692846,1.0,0.0,0.0,0.0,1.0,1.0
4,45,2.426527029715624,11.81735373419236,0.0,1.0,1.0,0.0,1.0,1.0
5,45,9.803626201809546,10.34440416932934,1.0,0.0,0.0,0.0,1.0,1.0
6,45,3.732792542232965,1.2037695771841108,1.0,1.0,0.0,0.0,1.0,0.0
7,45,8.433285368325002,4.0220864356264,0.0,0.0,1.0,0.0,0.0,0.0
8,45,1.6719166319571994,4.513543575162435,0.0,1.0,1.0,0.0,1.0,0.0
9,45,0.0,10.015883281152597,0.0,0.0,0.0,0.0,0.0,0.0
10,45,2.3094560919336424,3.053001181626632,0.0,0.0,0.0,0.0,0.0,1.0
11,45,3.913880581956456,0.0,0.0,0.0,1.0,1.0,1.0,0.0
12,45,1.4179308353468831,5.981326276794432,1.0,1.0,0.0,0.0,0.0,1.0
13,45,0.1875470643495546,12.0,1.0,0.0,0.0,1.0,0.0,1.0
14,45,10.49581588019918,8.382896338769072,0.0,0.0,1.0,0.0,0.0,0.0
15,45,3.600834378499783,9.069966465429744,0.0,1.0,0.0,0.0,0.0,0.0
16,45,0.0,12.0,0.0,0.0,1.0,1.0,0.0,0.0
17,45,5.300559346209914,3.807830615356521,0.0,0.0,0.0,1.0,1.0,0.0
18,45,3.5791407596045617,2.3019951070347675,0.0,0.0,1.0,1.0,0.0,1.0
19,45,9.143426487459122,3.751244806355711,0.0,0.0,1.0,0.0,0.0,0.0
0,50,0.2351405782882368,5.804191599369073,0.0,0.0,0.0,0.0,0.0,1.0
1,50,2.5251653609884204,9.66102607100809,0.0,1.0,0.0,0.0,0.0,1.0
2,50,3.025407416058312,4.976791245322035,1.0,0.0,0.0,0.0,1.0,0.0
3,50,8.049854426043149,8.062244300660529,1.0,0.0,0.0,0.0,1.0,1.0
4,50,2.349896409042521,11.791328691979649,0.0,1.0,1.0,0.0,1.0,1.0
5,50,9.782320718396136,10.25476586869168,1.0,0.0,0.0,0.0,1.0,1.0
6,50,3.727792299406272,1.2070611220842615,1.0,1.0,0.0,0.0,1.0,0.0
7,50,8.409856933836414,4.024942071432959,0.0,0.0,1.0,0.0,0.0,0.0
8,50,1.7561894886242857,4.581008143141366,0.0,1.0,1.0,0.0,1.0,0.0
9,50,0.0,10.016402131260966,0.0,0.0,0.0,0.0,0.0,0.0
10,50,2.3460727096484555,3.0582614027395607,0.0,0.0,0.0,0.0,0.0,1.0
11,50,3.902166663596454,0.0,0.0,0.0,1.0,1.0,1.0,0.0
12,50,1.441088010076795,5.980116874235826,1.0,1.0,0.0,0.0,0.0,1.0
13,50,0.1886976709352363,12.0,1.0,0.0,0.0,1.0,0.0,1.0
14,50,10.561486580800802,8.300274030159063,0.0,0.0,1.0,0.0,0.0,0.0
15,50,3.5668168918347,8.982827672478768,0.0,1.0,0.0,0.0,0.0,0.0
16,50,0.0,12.0,0.0,0.0,1.0,1.0,0.0,0.0
17,50,5.254434474502477,3.7953312519364975,0.0,0.0,0.0,1.0,1.0,0.0
18,50,3.6397703248521793,2.3394561365054343,0.0,0.0,1.0,1.0,0.0,1.0
19,50,9.155671778193298,3.8092800381999705,0.0,0.0,1.0,0.0,0.0,0.0
0,55,0.243109687069814,5.797517892671849,0.0,0.0,0.0,0.0,0.0,1.0
1,55,2.486012300610657,9.632489851789462,0.0,1.0,0.0,0.0,0.0,1.0
2,55,2.979579516110685,5.000840936518217,1.0,0.0,0.0,0.0,1.0,0.0
3,55,8.085513381716071,8.061695511347223,1.0,0.0,0.0,0.0,1.0,1.0
4,55,2.27317475355914,11.763762433803109,0.0,1.0,1.0,0.0,1.0,1.0
5,55,9.75557451549013,10.1537526520187,1.0,0.0,0.0,0.0,1.0,1.0
6,55,3.722734142569358,1.2105251730662232,1.0,1.0,0.0,0.0,1.0,0.0
7,55,8.388894881737432,4.027951427535688,0.0,0.0,1.0,0.0,0.0,0.0
8,55,1.8380692856859484,4.646197685987815,0.0,1.0,1.0,0.0,1.0,0.0
9,55,0.0,10.01754784435893,0.0,0.0,0.0,0.0,0.0,0.0
10,55,2.392859876361384,3.066573025516845,0.0,0.0,0.0,0.0,0.0,1.0
11,55,3.8910850306018654,0.0,0.0,0.0,1.0,1.0,1.0,0.0
12,55,1.479161574922134,5.979095815466224,1.0,1.0,0.0,0.0,0.0,1.0
13,55,0.1884495929519002,11.999026178483629,1.0,0.0,0.0,1.0,0.0,1.0
14,55,10.622517847002104,8.22287100223036,0.0,0.0,1.0,0.0,0.0,0.0
15,55,3.44936408786793,9.032130808386816,0.0,1.0,0.0,0.0,0.0,0.0
16,55,0.0,12.0,0.0,0.0,1.0,1.0,0.0,0.0
17,55,5.219550225335611,3.785058790067352,0.0,0.0,0.0,1.0,1.0,0.0
18,55,3.699833152403659,2.374251357690184,0.0,0.0,1.0,1.0,0.0,1.0
19,55,9.169851005633042,3.887900994902668,0.0,0.0,1.0,0.0,0.0,0.0
0,60,0.2451994900287617,5.795781012021001,0.0,0.0,0.0,0.0,0.0,1.0
1,60,2.4443952875086867,9.60387254844522,0.0,1.0,0.0,0.0,0.0,1.0
2,60,2.9263929456298845,5.0289345002911805,1.0,0.0,0.0,0.0,1.0,0.0
3,60,8.117800522779223,8.061937089777395,1.0,0.0,0.0,0.0,1.0,1.0
4,60,2.199515352621868,11.737809546181124,0.0,1.0,1.0,0.0,1.0,1.0
5,60,9.73067285728215,10.058057730044418,1.0,0.0,0.0,0.0,1.0,1.0
6,60,3.733237643171359,1.2033469528587708,1.0,1.0,0.0,0.0,1.0,0.0
7,60,8.359941087939267,4.031697831155064,0.0,0.0,1.0,0.0,0.0,0.0
8,60,1.9286194115502304,4.720326655666255,0.0,1.0,1.0,0.0,1.0,0.0
9,60,0.0,10.019610883711325,0.0,0.0,0.0,0.0,0.0,0.0
10,60,2.4476000527803485,3.076782861246971,0.0,0.0,0.0,0.0,0.0,1.0
11,60,3.8811255370359112,0.0,0.0,0.0,1.0,1.0,1.0,0.0
12,60,1.5027541616408595,5.978012271438189,1.0,1.0,0.0,0.0,0.0,1.0
13,60,0.1862886178408579,11.990107817719403,1.0,0.0,0.0,1.0,0.0,1.0
14,60,10.685626521370436,8.14080820330549,0.0,0.0,1.0,0.0,0.0,0.0
15,60,3.324785255929958,9.085259727542626,0.0,1.0,0.0,0.0,0.0,0.0
16,60,0.0,12.0,0.0,0.0,1.0,1.0,0.0,0.0
17,60,5.179864193918563,3.774131035896892,0.0,0.0,0.0,1.0,1.0,0.0
18,60,3.750055488932373,2.401891367482327,0.0,0.0,1.0,1.0,0.0,1.0
19,60,9.180692222558989,3.95367077391642,0.0,0.0,1.0,0.0,0.0,0.0
0,65,0.232825628364699,5.8059853796758505,0.0,0.0,0.0,0.0,0.0,1.0
1,65,2.3654191913914158,9.548825557653682,0.0,1.0,0.0,0.0,0.0,1.0
2,65,2.878363150486813,5.0532620720530055,1.0,0.0,0.0,0.0,1.0,0.0
3,65,8.153062150630726,8.062287311261626,1.0,0.0,0.0,0.0,1.0,1.0
4,65,2.1213132228583853,11.708843957301998,0.0,1.0,1.0,0.0,1.0,1.0
5,65,9.69772779377273,9.95077684826,1.0,0.0,0.0,0.0,1.0,1.0
6,65,3.754824871882787,1.1895360379613684,1.0,1.0,0.0,0.0,1.0,0.0
7,65,8.336992846826831,4.034424892554291,0.0,0.0,1.0,0.0,0.0,0.0
8,65,2.0294775528834745,4.797038980937473,0.0,1.0,1.0,0.0,1.0,0.0
9,65,0.0,10.020345656068525,0.0,0.0,0.0,0.0,0.0,0.0
10,65,2.436965392824633,3.137139299038109,0.0,0.0,0.0,0.0,0.0,1.0
11,65,3.960302027617957,0.0,0.0,0.0,1.0,1.0,1.0,0.0
12,65,1.5462156638757294,5.9751349951891735,1.0,1.0,0.0,0.0,0.0,1.0
13,65,0.1878099977280795,11.997151225222275,1.0,0.0,0.0,1.0,0.0,1.0
14,65,10.75675010223561,8.050358057579132,0.0,0.0,1.0,0.0,0.0,0.0
15,65,3.210031317295225,9.129065340566973,0.0,1.0,0.0,0.0,0.0,0.0
16,65,0.0,12.0,0.0,0.0,1.0,1.0,0.0,0.0
17,65,5.148908336786948,3.76664525174972,0.0,0.0,0.0,1.0,1.0,0.0
18,65,3.813335413243685,2.437013016617308,0.0,0.0,1.0,1.0,0.0,1.0
19,65,9.191091229794472,4.017726789800836,0.0,0.0,1.0,0.0,0.0,0.0
0,70,0.2142453146791148,5.821472438943522,0.0,0.0,0.0,0.0,0.0,1.0
1,70,2.303930282987833,9.502645667449972,0.0,1.0,0.0,0.0,0.0,1.0
2,70,2.8117409806779934,5.085616115812054,1.0,0.0,0.0,0.0,1.0,0.0
3,70,8.190343348299045,8.063044623458657,1.0,0.0,0.0,0.0,1.0,1.0
4,70,2.031761325195619,11.674382587986152,0.0,1.0,1.0,0.0,1.0,1.0
5,70,9.665396395286574,9.850523851755106,1.0,0.0,0.0,0.0,1.0,1.0
6,70,3.7838501194515577,1.1709896931302255,1.0,1.0,0.0,0.0,1.0,0.0
7,70,8.307018501897192,4.038004073825873,0.0,0.0,1.0,0.0,0.0,0.0
8,70,2.1375321475968425,4.878444589541194,0.0,1.0,1.0,0.0,1.0,0.0
9,70,0.0,10.020605028715115,0.0,0.0,0.0,0.0,0.0,0.0
10,70,2.4239239875059644,3.211179469091892,0.0,0.0,0.0,0.0,0.0,1.0
11,70,4.043417333645962,0.0,0.0,0.0,1.0,1.0,1.0,0.0
12,70,1.5963097139557358,5.971832969734324,1.0,1.0,0.0,0.0,0.0,1.0
13,70,0.1918436881696437,12.0,1.0,0.0,0.0,1.0,0.0,1.0
14,70,10.827357501688176,7.961114717118841,0.0,0.0,1.0,0.0,0.0,0.0
15,70,3.0877037858602163,9.174334730849951,0.0,1.0,0.0,0.0,0.0,0.0
16,70,0.0,12.0,0.0,0.0,1.0,1.0,0.0,0.0
17,70,5.113007622473867,3.7587751245421535,0.0,0.0,0.0,1.0,1.0,0.0
18,70,3.8888023248790087,2.479374547438403,0.0,0.0,1.0,1.0,0.0,1.0
19,70,9.198867790420715,4.060318992324145,0.0,0.0,1.0,0.0,0.0,0.0
0,75,0.1926019314656061,5.8397258867511495,0.0,0.0,0.0,0.0,0.0,1.0
1,75,2.250640405333537,9.461369700208778,0.0,1.0,0.0,0.0,0.0,1.0
2,75,2.744049092656778,5.118778294791865,1.0,0.0,0.0,0.0,1.0,0.0
3,75,8.245337527472621,8.064815161128495,1.0,0.0,0.0,0.0,1.0,1.0
4,75,1.9339593773965025,11.636242293774622,0.0,1.0,1.0,0.0,1.0,1.0
5,75,9.633558529199115,9.750919905028182,1.0,0.0,0.0,0.0,1.0,1.0
6,75,3.812129546602385,1.1520985497466334,1.0,1.0,0.0,0.0,1.0,0.0
7,75,8.278792937852343,4.04017997101083,0.0,0.0,1.0,0.0,0.0,0.0
8,75,2.2336121052404057,4.950052900074724,0.0,1.0,1.0,0.0,1.0,0.0
9,75,0.0,10.021239787304175,0.0,0.0,0.0,0.0,0.0,0.0
10,75,2.4096834891112784,3.291708297878309,0.0,0.0,0.0,0.0,0.0,1.0
11,75,4.112484416385642,0.0,0.0,0.0,1.0,1.0,1.0,0.0
12,75,1.6414678353230765,5.968233071581141,1.0,1.0,0.0,0.0,0.0,1.0
13,75,0.1946786399463635,12.0,1.0,0.0,0.0,1.0,0.0,1.0
14,75,10.890024924390485,7.882351124853695,0.0,0.0,1.0,0.0,0.0,0.0
15,75,2.964206013606261,9.216315036993656,0.0,1.0,0.0,0.0,0.0,0.0
16,75,0.0,12.0,0.0,0.0,1.0,1.0,0.0,0.0
17,75,5.088874389707501,3.7530902837458417,0.0,0.0,0.0,1.0,1.0,0.0
18,75,3.947594353547472,2.5112719959095195,0.0,0.0,1.0,1.0,0.0,1.0
19,75,9.201274111669568,4.074845901166338,0.0,0.0,1.0,0.0,0.0,0.0
0,80,0.162934806982868,5.864438144452908,0.0,0.0,0.0,0.0,0.0,1.0
1,80,2.196679667055329,9.417494078330506,0.0,1.0,0.0,0.0,0.0,1.0
2,80,2.678121439409732,5.153205311743819,1.0,0.0,0.0,0.0,1.0,0.0
3,80,8.304219302136717,8.066395833035017,1.0,0.0,0.0,0.0,1.0,1.0
4,80,1.8441660214869529,11.602059750994885,0.0,1.0,1.0,0.0,1.0,1.0
5,80,9.600662079627742,9.646796399852388,1.0,0.0,0.0,0.0,1.0,1.0
6,80,3.826392319689714,1.1420287145924597,1.0,1.0,0.0,0.0,1.0,0.0
7,80,8.259044906509903,4.041908153067321,0.0,0.0,1.0,0.0,0.0,0.0
8,80,2.332928804233448,5.021532453632239,0.0,1.0,1.0,0.0,1.0,0.0
9,80,0.0,10.021502213675326,0.0,0.0,0.0,0.0,0.0,0.0
10,80,2.395841954303977,3.370110459171912,0.0,0.0,0.0,0.0,0.0,1.0
11,80,4.185997607906004,0.0,0.0,0.0,1.0,1.0,1.0,0.0
12,80,1.6730762478717112,5.965294075329828,1.0,1.0,0.0,0.0,0.0,1.0
13,80,0.20188076991605,12.0,1.0,0.0,0.0,1.0,0.0,1.0
14,80,10.953737202596049,7.803152583365072,0.0,0.0,1.0,0.0,0.0,0.0
15,80,2.81257595120902,9.266163415580962,0.0,1.0,0.0,0.0,0.0,0.0
16,80,0.0,12.0,0.0,0.0,1.0,1.0,0.0,0.0
17,80,5.088967682085248,3.753112053781324,0.0,0.0,0.0,1.0,1.0,0.0
18,80,4.025265126998718,2.551119868999289,0.0,0.0,1.0,1.0,0.0,1.0
19,80,9.20507131682717,4.09938788382002,0.0,0.0,1.0,0.0,0.0,0.0
0,85,0.120433587815468,5.90214103876184,0.0,0.0,0.0,0.0,0.0,1.0
1,85,2.145602874842627,9.378026185070905,0.0,1.0,0.0,0.0,0.0,1.0
2,85,2.6008991475720915,5.194114088327271,1.0,0.0,0.0,0.0,1.0,0.0
3,85,8.30384568565465,7.986240466094671,1.0,0.0,0.0,0.0,1.0,1.0
4,85,1.7561444538473368,11.568712153883292,0.0,1.0,1.0,0.0,1.0,1.0
5,85,9.5683398480689,9.530905618442477,1.0,0.0,0.0,0.0,1.0,1.0
6,85,3.8515717574882222,1.12314018267478,1.0,1.0,0.0,0.0,1.0,0.0
7,85,8.242622077569012,4.043423489972276,0.0,0.0,1.0,0.0,0.0,0.0
8,85,2.441277382965747,5.099665725908265,0.0,1.0,1.0,0.0,1.0,0.0
9,85,0.0072435223319996,10.020875847594835,0.0,0.0,0.0,0.0,0.0,0.0
10,85,2.386382052287797,3.4267086564355105,0.0,0.0,0.0,0.0,0.0,1.0
11,85,4.260246569454966,0.0,0.0,0.0,1.0,1.0,1.0,0.0
12,85,1.7064390354637098,5.962478046206191,1.0,1.0,0.0,0.0,0.0,1.0
13,85,0.2135216359332545,12.0,1.0,0.0,0.0,1.0,0.0,1.0
14,85,11.033697428753776,7.706160223202119,0.0,0.0,1.0,0.0,0.0,0.0
15,85,2.6724132663781983,9.311550624286133,0.0,1.0,0.0,0.0,0.0,0.0
16,85,0.0,12.0,0.0,0.0,1.0,1.0,0.0,0.0
17,85,5.090472163571429,3.753467201306815,0.0,0.0,0.0,1.0,1.0,0.0
18,85,4.090886379474363,2.5866619221369023,0.0,0.0,1.0,1.0,0.0,1.0
19,85,9.210231813511392,4.133307984664866,0.0,0.0,1.0,0.0,0.0,0.0
0,90,0.0861460832337195,5.931446703645481,0.0,0.0,0.0,0.0,0.0,1.0
1,90,2.091290528802701,9.33790380596955,0.0,1.0,0.0,0.0,0.0,1.0
2,90,2.499754737144409,5.24621426835774,1.0,0.0,0.0,0.0,1.0,0.0
3,90,8.303352620831836,7.901147656749772,1.0,0.0,0.0,0.0,1.0,1.0
4,90,1.661919702230978,11.531202422835689,0.0,1.0,1.0,0.0,1.0,1.0
5,90,9.536574746934036,9.400913588392289,1.0,0.0,0.0,0.0,1.0,1.0
6,90,3.868990228262669,1.1098626527060214,1.0,1.0,0.0,0.0,1.0,0.0
7,90,8.235491573541022,4.044057796057083,0.0,0.0,1.0,0.0,0.0,0.0
8,90,2.571659571334404,5.194478087239288,0.0,1.0,1.0,0.0,1.0,0.0
9,90,0.0193781558714849,10.0199029004835,0.0,0.0,0.0,0.0,0.0,0.0
10,90,2.3731005468984585,3.5126919760912814,0.0,0.0,0.0,0.0,0.0,1.0
11,90,4.322892032845305,0.0,0.0,0.0,1.0,1.0,1.0,0.0
12,90,1.7275815858386845,5.96071734401067,1.0,1.0,0.0,0.0,0.0,1.0
13,90,0.219716928051034,12.0,1.0,0.0,0.0,1.0,0.0,1.0
14,90,11.113417574262588,7.60976544715573,0.0,0.0,1.0,0.0,0.0,0.0
15,90,2.5348832041576554,9.35813845850937,0.0,1.0,0.0,0.0,0.0,0.0
16,90,0.0,12.0,0.0,0.0,1.0,1.0,0.0,0.0
17,90,5.101359591854468,3.756033622896864,0.0,0.0,0.0,1.0,1.0,0.0
18,90,4.183015521090467,2.637107528229077,0.0,0.0,1.0,1.0,0.0,1.0
19,90,9.216357645842672,4.176020288443038,0.0,0.0,1.0,0.0,0.0,0.0
0,95,0.0450461961004449,5.967141320500859,0.0,0.0,0.0,0.0,0.0,1.0
1,95,2.023677219679068,9.287113434845669,0.0,1.0,0.0,0.0,0.0,1.0
2,95,2.3962597310025395,5.300394001085727,1.0,0.0,0.0,0.0,1.0,0.0
3,95,8.30237157681212,7.825055209916404,1.0,0.0,0.0,0.0,1.0,1.0
4,95,1.5673269840219792,11.494472839529942,0.0,1.0,1.0,0.0,1.0,1.0
5,95,9.507994439738544,9.280630150676052,1.0,0.0,0.0,0.0,1.0,1.0
6,95,3.887231945530282,1.0965129791295447,1.0,1.0,0.0,0.0,1.0,0.0
7,95,8.213022754144895,4.045592226677052,0.0,0.0,1.0,0.0,0.0,0.0
8,95,2.712374087002174,5.2975068695494185,0.0,1.0,1.0,0.0,1.0,0.0
9,95,0.0200847820465124,10.019853792070762,0.0,0.0,0.0,0.0,0.0,0.0
10,95,2.360586464178809,3.5960898457680712,0.0,0.0,0.0,0.0,0.0,1.0
11,95,4.375345734797788,0.0,0.0,0.0,1.0,1.0,1.0,0.0
12,95,1.7518817016487802,5.958833208703572,1.0,1.0,0.0,0.0,0.0,1.0
13,95,0.2284868560225411,12.0,1.0,0.0,0.0,1.0,0.0,1.0
14,95,11.198848727305506,7.50954560940614,0.0,0.0,1.0,0.0,0.0,0.0
15,95,2.390427369397779,9.405505676522989,0.0,1.0,0.0,0.0,0.0,0.0
16,95,0.0,12.0,0.0,0.0,1.0,1.0,0.0,0.0
17,95,5.1167250800867095,3.7598493444800383,0.0,0.0,0.0,1.0,1.0,0.0
18,95,4.277001310424959,2.690916917652012,0.0,0.0,1.0,1.0,0.0,1.0
19,95,9.220172180664711,4.203466559717563,0.0,0.0,1.0,0.0,0.0,0.0
0,100,0.0146592253922999,5.994293444864487,0.0,0.0,0.0,0.0,0.0,1.0
1,100,1.9354915251758096,9.219629883529498,0.0,1.0,0.0,0.0,0.0,1.0
2,100,2.301366963556086,5.3522443133064925,1.0,0.0,0.0,0.0,1.0,0.0
3,100,8.300285060591689,7.75839510206036,1.0,0.0,0.0,0.0,1.0,1.0
4,100,1.473529074491531,11.460617962350256,0.0,1.0,1.0,0.0,1.0,1.0
5,100,9.48163331604708,9.171075965515564,1.0,0.0,0.0,0.0,1.0,1.0
6,100,3.915269967167319,1.0754768105764496,1.0,1.0,0.0,0.0,1.0,0.0
7,100,8.205959421387693,4.046082906042177,0.0,0.0,1.0,0.0,0.0,0.0
8,100,2.86106375780187,5.400924062837068,0.0,1.0,1.0,0.0,1.0,0.0
9,100,0.0112513656123068,10.020385532262395,0.0,0.0,0.0,0.0,0.0,0.0
10,100,2.348045980481765,3.678796487770728,0.0,0.0,0.0,0.0,0.0,1.0
11,100,4.441084790749592,0.0,0.0,0.0,1.0,1.0,1.0,0.0
12,100,1.7783846044690448,5.956544526414064,1.0,1.0,0.0,0.0,0.0,1.0
13,100,0.2370161336304165,12.0,1.0,0.0,0.0,1.0,0.0,1.0
14,100,11.285673074331593,7.414296961105624,0.0,0.0,1.0,0.0,0.0,0.0
15,100,2.2603247431048654,9.447210560344391,0.0,1.0,0.0,0.0,0.0,0.0
16,100,0.0,12.0,0.0,0.0,1.0,1.0,0.0,0.0
17,100,5.138186042014009,3.764562577579984,0.0,0.0,0.0,1.0,1.0,0.0
18,100,4.364064610916935,2.740896266667886,0.0,0.0,1.0,1.0,0.0,1.0
19,100,9.224953417992172,4.236849538354136,0.0,0.0,1.0,0.0,0.0,0.0
0,105,0.0,6.032893679314906,0.0,0.0,0.0,0.0,0.0,1.0
1,105,1.8479445185180616,9.149340117625975,0.0,1.0,0.0,0.0,0.0,1.0
2,105,2.2277140618876685,5.390169870528302,1.0,0.0,0.0,0.0,1.0,0.0
3,105,8.29821989547853,7.66638325197292,1.0,0.0,0.0,0.0,1.0,1.0
4,105,1.3674261077390646,11.421160193271383,0.0,1.0,1.0,0.0,1.0,1.0
5,105,9.455274465102272,9.056943122077334,1.0,0.0,0.0,0.0,1.0,1.0
6,105,3.930452634317085,1.0644595570291542,1.0,1.0,0.0,0.0,1.0,0.0
7,105,8.219472189173622,4.044870731142907,0.0,0.0,1.0,0.0,0.0,0.0
8,105,3.0234977099921405,5.507552684540989,0.0,1.0,1.0,0.0,1.0,0.0
9,105,0.0061811497386216,10.020701576451176,0.0,0.0,0.0,0.0,0.0,0.0
10,105,2.333750218863683,3.7814887292715818,0.0,0.0,0.0,0.0,0.0,1.0
11,105,4.524140783682178,0.0,0.0,0.0,1.0,1.0,1.0,0.0
12,105,1.8138683585988475,5.9534891281952405,1.0,1.0,0.0,0.0,0.0,1.0
13,105,0.2398734647713433,12.0,1.0,0.0,0.0,1.0,0.0,1.0
14,105,11.377337393018744,7.309663107881063,0.0,0.0,1.0,0.0,0.0,0.0
15,105,2.152230069224736,9.482651320517263,0.0,1.0,0.0,0.0,0.0,0.0
16,105,0.0,12.0,0.0,0.0,1.0,1.0,0.0,0.0
17,105,5.14537629483409,3.766335009894157,0.0,0.0,0.0,1.0,1.0,0.0
18,105,4.460246767998186,2.794711396636575,0.0,0.0,1.0,1.0,0.0,1.0
19,105,9.233286203162873,4.289677715326828,0.0,0.0,1.0,0.0,0.0,0.0
0,110,0.0,6.048717565563167,0.0,0.0,0.0,0.0,0.0,1.0
1,110,1.745961126394955,9.072122895494916,0.0,1.0,0.0,0.0,0.0,1.0
2,110,2.16660770146289,5.422538417898427,1.0,0.0,0.0,0.0,1.0,0.0
3,110,8.300070692208042,7.5713606185233395,1.0,0.0,0.0,0.0,1.0,1.0
4,110,1.2632944752396549,11.379075208130544,0.0,1.0,1.0,0.0,1.0,1.0
5,110,9.429815567725637,8.946905148222895,1.0,0.0,0.0,0.0,1.0,1.0
6,110,3.940417076757652,1.057235624279571,1.0,1.0,0.0,0.0,1.0,0.0
7,110,8.228495495783525,4.04407783740241,0.0,0.0,1.0,0.0,0.0,0.0
8,110,3.1765358779455988,5.60769846606453,0.0,1.0,1.0,0.0,1.0,0.0
9,110,0.0,10.021457915585437,0.0,0.0,0.0,0.0,0.0,0.0
10,110,2.317246334303691,3.889403372337235,0.0,0.0,0.0,0.0,0.0,1.0
11,110,4.614766650905241,0.0,0.0,0.0,1.0,1.0,1.0,0.0
12,110,1.8713551654603304,5.94884122699142,1.0,1.0,0.0,0.0,0.0,1.0
13,110,0.2413753858898541,12.0,1.0,0.0,0.0,1.0,0.0,1.0
14,110,11.47364677684516,7.204996985739099,0.0,0.0,1.0,0.0,0.0,0.0
15,110,2.0329842589059024,9.519682976080215,0.0,1.0,0.0,0.0,0.0,0.0
16,110,0.0,12.0,0.0,0.0,1.0,1.0,0.0,0.0
17,110,5.145763135963965,3.766429442283924,0.0,0.0,0.0,1.0,1.0,0.0
18,110,4.413276055215602,2.880788852982584,0.0,0.0,1.0,1.0,0.0,1.0
19,110,9.235998658822815,4.308307453552135,0.0,0.0,1.0,0.0,0.0,0.0
0,115,0.0,6.070190328965063,0.0,0.0,0.0,0.0,0.0,1.0
1,115,1.6444876966074902,8.997760158773115,0.0,1.0,0.0,0.0,0.0,1.0
2,115,2.077570666342053,5.471171929873915,1.0,0.0,0.0,0.0,1.0,0.0
3,115,8.301124086972921,7.460593075553234,1.0,0.0,0.0,0.0,1.0,1.0
4,115,1.1521925584713422,11.3335389843674,0.0,1.0,1.0,0.0,1.0,1.0
5,115,9.405592120226462,8.83748928638092,1.0,0.0,0.0,0.0,1.0,1.0
6,115,3.954914907830456,1.0465072904318964,1.0,1.0,0.0,0.0,1.0,0.0
7,115,8.238409006001659,4.043074138498664,0.0,0.0,1.0,0.0,0.0,0.0
8,115,3.336204739827182,5.70842861468898,0.0,1.0,1.0,0.0,1.0,0.0
9,115,0.0,10.021600951495298,0.0,0.0,0.0,0.0,0.0,0.0
10,115,2.296346776892979,4.024316408294173,0.0,0.0,0.0,0.0,0.0,1.0
11,115,4.702633922405703,0.0,0.0,0.0,1.0,1.0,1.0,0.0
12,115,1.9248958758003971,5.943674949048909,1.0,1.0,0.0,0.0,0.0,1.0
13,115,0.2440762816374958,12.0,1.0,0.0,0.0,1.0,0.0,1.0
14,115,11.57695330017064,7.091135748242263,0.0,0.0,1.0,0.0,0.0,0.0
15,115,1.9093182244897464,9.558144865336985,0.0,1.0,0.0,0.0,0.0,0.0
16,115,0.0,12.0,0.0,0.0,1.0,1.0,0.0,0.0
17,115,5.150485885575308,3.767620924808045,0.0,0.0,0.0,1.0,1.0,0.0
18,115,4.371017900598595,2.9609365626206903,0.0,0.0,1.0,1.0,0.0,1.0
19,115,9.238947309956933,4.329454358592362,0.0,0.0,1.0,0.0,0.0,0.0
0,120,0.0,6.100099226939916,0.0,0.0,0.0,0.0,0.0,1.0
1,120,1.5390794049550929,8.921526393964047,0.0,1.0,0.0,0.0,0.0,1.0
2,120,2.000016888342066,5.511001097043503,1.0,0.0,0.0,0.0,1.0,0.0
3,120,8.304581638310756,7.379282307308646,1.0,0.0,0.0,0.0,1.0,1.0
4,120,1.0395932562191088,11.28764674207376,0.0,1.0,1.0,0.0,1.0,1.0
5,120,9.383843397880534,8.75429469098531,1.0,0.0,0.0,0.0,1.0,1.0
6,120,3.978868530636191,1.0289995559971528,1.0,1.0,0.0,0.0,1.0,0.0
7,120,8.276872518145552,4.040149203717644,0.0,0.0,1.0,0.0,0.0,0.0
8,120,3.5085022375651373,5.82011306327314,0.0,1.0,1.0,0.0,1.0,0.0
9,120,0.0,10.021988833569427,0.0,0.0,0.0,0.0,0.0,0.0
10,120,2.269330230628253,4.167207941681119,0.0,0.0,0.0,0.0,0.0,1.0
11,120,4.808021102270495,0.0,0.0,0.0,1.0,1.0,1.0,0.0
12,120,1.9716821326715224,5.939069011390955,1.0,1.0,0.0,0.0,0.0,1.0
13,120,0.25225219952228,12.0,1.0,0.0,0.0,1.0,0.0,1.0
14,120,11.66865549569386,6.988626070977963,0.0,0.0,1.0,0.0,0.0,0.0
15,120,1.787104207932319,9.594413994463777,0.0,1.0,0.0,0.0,0.0,0.0
16,120,0.0,12.0,0.0,0.0,1.0,1.0,0.0,0.0
17,120,5.163108071046019,3.770997352507007,0.0,0.0,0.0,1.0,1.0,0.0
18,120,4.321193903013333,3.0491909451093107,0.0,0.0,1.0,1.0,0.0,1.0
19,120,9.241531346926374,4.3476010441821575,0.0,0.0,1.0,0.0,0.0,0.0
0,125,0.0,6.134780439035141,0.0,0.0,0.0,0.0,0.0,1.0
1,125,1.4287694167372027,8.835971731423399,0.0,1.0,0.0,0.0,0.0,1.0
2,125,1.921161308875757,5.548136801698241,1.0,0.0,0.0,0.0,1.0,0.0
3,125,8.30433995953129,7.298315878596469,1.0,0.0,0.0,0.0,1.0,1.0
4,125,0.9368413910773572,11.244648054526662,0.0,1.0,1.0,0.0,1.0,1.0
5,125,9.369991711338152,8.685788424824587,1.0,0.0,0.0,0.0,1.0,1.0
6,125,4.0068585624383495,1.0079235305759906,1.0,1.0,0.0,0.0,1.0,0.0
7,125,8.317485435378154,4.037574075063342,0.0,0.0,1.0,0.0,0.0,0.0
8,125,3.6852418602943473,5.937532968941931,0.0,1.0,1.0,0.0,1.0,0.0
9,125,0.0,10.022791916160577,0.0,0.0,0.0,0.0,0.0,0.0
10,125,2.241311886729333,4.303224072643498,0.0,0.0,0.0,0.0,0.0,1.0
11,125,4.884340186991484,0.0,0.0,0.0,1.0,1.0,1.0,0.0
12,125,2.0099910577796494,5.93456872488472,1.0,1.0,0.0,0.0,0.0,1.0
13,125,0.2649684349586,12.0,1.0,0.0,0.0,1.0,0.0,1.0
14,125,11.767760276403186,6.880464227609067,0.0,0.0,1.0,0.0,0.0,0.0
15,125,1.6609065737015782,9.630348934303251,0.0,1.0,0.0,0.0,0.0,0.0
16,125,0.0,12.0,0.0,0.0,1.0,1.0,0.0,0.0
17,125,5.165881974432208,3.7718115261563456,0.0,0.0,0.0,1.0,1.0,0.0
18,125,4.266659337285619,3.146702279801472,0.0,0.0,1.0,1.0,0.0,1.0
19,125,9.246202639098572,4.37669976982472,0.0,0.0,1.0,0.0,0.0,0.0
0,130,0.0,6.164116158834751,0.0,0.0,0.0,0.0,0.0,1.0
1,130,1.3021383645960525,8.73941943115336,0.0,1.0,0.0,0.0,0.0,1.0
2,130,1.818119666676164,5.597054074312157,1.0,0.0,0.0,0.0,1.0,0.0
3,130,8.306103817872673,7.197019391331428,1.0,0.0,0.0,0.0,1.0,1.0
4,130,0.8427166027113392,11.208607602179304,0.0,1.0,1.0,0.0,1.0,1.0
5,130,9.3522733157675,8.60811888496007,1.0,0.0,0.0,0.0,1.0,1.0
6,130,4.046547289212305,0.97961423573546,1.0,1.0,0.0,0.0,1.0,0.0
7,130,8.367783776631281,4.03347391099451,0.0,0.0,1.0,0.0,0.0,0.0
8,130,3.866052836507932,6.050606605747672,0.0,1.0,1.0,0.0,1.0,0.0
9,130,0.0,10.023051478793382,0.0,0.0,0.0,0.0,0.0,0.0
10,130,2.218292333423165,4.423076359615205,0.0,0.0,0.0,0.0,0.0,1.0
11,130,4.963869153605224,0.0,0.0,0.0,1.0,1.0,1.0,0.0
12,130,2.030970335089004,5.932104436066648,1.0,1.0,0.0,0.0,0.0,1.0
13,130,0.2841505660258349,12.0,1.0,0.0,0.0,1.0,0.0,1.0
14,130,11.875044874166786,6.762747259207512,0.0,0.0,1.0,0.0,0.0,0.0
15,130,1.5153980473554411,9.674676630090405,0.0,1.0,0.0,0.0,0.0,0.0
16,130,0.0,12.0,0.0,0.0,1.0,1.0,0.0,0.0
17,130,5.166086204379937,3.771870304999432,0.0,0.0,0.0,1.0,1.0,0.0
18,130,4.194334262507694,3.275643542398262,0.0,0.0,1.0,1.0,0.0,1.0
19,130,9.25162943594958,4.410407533169918,0.0,0.0,1.0,0.0,0.0,0.0
0,135,0.0,6.201667256336849,0.0,0.0,0.0,0.0,0.0,1.0
1,135,1.1590200818259833,8.634425040003029,0.0,1.0,0.0,0.0,0.0,1.0
2,135,1.7250607797569917,5.643221427654112,1.0,0.0,0.0,0.0,1.0,0.0
3,135,8.306927798177016,7.115156171487301,1.0,0.0,0.0,0.0,1.0,1.0
4,135,0.7459114096038482,11.172735826021736,0.0,1.0,1.0,0.0,1.0,1.0
5,135,9.336810046004375,8.544802149017205,1.0,0.0,0.0,0.0,1.0,1.0
6,135,4.081819351159289,0.9528315818390516,1.0,1.0,0.0,0.0,1.0,0.0
7,135,8.403743999678829,4.0303339276678685,0.0,0.0,1.0,0.0,0.0,0.0
8,135,4.042091778536617,6.159472534926758,0.0,1.0,1.0,0.0,1.0,0.0
9,135,0.0133820664029845,10.022414201629791,0.0,0.0,0.0,0.0,0.0,0.0
10,135,2.193209016903504,4.534177128788606,0.0,0.0,0.0,0.0,0.0,1.0
11,135,5.0213560226867004,0.0,0.0,0.0,1.0,1.0,1.0,0.0
12,135,2.0436841303369087,5.930575456308778,1.0,1.0,0.0,0.0,0.0,1.0
13,135,0.3084005025180698,12.0,1.0,0.0,0.0,1.0,0.0,1.0
14,135,11.973047606562815,6.658839568495701,0.0,0.0,1.0,0.0,0.0,0.0
15,135,1.35769574724045,9.725885128519922,0.0,1.0,0.0,0.0,0.0,0.0
16,135,0.0,12.0,0.0,0.0,1.0,1.0,0.0,0.0
17,135,5.186469747066431,3.777854640647453,0.0,0.0,0.0,1.0,1.0,0.0
18,135,4.127426948328707,3.4013654838394016,0.0,0.0,1.0,1.0,0.0,1.0
19,135,9.252214827459625,4.413853136283702,0.0,0.0,1.0,0.0,0.0,0.0
0,140,0.0,6.245790621878722,0.0,0.0,0.0,0.0,0.0,1.0
1,140,1.0193235708240644,8.534172468521586,0.0,1.0,0.0,0.0,0.0,1.0
2,140,1.6531301332096522,5.676311621122389,1.0,0.0,0.0,0.0,1.0,0.0
3,140,8.309463351540822,7.047674364657427,1.0,0.0,0.0,0.0,1.0,1.0
4,140,0.6282357845678621,11.1306168253701,0.0,1.0,1.0,0.0,1.0,1.0
5,140,9.323501540377777,8.490413585946781,1.0,0.0,0.0,0.0,1.0,1.0
6,140,4.116624912922015,0.9287302862276235,1.0,1.0,0.0,0.0,1.0,0.0
7,140,8.431168836416497,4.027849471185572,0.0,0.0,1.0,0.0,0.0,0.0
8,140,4.210976165042851,6.257528158886998,0.0,1.0,1.0,0.0,1.0,0.0
9,140,0.0577350126857957,10.020630346603852,0.0,0.0,0.0,0.0,0.0,0.0
10,140,2.164459633635989,4.650495033277323,0.0,0.0,0.0,0.0,0.0,1.0
11,140,5.0825517762788905,0.0,0.0,0.0,1.0,1.0,1.0,0.0
12,140,2.0633999090267188,5.927690252383076,1.0,1.0,0.0,0.0,0.0,1.0
13,140,0.338281176373312,12.0,1.0,0.0,0.0,1.0,0.0,1.0
14,140,12.0,6.564851763390543,0.0,0.0,1.0,0.0,0.0,0.0
15,140,1.2053815885903512,9.77411659157156,0.0,1.0,0.0,0.0,0.0,0.0
16,140,0.0,12.0,0.0,0.0,1.0,1.0,0.0,0.0
17,140,5.205644620701789,3.783235422314082,0.0,0.0,0.0,1.0,1.0,0.0
18,140,4.058612637112738,3.5277406813542664,0.0,0.0,1.0,1.0,0.0,1.0
19,140,9.25201445787548,4.412755812937269,0.0,0.0,1.0,0.0,0.0,0.0
0,145,0.0,6.283523771152443,0.0,0.0,0.0,0.0,0.0,1.0
1,145,0.8624870765488424,8.418129078027796,0.0,1.0,0.0,0.0,0.0,1.0
2,145,1.5711801738454965,5.715943699268438,1.0,0.0,0.0,0.0,1.0,0.0
3,145,8.312582433776312,6.973039037465517,1.0,0.0,0.0,0.0,1.0,1.0
4,145,0.494360886911758,11.085506756194595,0.0,1.0,1.0,0.0,1.0,1.0
5,145,9.30910619793698,8.434512209770485,1.0,0.0,0.0,0.0,1.0,1.0
6,145,4.154738131924644,0.9026157809974604,1.0,1.0,0.0,0.0,1.0,0.0
7,145,8.462715687650412,4.025489300774511,0.0,0.0,1.0,0.0,0.0,0.0
8,145,4.384845184633435,6.351415522246788,0.0,1.0,1.0,0.0,1.0,0.0
9,145,0.1079447746399706,10.016692212958986,0.0,0.0,0.0,0.0,0.0,0.0
10,145,2.134159603369213,4.767744440418998,0.0,0.0,0.0,0.0,0.0,1.0
11,145,5.130548387575776,0.0,0.0,0.0,1.0,1.0,1.0,0.0
12,145,2.0767782624953712,5.925808465915659,1.0,1.0,0.0,0.0,0.0,1.0
13,145,0.3620054387546683,12.0,1.0,0.0,0.0,1.0,0.0,1.0
14,145,12.0,6.465989715557412,0.0,0.0,1.0,0.0,0.0,0.0
15,145,1.0636623620417691,9.821438580079786,0.0,1.0,0.0,0.0,0.0,0.0
16,145,0.0,12.0,0.0,0.0,1.0,1.0,0.0,0.0
17,145,5.227750158502228,3.789509161953766,0.0,0.0,0.0,1.0,1.0,0.0
18,145,4.0035770821015335,3.6310540353766623,0.0,0.0,1.0,1.0,0.0,1.0
19,145,9.250187330778664,4.402130878006007,0.0,0.0,1.0,0.0,0.0,0.0
0,150,0.0,6.309596772073757,0.0,0.0,0.0,0.0,0.0,1.0
1,150,0.7072092864422485,8.307743073595201,0.0,1.0,0.0,0.0,0.0,1.0
2,150,1.4803412537141716,5.762012964575772,1.0,0.0,0.0,0.0,1.0,0.0
3,150,8.312989420712494,6.909277051118473,1.0,0.0,0.0,0.0,1.0,1.0
4,150,0.3725205731355919,11.04482190973982,0.0,1.0,1.0,0.0,1.0,1.0
5,150,9.29070231250511,8.355204253199874,1.0,0.0,0.0,0.0,1.0,1.0
6,150,4.204993956262878,0.8689439279074752,1.0,1.0,0.0,0.0,1.0,0.0
7,150,8.46993263773595,4.0248057653784,0.0,0.0,1.0,0.0,0.0,0.0
8,150,4.562479751858528,6.44176625206724,0.0,1.0,1.0,0.0,1.0,0.0
9,150,0.1691652384777899,10.012150364217824,0.0,0.0,0.0,0.0,0.0,0.0
10,150,2.104566596133557,4.892463452801969,0.0,0.0,0.0,0.0,0.0,1.0
11,150,5.152716642438025,0.0,0.0,0.0,1.0,1.0,1.0,0.0
12,150,2.0777741734087614,5.925668938831627,1.0,1.0,0.0,0.0,0.0,1.0
13,150,0.3847408755056848,12.0,1.0,0.0,0.0,1.0,0.0,1.0
14,150,12.0,6.369315784191933,0.0,0.0,1.0,0.0,0.0,0.0
15,150,0.9147430451337546,9.866503090659856,0.0,1.0,0.0,0.0,0.0,0.0
16,150,0.0,12.0,0.0,0.0,1.0,1.0,0.0,0.0
17,150,5.234075209567627,3.7913597669353374,0.0,0.0,0.0,1.0,1.0,0.0
18,150,3.949495787088968,3.7373481703035063,0.0,0.0,1.0,1.0,0.0,1.0
19,150,9.249098091799295,4.395872169725239,0.0,0.0,1.0,0.0,0.0,0.0
0,155,0.0,6.337734286445073,0.0,0.0,0.0,0.0,0.0,1.0
1,155,0.5511982200898251,8.194510386350789,0.0,1.0,0.0,0.0,0.0,1.0
2,155,1.369983273518024,5.813495930886912,1.0,0.0,0.0,0.0,1.0,0.0
3,155,8.313686354255365,6.852165356914385,1.0,0.0,0.0,0.0,1.0,1.0
4,155,0.2540252040788398,11.007973213748146,0.0,1.0,1.0,0.0,1.0,1.0
5,155,9.26997126475906,8.275440559697197,1.0,0.0,0.0,0.0,1.0,1.0
6,155,4.240275570223622,0.8443403324849404,1.0,1.0,0.0,0.0,1.0,0.0
7,155,8.45339686094592,4.026473716147094,0.0,0.0,1.0,0.0,0.0,0.0
8,155,4.734689859701799,6.532125904868514,0.0,1.0,1.0,0.0,1.0,0.0
9,155,0.2338430945970411,10.008260413675302,0.0,0.0,0.0,0.0,0.0,0.0
10,155,2.0727723437146963,5.023160424075619,0.0,0.0,0.0,0.0,0.0,1.0
11,155,5.181316754669965,0.0,0.0,0.0,1.0,1.0,1.0,0.0
12,155,2.083192106374085,5.924930286745828,1.0,1.0,0.0,0.0,0.0,1.0
13,155,0.4072544558943208,12.0,1.0,0.0,0.0,1.0,0.0,1.0
14,155,12.0,6.280800015105012,0.0,0.0,1.0,0.0,0.0,0.0
15,155,0.7681749274770012,9.915682826578257,0.0,1.0,0.0,0.0,0.0,0.0
16,155,0.0,12.0,0.0,0.0,1.0,1.0,0.0,0.0
17,155,5.258319536173418,3.798695217476758,0.0,0.0,0.0,1.0,1.0,0.0
18,155,3.908641290813127,3.819434748152327,0.0,0.0,1.0,1.0,0.0,1.0
19,155,9.24644682183762,4.380540981755699,0.0,0.0,1.0,0.0,0.0,0.0
0,160,0.0,6.367718910049133,0.0,0.0,0.0,0.0,0.0,1.0
1,160,0.4102340078771739,8.097096278289778,0.0,1.0,0.0,0.0,0.0,1.0
2,160,1.2322883590850249,5.876334153274767,1.0,0.0,0.0,0.0,1.0,0.0
3,160,8.313863950100034,6.758549445990315,1.0,0.0,0.0,0.0,1.0,1.0
4,160,0.1512902372292262,10.97538822286752,0.0,1.0,1.0,0.0,1.0,1.0
5,160,9.25516141100879,8.210860156692808,1.0,0.0,0.0,0.0,1.0,1.0
6,160,4.287477418348012,0.8100027000420699,1.0,1.0,0.0,0.0,1.0,0.0
7,160,8.447680301177671,4.027031165852774,0.0,0.0,1.0,0.0,0.0,0.0
8,160,4.90172097753134,6.613120044983786,0.0,1.0,1.0,0.0,1.0,0.0
9,160,0.3056439475196627,10.005764320482175,0.0,0.0,0.0,0.0,0.0,0.0
10,160,2.0473217392570096,5.143684552934098,0.0,0.0,0.0,0.0,0.0,1.0
11,160,5.204654540612756,0.0,0.0,0.0,1.0,1.0,1.0,0.0
12,160,2.096209721087153,5.923494881708523,1.0,1.0,0.0,0.0,0.0,1.0
13,160,0.424591235551426,12.0,1.0,0.0,0.0,1.0,0.0,1.0
14,160,12.0,6.219957418747537,0.0,0.0,1.0,0.0,0.0,0.0
15,160,0.6145889288809134,9.970665294415936,0.0,1.0,0.0,0.0,0.0,0.0
16,160,0.0,12.0,0.0,0.0,1.0,1.0,0.0,0.0
17,160,5.273622242939113,3.8031069605852,0.0,0.0,0.0,1.0,1.0,0.0
18,160,3.873706831782444,3.8875135212295207,0.0,0.0,1.0,1.0,0.0,1.0
19,160,9.240767797036678,4.34885350362287,0.0,0.0,1.0,0.0,0.0,0.0
0,165,0.0,6.396699878511022,0.0,0.0,0.0,0.0,0.0,1.0
1,165,0.2791831277180271,8.004955453883381,0.0,1.0,0.0,0.0,0.0,1.0
2,165,1.1046856163817815,5.934654983215845,1.0,0.0,0.0,0.0,1.0,0.0
3,165,8.315014791661177,6.669464874151663,1.0,0.0,0.0,0.0,1.0,1.0
4,165,0.0586860542338159,10.946482089662938,0.0,1.0,1.0,0.0,1.0,1.0
5,165,9.244378869181473,8.162981611868018,1.0,0.0,0.0,0.0,1.0,1.0
6,165,4.354172670423529,0.760650329271141,1.0,1.0,0.0,0.0,1.0,0.0
7,165,8.4436994866022,4.027415839250227,0.0,0.0,1.0,0.0,0.0,0.0
8,165,5.05008776556237,6.68637703493188,0.0,1.0,1.0,0.0,1.0,0.0
9,165,0.4026650665250159,10.001763507882416,0.0,0.0,0.0,0.0,0.0,0.0
10,165,2.028638805311052,5.236787109508385,0.0,0.0,0.0,0.0,0.0,1.0
11,165,5.252619819520996,0.0,0.0,0.0,1.0,1.0,1.0,0.0
12,165,2.0762567192179877,5.9257197626168026,1.0,1.0,0.0,0.0,0.0,1.0
13,165,0.4429628678557809,12.0,1.0,0.0,0.0,1.0,0.0,1.0
14,165,12.0,6.178627246232911,0.0,0.0,1.0,0.0,0.0,0.0
15,165,0.4750089517493222,10.019332841095638,0.0,1.0,0.0,0.0,0.0,0.0
16,165,0.0,12.0,0.0,0.0,1.0,1.0,0.0,0.0
17,165,5.277330853899283,3.80408200064916,0.0,0.0,0.0,1.0,1.0,0.0
18,165,3.8401058778038406,3.9495311608661536,0.0,0.0,1.0,1.0,0.0,1.0
19,165,9.231852786633924,4.2966432840270405,0.0,0.0,1.0,0.0,0.0,0.0
0,170,0.0,6.432680433365604,0.0,0.0,0.0,0.0,0.0,1.0
1,170,0.1550168365390703,7.921194381954382,0.0,1.0,0.0,0.0,0.0,1.0
2,170,0.9885004956488967,5.989052930925778,1.0,0.0,0.0,0.0,1.0,0.0
3,170,8.31750831445486,6.573133919799778,1.0,0.0,0.0,0.0,1.0,1.0
4,170,0.0,10.923085311130636,0.0,1.0,1.0,0.0,1.0,1.0
5,170,9.230197490919297,8.095733229323587,1.0,0.0,0.0,0.0,1.0,1.0
6,170,4.409270968422708,0.7203220569039726,1.0,1.0,0.0,0.0,1.0,0.0
7,170,8.438585769251107,4.027687443534915,0.0,0.0,1.0,0.0,0.0,0.0
8,170,5.20604834483953,6.763218824581679,0.0,1.0,1.0,0.0,1.0,0.0
9,170,0.5115282748349942,9.997982369722315,0.0,0.0,0.0,0.0,0.0,0.0
10,170,2.004511535326167,5.34698338243719,0.0,0.0,0.0,0.0,0.0,1.0
11,170,5.313322218669539,0.0,0.0,0.0,1.0,1.0,1.0,0.0
12,170,2.060177897456488,5.927212973535216,1.0,1.0,0.0,0.0,0.0,1.0
13,170,0.462780114931132,12.0,1.0,0.0,0.0,1.0,0.0,1.0
14,170,12.0,6.139024555809685,0.0,0.0,1.0,0.0,0.0,0.0
15,170,0.3254273750510071,10.069813574255807,0.0,1.0,0.0,0.0,0.0,0.0
16,170,0.0,12.0,0.0,0.0,1.0,1.0,0.0,0.0
17,170,5.276047837444628,3.8037126664495697,0.0,0.0,0.0,1.0,1.0,0.0
18,170,3.8061338533384848,4.011741818005617,0.0,0.0,1.0,1.0,0.0,1.0
19,170,9.220837205903454,4.24081233559635,0.0,0.0,1.0,0.0,0.0,0.0
0,175,0.0,6.457739974264285,0.0,0.0,0.0,0.0,0.0,1.0
1,175,0.0703110014844396,8.042066992278372,0.0,1.0,0.0,0.0,0.0,1.0
2,175,0.8627999212125373,6.044963937665075,1.0,0.0,0.0,0.0,1.0,0.0
3,175,8.318675177563032,6.490438779516853,1.0,0.0,0.0,0.0,1.0,1.0
4,175,0.0,10.90219968775462,0.0,1.0,1.0,0.0,1.0,1.0
5,175,9.216402588120578,8.024098628893762,1.0,0.0,0.0,0.0,1.0,1.0
6,175,4.44917700066578,0.6925347521543622,1.0,1.0,0.0,0.0,1.0,0.0
7,175,8.41979397466713,4.029682601905804,0.0,0.0,1.0,0.0,0.0,0.0
8,175,5.365122450679201,6.840650070505293,0.0,1.0,1.0,0.0,1.0,0.0
9,175,0.6264067522092235,9.993563318969723,0.0,0.0,0.0,0.0,0.0,0.0
10,175,1.9826343645200009,5.4506918802010285,0.0,0.0,0.0,0.0,0.0,1.0
11,175,5.370376054429345,0.0,0.0,0.0,1.0,1.0,1.0,0.0
12,175,2.0598879812235467,5.927242352540018,1.0,1.0,0.0,0.0,0.0,1.0
13,175,0.4880701924733808,12.0,1.0,0.0,0.0,1.0,0.0,1.0
14,175,12.0,6.079331297324541,0.0,0.0,1.0,0.0,0.0,0.0
15,175,0.1699094743779463,10.12799153648206,0.0,1.0,0.0,0.0,0.0,0.0
16,175,0.0,12.0,0.0,0.0,1.0,1.0,0.0,0.0
17,175,5.289211563918816,3.807464463320294,0.0,0.0,0.0,1.0,1.0,0.0
18,175,3.767478254614518,4.087346054656029,0.0,0.0,1.0,1.0,0.0,1.0
19,175,9.20672670287196,4.170286224243545,0.0,0.0,1.0,0.0,0.0,0.0
0,180,0.0,6.475242770603575,0.0,0.0,0.0,0.0,0.0,1.0
1,180,0.0,8.158273865849525,0.0,1.0,0.0,0.0,0.0,1.0
2,180,0.733900210241995,6.098815244217682,1.0,0.0,0.0,0.0,1.0,0.0
3,180,8.320824999847977,6.44094376290191,1.0,0.0,0.0,0.0,1.0,1.0
4,180,0.0,10.882216054798343,0.0,1.0,1.0,0.0,1.0,1.0
5,180,9.20252508393308,7.952799415173647,1.0,0.0,0.0,0.0,1.0,1.0
6,180,4.467724478449742,0.6796238909622656,1.0,1.0,0.0,0.0,1.0,0.0
7,180,8.40003774699483,4.032187871081253,0.0,0.0,1.0,0.0,0.0,0.0
8,180,5.530698238919882,6.92661519244304,0.0,1.0,1.0,0.0,1.0,0.0
9,180,0.7390222117857049,9.98827090497856,0.0,0.0,0.0,0.0,0.0,0.0
10,180,1.9607593422250973,5.555086644899284,0.0,0.0,0.0,0.0,0.0,1.0
11,180,5.446196417193879,0.0,0.0,0.0,1.0,1.0,1.0,0.0
12,180,2.053282162640224,5.928043546907897,1.0,1.0,0.0,0.0,0.0,1.0
13,180,0.5128932552888678,12.0,1.0,0.0,0.0,1.0,0.0,1.0
14,180,12.0,6.018231850859813,0.0,0.0,1.0,0.0,0.0,0.0
15,180,0.0040123019851845,10.19113860661256,0.0,1.0,0.0,0.0,0.0,0.0
16,180,0.0,12.0,0.0,0.0,1.0,1.0,0.0,0.0
17,180,5.31000987174471,3.813215780163551,0.0,0.0,0.0,1.0,1.0,0.0
18,180,3.719848670512115,4.183212867053848,0.0,0.0,1.0,1.0,0.0,1.0
19,180,9.189544813466991,4.077262584968244,0.0,0.0,1.0,0.0,0.0,0.0
0,185,0.0,6.507664011572867,0.0,0.0,0.0,0.0,0.0,1.0
1,185,0.0,8.27546577018803,0.0,1.0,0.0,0.0,0.0,1.0
2,185,0.6098681165466783,6.1528237211451104,1.0,0.0,0.0,0.0,1.0,0.0
3,185,8.325741288451567,6.350799708647835,1.0,0.0,0.0,0.0,1.0,1.0
4,185,0.0,10.854441778597025,0.0,1.0,1.0,0.0,1.0,1.0
5,185,9.186542363756148,7.880748341654948,1.0,0.0,0.0,0.0,1.0,1.0
6,185,4.482216704792066,0.6693073974764379,1.0,1.0,0.0,0.0,1.0,0.0
7,185,8.374843395202644,4.035477227056806,0.0,0.0,1.0,0.0,0.0,0.0
8,185,5.442730533274815,7.097598704363761,0.0,1.0,1.0,0.0,1.0,0.0
9,185,0.7444381169196002,10.083250789606188,0.0,0.0,0.0,0.0,0.0,0.0
10,185,1.934833801744374,5.674320354275551,0.0,0.0,0.0,0.0,0.0,1.0
11,185,5.491515022733591,0.0,0.0,0.0,1.0,1.0,1.0,0.0
12,185,2.0564929886216405,5.927696675520652,1.0,1.0,0.0,0.0,0.0,1.0
13,185,0.5410238048229717,12.0,1.0,0.0,0.0,1.0,0.0,1.0
14,185,12.0,5.9459977306019525,0.0,0.0,1.0,0.0,0.0,0.0
15,185,0.0,10.262647561159616,0.0,1.0,0.0,0.0,0.0,0.0
16,185,0.0,12.0,0.0,0.0,1.0,1.0,0.0,0.0
17,185,5.315591058732129,3.8147105986459655,0.0,0.0,0.0,1.0,1.0,0.0
18,185,3.6896211027456114,4.241732355144829,0.0,0.0,1.0,1.0,0.0,1.0
19,185,9.17140307460972,3.970040245959475,0.0,0.0,1.0,0.0,0.0,0.0
0,190,0.0,6.535075582580122,0.0,0.0,0.0,0.0,0.0,1.0
1,190,0.0,8.387983659981819,0.0,1.0,0.0,0.0,0.0,1.0
2,190,0.4745299713018667,6.212866014514979,1.0,0.0,0.0,0.0,1.0,0.0
3,190,8.330999908523347,6.2416033278993845,1.0,0.0,0.0,0.0,1.0,1.0
4,190,0.0,10.831607787819392,0.0,1.0,1.0,0.0,1.0,1.0
5,190,9.16687352951112,7.799583845291888,1.0,0.0,0.0,0.0,1.0,1.0
6,190,4.497464605952062,0.6583791733478365,1.0,1.0,0.0,0.0,1.0,0.0
7,190,8.348736146338478,4.038806575323075,0.0,0.0,1.0,0.0,0.0,0.0
8,190,5.356623730670348,7.26366487936881,0.0,1.0,1.0,0.0,1.0,0.0
9,190,0.747607170957378,10.176058703863964,0.0,0.0,0.0,0.0,0.0,0.0
10,190,1.9047400347890413,5.808062945940843,0.0,0.0,0.0,0.0,0.0,1.0
11,190,5.543906273690219,0.0,0.0,0.0,1.0,1.0,1.0,0.0
12,190,2.0407996354012155,5.9290044680420415,1.0,1.0,0.0,0.0,0.0,1.0
13,190,0.5742829141511404,12.0,1.0,0.0,0.0,1.0,0.0,1.0
14,190,12.0,5.868918509393804,0.0,0.0,1.0,0.0,0.0,0.0
15,190,0.0,10.337476531861515,0.0,1.0,0.0,0.0,0.0,0.0
16,190,0.0,12.0,0.0,0.0,1.0,1.0,0.0,0.0
17,190,5.33148747538043,3.81938136221021,0.0,0.0,0.0,1.0,1.0,0.0
18,190,3.661621676885291,4.298499652724197,0.0,0.0,1.0,1.0,0.0,1.0
19,190,9.148588056130794,3.8577531963330247,0.0,0.0,1.0,0.0,0.0,0.0
0,195,0.0,6.558776588822109,0.0,0.0,0.0,0.0,0.0,1.0
1,195,0.0,8.513169926270026,0.0,1.0,0.0,0.0,0.0,1.0
2,195,0.3426676022708166,6.269138751758017,1.0,0.0,0.0,0.0,1.0,0.0
3,195,8.335073642134509,6.171522792363646,1.0,0.0,0.0,0.0,1.0,1.0
4,195,0.0,10.811483093621556,0.0,1.0,1.0,0.0,1.0,1.0
5,195,9.14748024225587,7.714362570537989,1.0,0.0,0.0,0.0,1.0,1.0
6,195,4.526200027531468,0.6380682620188055,1.0,1.0,0.0,0.0,1.0,0.0
7,195,8.328104064444043,4.041498939800971,0.0,0.0,1.0,0.0,0.0,0.0
8,195,5.26481609314763,7.43679712087742,0.0,1.0,1.0,0.0,1.0,0.0
9,195,0.752479534134419,10.29428184694345,0.0,0.0,0.0,0.0,0.0,0.0
10,195,1.8700316807193704,5.946181050340272,0.0,0.0,0.0,0.0,0.0,1.0
11,195,5.584314985744316,0.0,0.0,0.0,1.0,1.0,1.0,0.0
12,195,2.025624918424864,5.930604934323643,1.0,1.0,0.0,0.0,0.0,1.0
13,195,0.6011708687315434,12.0,1.0,0.0,0.0,1.0,0.0,1.0
14,195,12.0,5.792476249411223,0.0,0.0,1.0,0.0,0.0,0.0
15,195,0.0,10.41780023845522,0.0,1.0,0.0,0.0,0.0,0.0
16,195,0.0,12.0,0.0,0.0,1.0,1.0,0.0,0.0
17,195,5.36742803978044,3.831218173231848,0.0,0.0,0.0,1.0,1.0,0.0
18,195,3.634804756424384,4.355938427861793,0.0,0.0,1.0,1.0,0.0,1.0
19,195,9.124161617386545,3.7397015385682457,0.0,0.0,1.0,0.0,0.0,0.0
0,200,0.0,6.581845304889884,0.0,0.0,0.0,0.0,0.0,1.0
1,200,0.0,8.635248554551037,0.0,1.0,0.0,0.0,0.0,1.0
2,200,0.2181308337975951,6.327496557074917,1.0,0.0,0.0,0.0,1.0,0.0
3,200,8.339355753673736,6.089471287660057,1.0,0.0,0.0,0.0,1.0,1.0
4,200,0.0,10.793077270254352,0.0,1.0,1.0,0.0,1.0,1.0
5,200,9.123859853723268,7.608872239235429,1.0,0.0,0.0,0.0,1.0,1.0
6,200,4.546762217885648,0.6238337820535994,1.0,1.0,0.0,0.0,1.0,0.0
7,200,8.328861608936863,4.041405077090856,0.0,0.0,1.0,0.0,0.0,0.0
8,200,5.16905544944087,7.621024708312461,0.0,1.0,1.0,0.0,1.0,0.0
9,200,0.7593499009450861,10.421160614974138,0.0,0.0,0.0,0.0,0.0,0.0
10,200,1.8406733996654163,6.079298492351057,0.0,0.0,0.0,0.0,0.0,1.0
11,200,5.617756718929437,0.0,0.0,0.0,1.0,1.0,1.0,0.0
12,200,2.01075192140918,5.932086401850159,1.0,1.0,0.0,0.0,0.0,1.0
13,200,0.6304215854114033,12.0,1.0,0.0,0.0,1.0,0.0,1.0
14,200,12.0,5.713587692100672,0.0,0.0,1.0,0.0,0.0,0.0
15,200,0.0,10.497748815050617,0.0,1.0,0.0,0.0,0.0,0.0
16,200,0.0,12.0,0.0,0.0,1.0,1.0,0.0,0.0
17,200,5.417969622066769,3.847519205174346,0.0,0.0,0.0,1.0,1.0,0.0
18,200,3.590666870428079,4.449299843125697,0.0,0.0,1.0,1.0,0.0,1.0
19,200,9.099518611208293,3.632867463916897,0.0,0.0,1.0,0.0,0.0,0.0
0,205,0.0,6.609129083672599,0.0,0.0,0.0,0.0,0.0,1.0
1,205,0.0,8.731573996245817,0.0,1.0,0.0,0.0,0.0,1.0
2,205,0.1045784712407475,6.385012511285057,1.0,0.0,0.0,0.0,1.0,0.0
3,205,8.343554342804715,5.993471070540633,1.0,0.0,0.0,0.0,1.0,1.0
4,205,0.0,10.77761050089719,0.0,1.0,1.0,0.0,1.0,1.0
5,205,9.103363360524114,7.516930617725396,1.0,0.0,0.0,0.0,1.0,1.0
6,205,4.572342445902085,0.6062932202033332,1.0,1.0,0.0,0.0,1.0,0.0
7,205,8.325808507249032,4.041848361829665,0.0,0.0,1.0,0.0,0.0,0.0
8,205,5.076910993016633,7.804536312230571,0.0,1.0,1.0,0.0,1.0,0.0
9,205,0.7668967885983408,10.530923682026224,0.0,0.0,0.0,0.0,0.0,0.0
10,205,1.8113445666035977,6.2153495686168325,0.0,0.0,0.0,0.0,0.0,1.0
11,205,5.649192334427618,0.0,0.0,0.0,1.0,1.0,1.0,0.0
12,205,1.9915191664116627,5.9341534427699685,1.0,1.0,0.0,0.0,0.0,1.0
13,205,0.6558736986669286,12.0,1.0,0.0,0.0,1.0,0.0,1.0
14,205,12.0,5.625821628977858,0.0,0.0,1.0,0.0,0.0,0.0
15,205,0.0,10.575861364322927,0.0,1.0,0.0,0.0,0.0,0.0
16,205,0.0,12.0,0.0,0.0,1.0,1.0,0.0,0.0
17,205,5.473352958072375,3.863929872703248,0.0,0.0,0.0,1.0,1.0,0.0
18,205,3.544310567646014,4.538587486424184,0.0,0.0,1.0,1.0,0.0,1.0
19,205,9.07136344231561,3.511119878217574,0.0,0.0,1.0,0.0,0.0,0.0
0,210,0.0,6.647746150741765,0.0,0.0,0.0,0.0,0.0,1.0
1,210,0.0,8.823282892934387,0.0,1.0,0.0,0.0,0.0,1.0
2,210,0.0,6.442302623603278,1.0,0.0,0.0,0.0,1.0,0.0
3,210,8.349962421702813,5.888832226223262,1.0,0.0,0.0,0.0,1.0,1.0
4,210,0.0,10.764718839113302,0.0,1.0,1.0,0.0,1.0,1.0
5,210,9.090032200394315,7.448053441239417,1.0,0.0,0.0,0.0,1.0,1.0
6,210,4.610102645124992,0.580097879631014,1.0,1.0,0.0,0.0,1.0,0.0
7,210,8.33549093420174,4.040234726640951,0.0,0.0,1.0,0.0,0.0,0.0
8,210,4.977121437492785,8.001128955571923,0.0,1.0,1.0,0.0,1.0,0.0
9,210,0.770236083334423,10.62780819571566,0.0,0.0,0.0,0.0,0.0,0.0
10,210,1.7887548955877748,6.322406075698769,0.0,0.0,0.0,0.0,0.0,1.0
11,210,5.700986124087232,0.0,0.0,0.0,1.0,1.0,1.0,0.0
12,210,1.9530902396010463,5.938396584663841,1.0,1.0,0.0,0.0,0.0,1.0
13,210,0.6794519548288984,12.0,1.0,0.0,0.0,1.0,0.0,1.0
14,210,12.0,5.529067626721655,0.0,0.0,1.0,0.0,0.0,0.0
15,210,0.0,10.662393485147012,0.0,1.0,0.0,0.0,0.0,0.0
16,210,0.0,12.0,0.0,0.0,1.0,1.0,0.0,0.0
17,210,5.518136898977235,3.878434563899953,0.0,0.0,0.0,1.0,1.0,0.0
18,210,3.494691856332081,4.637115935012538,0.0,0.0,1.0,1.0,0.0,1.0
19,210,9.052532862038008,3.411881189475116,0.0,0.0,1.0,0.0,0.0,0.0
0,215,0.0,6.671782442102962,0.0,0.0,0.0,0.0,0.0,1.0
1,215,0.0,8.913017341090653,0.0,1.0,0.0,0.0,0.0,1.0
2,215,0.0,6.49687571997721,1.0,0.0,0.0,0.0,1.0,0.0
3,215,8.35465043762312,5.799150127461004,1.0,0.0,0.0,0.0,1.0,1.0
4,215,0.0,10.753603343906628,0.0,1.0,1.0,0.0,1.0,1.0
5,215,9.074430840386787,7.371075181265533,1.0,0.0,0.0,0.0,1.0,1.0
6,215,4.64670231448629,0.555986021008036,1.0,1.0,0.0,0.0,1.0,0.0
7,215,8.338285072696383,4.039716244845844,0.0,0.0,1.0,0.0,0.0,0.0
8,215,4.873546596543519,8.201076915457124,0.0,1.0,1.0,0.0,1.0,0.0
9,215,0.7718539886977094,10.72094746851298,0.0,0.0,0.0,0.0,0.0,0.0
10,215,1.76327026314648,6.4286781422965245,0.0,0.0,0.0,0.0,0.0,1.0
11,215,5.777201994338872,0.0,0.0,0.0,1.0,1.0,1.0,0.0
12,215,1.9308557400240307,5.940641106792507,1.0,1.0,0.0,0.0,0.0,1.0
13,215,0.6988448730639519,12.0,1.0,0.0,0.0,1.0,0.0,1.0
14,215,12.0,5.452842611178471,0.0,0.0,1.0,0.0,0.0,0.0
15,215,0.0,10.737570049805743,0.0,1.0,0.0,0.0,0.0,0.0
16,215,0.0,12.0,0.0,0.0,1.0,1.0,0.0,0.0
17,215,5.556961526325666,3.891295055211344,0.0,0.0,0.0,1.0,1.0,0.0
18,215,3.4511522682235385,4.725414394947901,0.0,0.0,1.0,1.0,0.0,1.0
19,215,9.033018385045397,3.3194875592917064,0.0,0.0,1.0,0.0,0.0,0.0
0,220,0.0,6.691621575587736,0.0,0.0,0.0,0.0,0.0,1.0
1,220,0.0,9.00761465778577,0.0,1.0,0.0,0.0,0.0,1.0
2,220,0.0,6.560153457059608,1.0,0.0,0.0,0.0,1.0,0.0
3,220,8.35953241585521,5.722204658065238,1.0,0.0,0.0,0.0,1.0,1.0
4,220,0.0,10.746742165127792,0.0,1.0,1.0,0.0,1.0,1.0
5,220,9.060493676430555,7.304991969584156,1.0,0.0,0.0,0.0,1.0,1.0
6,220,4.673855786534763,0.5962471973898233,1.0,1.0,0.0,0.0,1.0,0.0
7,220,8.32100336363577,4.042366568192674,0.0,0.0,1.0,0.0,0.0,0.0
8,220,4.77260102648092,8.39796666671394,0.0,1.0,1.0,0.0,1.0,0.0
9,220,0.7746839633931958,10.811190700605184,0.0,0.0,0.0,0.0,0.0,0.0
10,220,1.7397364724934534,6.534921255762985,0.0,0.0,0.0,0.0,0.0,1.0
11,220,5.841119497816521,0.0,0.0,0.0,1.0,1.0,1.0,0.0
12,220,1.9019230238369604,5.943105848516384,1.0,1.0,0.0,0.0,0.0,1.0
13,220,0.7183184508360906,12.0,1.0,0.0,0.0,1.0,0.0,1.0
14,220,12.0,5.362926166257375,0.0,0.0,1.0,0.0,0.0,0.0
15,220,0.0,10.813372886376772,0.0,1.0,0.0,0.0,0.0,0.0
16,220,0.0,12.0,0.0,0.0,1.0,1.0,0.0,0.0
17,220,5.605770162146134,3.906704666822572,0.0,0.0,0.0,1.0,1.0,0.0
18,220,3.3929870039678875,4.834349384924751,0.0,0.0,1.0,1.0,0.0,1.0
19,220,9.012573673568626,3.222702852729189,0.0,0.0,1.0,0.0,0.0,0.0
0,225,0.0,6.69319981300701,0.0,0.0,0.0,0.0,0.0,1.0
1,225,0.0,9.102545730492425,0.0,1.0,0.0,0.0,0.0,1.0
2,225,0.0,6.625020502414862,1.0,0.0,0.0,0.0,1.0,0.0
3,225,8.363856417960903,5.635129292900233,1.0,0.0,0.0,0.0,1.0,1.0
4,225,0.0,10.742404473217665,0.0,1.0,1.0,0.0,1.0,1.0
5,225,9.044001203442326,7.226140571685042,1.0,0.0,0.0,0.0,1.0,1.0
6,225,4.707864504768326,0.6489642643960631,1.0,1.0,0.0,0.0,1.0,0.0
7,225,8.318986309178978,4.0426207713777655,0.0,0.0,1.0,0.0,0.0,0.0
8,225,4.675132153522009,8.59114280835827,0.0,1.0,1.0,0.0,1.0,0.0
9,225,0.781504927963015,10.911506929934896,0.0,0.0,0.0,0.0,0.0,0.0
10,225,1.709143647417623,6.65513621294726,0.0,0.0,0.0,0.0,0.0,1.0
11,225,5.890626464913336,0.0,0.0,0.0,1.0,1.0,1.0,0.0
12,225,1.8595092598737315,5.947667506739874,1.0,1.0,0.0,0.0,0.0,1.0
13,225,0.7354561689748351,12.0,1.0,0.0,0.0,1.0,0.0,1.0
14,225,12.0,5.288335547618788,0.0,0.0,1.0,0.0,0.0,0.0
15,225,0.0,10.89012746364548,0.0,1.0,0.0,0.0,0.0,0.0
16,225,0.0,12.0,0.0,0.0,1.0,1.0,0.0,0.0
17,225,5.637828888205291,3.917346585792704,0.0,0.0,0.0,1.0,1.0,0.0
18,225,3.3272428354018597,4.95816635326106,0.0,0.0,1.0,1.0,0.0,1.0
19,225,8.99218707558449,3.126439410083255,0.0,0.0,1.0,0.0,0.0,0.0
0,230,0.0054822360736617,6.6886851760330845,0.0,0.0,0.0,0.0,0.0,1.0
1,230,0.0,9.181987536838006,0.0,1.0,0.0,0.0,0.0,1.0
2,230,0.0,6.692056880794869,1.0,0.0,0.0,0.0,1.0,0.0
3,230,8.367563624240844,5.567656769107611,1.0,0.0,0.0,0.0,1.0,1.0
4,230,0.0,10.734065442513588,0.0,1.0,1.0,0.0,1.0,1.0
5,230,9.02417881505288,7.136642438998394,1.0,0.0,0.0,0.0,1.0,1.0
6,230,4.732328939903002,0.688051423944852,1.0,1.0,0.0,0.0,1.0,0.0
7,230,8.310537448820927,4.043372740976517,0.0,0.0,1.0,0.0,0.0,0.0
8,230,4.582496947185471,8.78365145680684,0.0,1.0,1.0,0.0,1.0,0.0
9,230,0.7878259432085438,11.00275528657476,0.0,0.0,0.0,0.0,0.0,0.0
10,230,1.6785147848229294,6.755138860951502,0.0,0.0,0.0,0.0,0.0,1.0
11,230,5.943458570049644,0.0,0.0,0.0,1.0,1.0,1.0,0.0
12,230,1.825630797216665,5.9506335985732255,1.0,1.0,0.0,0.0,0.0,1.0
13,230,0.7523172110154978,12.0,1.0,0.0,0.0,1.0,0.0,1.0
14,230,12.0,5.199870638283024,0.0,0.0,1.0,0.0,0.0,0.0
15,230,0.0,10.969859495573212,0.0,1.0,0.0,0.0,0.0,0.0
16,230,0.0,12.0,0.0,0.0,1.0,1.0,0.0,0.0
17,230,5.666432648868034,3.926678399038545,0.0,0.0,0.0,1.0,1.0,0.0
18,230,3.270299098680509,5.065889545903178,0.0,0.0,1.0,1.0,0.0,1.0
19,230,8.97244623145866,3.0348877678013646,0.0,0.0,1.0,0.0,0.0,0.0
0,235,0.0088278905128529,6.686023999518134,0.0,0.0,0.0,0.0,0.0,1.0
1,235,0.0,9.258079408836364,0.0,1.0,0.0,0.0,0.0,1.0
2,235,0.0,6.76536614416254,1.0,0.0,0.0,0.0,1.0,0.0
3,235,8.370144046374428,5.500487038275847,1.0,0.0,0.0,0.0,1.0,1.0
4,235,0.0,10.724377878972362,0.0,1.0,1.0,0.0,1.0,1.0
5,235,9.00382175163865,7.045377295378653,1.0,0.0,0.0,0.0,1.0,1.0
6,235,4.754507821820143,0.7243690240328985,1.0,1.0,0.0,0.0,1.0,0.0
7,235,8.301308303894391,4.044300192076538,0.0,0.0,1.0,0.0,0.0,0.0
8,235,4.479897690099612,9.009133950473789,0.0,1.0,1.0,0.0,1.0,0.0
9,235,0.7979977097689711,11.108128727642084,0.0,0.0,0.0,0.0,0.0,0.0
10,235,1.649990218216382,6.848238861187397,0.0,0.0,0.0,0.0,0.0,1.0
11,235,6.0228039345221305,0.0,0.0,0.0,1.0,1.0,1.0,0.0
12,235,1.784408392646524,5.954276422537353,1.0,1.0,0.0,0.0,0.0,1.0
13,235,0.7682242506979912,12.0,1.0,0.0,0.0,1.0,0.0,1.0
14,235,12.0,5.112049513354747,0.0,0.0,1.0,0.0,0.0,0.0
15,235,0.0,11.055381880360295,0.0,1.0,0.0,0.0,0.0,0.0
16,235,0.0,12.0,0.0,0.0,1.0,1.0,0.0,0.0
17,235,5.694195433620418,3.935575121185381,0.0,0.0,0.0,1.0,1.0,0.0
18,235,3.2133737558785684,5.172140529610736,0.0,0.0,1.0,1.0,0.0,1.0
19,235,8.946391043847596,2.9297004807217117,0.0,0.0,1.0,0.0,0.0,0.0
0,240,0.0148181231237597,6.681207994167435,0.0,0.0,0.0,0.0,0.0,1.0
1,240,0.0,9.351617402141803,0.0,1.0,0.0,0.0,0.0,1.0
2,240,0.0,6.83898930006908,1.0,0.0,0.0,0.0,1.0,0.0
3,240,8.372630473844675,5.442788869936319,1.0,0.0,0.0,0.0,1.0,1.0
4,240,0.0,10.716001704168423,0.0,1.0,1.0,0.0,1.0,1.0
5,240,8.98085418000464,6.928703814435437,1.0,0.0,0.0,0.0,1.0,1.0
6,240,4.774290878776943,0.755244817799097,1.0,1.0,0.0,0.0,1.0,0.0
7,240,8.285006814705534,4.045937581861597,0.0,0.0,1.0,0.0,0.0,0.0
8,240,4.367747099640223,9.247919832593247,0.0,1.0,1.0,0.0,1.0,0.0
9,240,0.8086215688242192,11.212549455574182,0.0,0.0,0.0,0.0,0.0,0.0
10,240,1.6200275118835823,6.938304114823006,0.0,0.0,0.0,0.0,0.0,1.0
11,240,6.104604762283794,0.0,0.0,0.0,1.0,1.0,1.0,0.0
12,240,1.720242471471561,5.958535748408101,1.0,1.0,0.0,0.0,0.0,1.0
13,240,0.7871200595193635,12.0,1.0,0.0,0.0,1.0,0.0,1.0
14,240,12.0,5.0247523493068345,0.0,0.0,1.0,0.0,0.0,0.0
15,240,0.0,11.13679051949126,0.0,1.0,0.0,0.0,0.0,0.0
16,240,0.0,12.0,0.0,0.0,1.0,1.0,0.0,0.0
17,240,5.701245815681122,3.93796442932786,0.0,0.0,0.0,1.0,1.0,0.0
18,240,3.159103413408093,5.275378669031016,0.0,0.0,1.0,1.0,0.0,1.0
19,240,8.918981911574825,2.814695478339168,0.0,0.0,1.0,0.0,0.0,0.0
0,245,0.0514651081118171,6.650094255176644,0.0,0.0,0.0,0.0,0.0,1.0
1,245,0.0,9.45513457634579,0.0,1.0,0.0,0.0,0.0,1.0
2,245,0.0,6.904277357467501,1.0,0.0,0.0,0.0,1.0,0.0
3,245,8.374027540444782,5.406119554036322,1.0,0.0,0.0,0.0,1.0,1.0
4,245,0.0,10.711248007051088,0.0,1.0,1.0,0.0,1.0,1.0
5,245,8.95908878708838,6.816102359511926,1.0,0.0,0.0,0.0,1.0,1.0
6,245,4.785863927428842,0.7731022266909955,1.0,1.0,0.0,0.0,1.0,0.0
7,245,8.279453781591739,4.046577330209869,0.0,0.0,1.0,0.0,0.0,0.0
8,245,4.248623561636626,9.49309618792634,0.0,1.0,1.0,0.0,1.0,0.0
9,245,0.8165307671318317,11.327717327407026,0.0,0.0,0.0,0.0,0.0,0.0
10,245,1.5852011640246353,7.044061201746778,0.0,0.0,0.0,0.0,0.0,1.0
11,245,6.1750722240879945,0.0,0.0,0.0,1.0,1.0,1.0,0.0
12,245,1.660019548703797,5.963666140856921,1.0,1.0,0.0,0.0,0.0,1.0
13,245,0.8152224022931224,12.0,1.0,0.0,0.0,1.0,0.0,1.0
14,245,12.0,4.948092480803424,0.0,0.0,1.0,0.0,0.0,0.0
15,245,0.0,11.20759176200994,0.0,1.0,0.0,0.0,0.0,0.0
16,245,0.0,12.0,0.0,0.0,1.0,1.0,0.0,0.0
17,245,5.718413892413319,3.944778324720109,0.0,0.0,0.0,1.0,1.0,0.0
18,245,3.109467739422504,5.377797941802238,0.0,0.0,1.0,1.0,0.0,1.0
19,245,8.890152348024452,2.700978386569618,0.0,0.0,1.0,0.0,0.0,0.0
0,250,0.1004642412336258,6.6098605215914095,0.0,0.0,0.0,0.0,0.0,1.0
1,250,0.0,9.561023225979648,0.0,1.0,0.0,0.0,0.0,1.0
2,250,0.0,6.973135841195428,1.0,0.0,0.0,0.0,1.0,0.0
3,250,8.375657310837122,5.373551318473619,1.0,0.0,0.0,0.0,1.0,1.0
4,250,0.0,10.70150422759623,0.0,1.0,1.0,0.0,1.0,1.0
5,250,8.940593090106868,6.716240139554069,1.0,0.0,0.0,0.0,1.0,1.0
6,250,4.802879593391443,0.7981545239438808,1.0,1.0,0.0,0.0,1.0,0.0
7,250,8.25827334731227,4.048607885005764,0.0,0.0,1.0,0.0,0.0,0.0
8,250,4.136232895279121,9.736327181579703,0.0,1.0,1.0,0.0,1.0,0.0
9,250,0.8291415919137519,11.44340980935622,0.0,0.0,0.0,0.0,0.0,0.0
10,250,1.5523411145502122,7.147498754432664,0.0,0.0,0.0,0.0,0.0,1.0
11,250,6.248383021793231,0.0,0.0,0.0,1.0,1.0,1.0,0.0
12,250,1.6116839939880656,5.967337027179346,1.0,1.0,0.0,0.0,0.0,1.0
13,250,0.9838118054000742,11.96987628257004,1.0,0.0,0.0,1.0,0.0,1.0
14,250,12.0,4.863301509372874,0.0,0.0,1.0,0.0,0.0,0.0
15,250,0.0,11.272419683255317,0.0,1.0,0.0,0.0,0.0,0.0
16,250,0.0,12.0,0.0,0.0,1.0,1.0,0.0,0.0
17,250,5.746890694848454,3.955278891431939,0.0,0.0,0.0,1.0,1.0,0.0
18,250,3.0690569332588318,5.465955042573635,0.0,0.0,1.0,1.0,0.0,1.0
19,250,8.861142166424875,2.586825516919996,0.0,0.0,1.0,0.0,0.0,0.0
0,255,0.1509875629700593,6.568975420892117,0.0,0.0,0.0,0.0,0.0,1.0
1,255,0.0,9.648442728617002,0.0,1.0,0.0,0.0,0.0,1.0
2,255,0.0,7.044033945110883,1.0,0.0,0.0,0.0,1.0,0.0
3,255,8.37589893776448,5.364170435449188,1.0,0.0,0.0,0.0,1.0,1.0
4,255,0.0,10.69408398695928,0.0,1.0,1.0,0.0,1.0,1.0
5,255,8.921957754447767,6.6119403772500185,1.0,0.0,0.0,0.0,1.0,1.0
6,255,4.8198082122920365,0.8233258197521158,1.0,1.0,0.0,0.0,1.0,0.0
7,255,8.241295709672892,4.050238975785465,0.0,0.0,1.0,0.0,0.0,0.0
8,255,4.01828925860132,9.984295839977786,0.0,1.0,1.0,0.0,1.0,0.0
9,255,0.843435085382976,11.553818391981292,0.0,0.0,0.0,0.0,0.0,0.0
10,255,1.5220229237621803,7.247008040334577,0.0,0.0,0.0,0.0,0.0,1.0
11,255,6.319477738300483,0.0,0.0,0.0,1.0,1.0,1.0,0.0
12,255,1.5556448756871128,5.970084748639897,1.0,1.0,0.0,0.0,0.0,1.0
13,255,1.0091985820733285,12.0,1.0,0.0,0.0,1.0,0.0,1.0
14,255,12.0,4.774450726085317,0.0,0.0,1.0,0.0,0.0,0.0
15,255,0.0,11.333217812298257,0.0,1.0,0.0,0.0,0.0,0.0
16,255,0.0,12.0,0.0,0.0,1.0,1.0,0.0,0.0
17,255,5.776643145474162,3.966188321508144,0.0,0.0,0.0,1.0,1.0,0.0
18,255,3.0214822568951245,5.566600161553012,0.0,0.0,1.0,1.0,0.0,1.0
19,255,8.830035361807347,2.457347372193613,0.0,0.0,1.0,0.0,0.0,0.0
0,260,0.1809664064269612,6.543468543275504,0.0,0.0,0.0,0.0,0.0,1.0
1,260,0.0,9.740978218575792,0.0,1.0,0.0,0.0,0.0,1.0
2,260,0.0,7.113862352056735,1.0,0.0,0.0,0.0,1.0,0.0
3,260,8.376172941421425,5.35921367897499,1.0,0.0,0.0,0.0,1.0,1.0
4,260,0.0,10.684527478536364,0.0,1.0,1.0,0.0,1.0,1.0
5,260,8.903664081733567,6.494745573625318,1.0,0.0,0.0,0.0,1.0,1.0
6,260,4.833226049816587,0.8441802684254843,1.0,1.0,0.0,0.0,1.0,0.0
7,260,8.205373207538084,4.054445668888727,0.0,0.0,1.0,0.0,0.0,0.0
8,260,3.9047298385229454,10.20952012923846,0.0,1.0,1.0,0.0,1.0,0.0
9,260,0.8547898935859339,11.641314137924551,0.0,0.0,0.0,0.0,0.0,0.0
10,260,1.49437824997268,7.341118103662191,0.0,0.0,0.0,0.0,0.0,1.0
11,260,6.365721596713169,0.0,0.0,0.0,1.0,1.0,1.0,0.0
12,260,1.4703525577377052,5.974353595040511,1.0,1.0,0.0,0.0,0.0,1.0
13,260,1.0359600290023057,12.0,1.0,0.0,0.0,1.0,0.0,1.0
14,260,12.0,4.671608451524777,0.0,0.0,1.0,0.0,0.0,0.0
15,260,0.0,11.392944431326246,0.0,1.0,0.0,0.0,0.0,0.0
16,260,0.0,12.0,0.0,0.0,1.0,1.0,0.0,0.0
17,260,5.810985804732757,3.979167534631944,0.0,0.0,0.0,1.0,1.0,0.0
18,260,2.970675284106144,5.673271212206407,0.0,0.0,1.0,1.0,0.0,1.0
19,260,8.799402311704448,2.326354859946474,0.0,0.0,1.0,0.0,0.0,0.0
0,265,0.2014110756221603,6.525716681462055,0.0,0.0,0.0,0.0,0.0,1.0
1,265,0.0,9.839217141226827,0.0,1.0,0.0,0.0,0.0,1.0
2,265,0.0,7.179554217756031,1.0,0.0,0.0,0.0,1.0,0.0
3,265,8.376149161287843,5.359653431270563,1.0,0.0,0.0,0.0,1.0,1.0
4,265,0.0,10.677712335341344,0.0,1.0,1.0,0.0,1.0,1.0
5,265,8.886409260302555,6.388098421076926,1.0,0.0,0.0,0.0,1.0,1.0
6,265,4.839626298616649,0.8537959475626693,1.0,1.0,0.0,0.0,1.0,0.0
7,265,8.179808535796067,4.057365109471104,0.0,0.0,1.0,0.0,0.0,0.0
8,265,3.8036887651845337,10.421147585903563,0.0,1.0,1.0,0.0,1.0,0.0
9,265,0.8675454089983229,11.731448435547795,0.0,0.0,0.0,0.0,0.0,0.0
10,265,1.4671155482515827,7.4401673527695795,0.0,0.0,0.0,0.0,0.0,1.0
11,265,6.431462524084871,0.0,0.0,0.0,1.0,1.0,1.0,0.0
12,265,1.408563472983386,5.977832925487327,1.0,1.0,0.0,0.0,0.0,1.0
13,265,1.06136697591953,12.0,1.0,0.0,0.0,1.0,0.0,1.0
14,265,12.0,4.573114328388847,0.0,0.0,1.0,0.0,0.0,0.0
15,265,0.0,11.453967747885352,0.0,1.0,0.0,0.0,0.0,0.0
16,265,0.0,12.0,0.0,0.0,1.0,1.0,0.0,0.0
17,265,5.820982237774097,3.982931996125286,0.0,0.0,0.0,1.0,1.0,0.0
18,265,2.934172216680779,5.752682093611707,0.0,0.0,1.0,1.0,0.0,1.0
19,265,8.766802267101088,2.204099501223007,0.0,0.0,1.0,0.0,0.0,0.0
0,270,0.2130628893951933,6.515419473169789,0.0,0.0,0.0,0.0,0.0,1.0
1,270,0.0,9.93308993650268,0.0,1.0,0.0,0.0,0.0,1.0
2,270,0.0,7.2444948862748415,1.0,0.0,0.0,0.0,1.0,0.0
3,270,8.376511165153042,5.344320630297462,1.0,0.0,0.0,0.0,1.0,1.0
4,270,0.0,10.672572227795442,0.0,1.0,1.0,0.0,1.0,1.0
5,270,8.871100052586273,6.2868724644282015,1.0,0.0,0.0,0.0,1.0,1.0
6,270,4.83835108463913,0.8519168259028789,1.0,1.0,0.0,0.0,1.0,0.0
7,270,8.147693499170986,4.061285634452302,0.0,0.0,1.0,0.0,0.0,0.0
8,270,3.701153482072253,10.628941407179964,0.0,1.0,1.0,0.0,1.0,0.0
9,270,0.8785056139226567,11.818785117282273,0.0,0.0,0.0,0.0,0.0,0.0
10,270,1.4381824109171173,7.544233649657813,0.0,0.0,0.0,0.0,0.0,1.0
11,270,6.494132472905952,0.0,0.0,0.0,1.0,1.0,1.0,0.0
12,270,1.3365409876704608,5.98152206982803,1.0,1.0,0.0,0.0,0.0,1.0
13,270,1.0862694240441255,12.0,1.0,0.0,0.0,1.0,0.0,1.0
14,270,12.0,4.470047461078615,0.0,0.0,1.0,0.0,0.0,0.0
15,270,0.0,11.513474846216084,0.0,1.0,0.0,0.0,0.0,0.0
16,270,0.0,12.0,0.0,0.0,1.0,1.0,0.0,0.0
17,270,5.8216526361163785,3.9831797667356335,0.0,0.0,0.0,1.0,1.0,0.0
18,270,2.8912531558770693,5.843745317777115,0.0,0.0,1.0,1.0,0.0,1.0
19,270,8.728001478205789,2.066051964137571,0.0,0.0,1.0,0.0,0.0,0.0
0,275,0.2198223109302008,6.509695744844809,0.0,0.0,0.0,0.0,0.0,1.0
1,275,0.0,10.00927534656137,0.0,1.0,0.0,0.0,0.0,1.0
2,275,0.0,7.301419109727826,1.0,0.0,0.0,0.0,1.0,0.0
3,275,8.377530893442398,5.317864334931871,1.0,0.0,0.0,0.0,1.0,1.0
4,275,0.0,10.66341326699689,0.0,1.0,1.0,0.0,1.0,1.0
5,275,8.860929471262404,6.227948633243695,1.0,0.0,0.0,0.0,1.0,1.0
6,275,4.830843135362132,0.8409733324007835,1.0,1.0,0.0,0.0,1.0,0.0
7,275,8.120235502897,4.064205069318653,0.0,0.0,1.0,0.0,0.0,0.0
8,275,3.605821331590256,10.850360234210774,0.0,1.0,1.0,0.0,1.0,0.0
9,275,0.8935731304732901,11.931170229242912,0.0,0.0,0.0,0.0,0.0,0.0
10,275,1.4079828979005329,7.659082438858298,0.0,0.0,0.0,0.0,0.0,1.0
11,275,6.568939488719745,0.0,0.0,0.0,1.0,1.0,1.0,0.0
12,275,1.2802388750241998,5.9837643205829165,1.0,1.0,0.0,0.0,0.0,1.0
13,275,1.1097803082959738,12.0,1.0,0.0,0.0,1.0,0.0,1.0
14,275,12.0,4.385077261935415,0.0,0.0,1.0,0.0,0.0,0.0
15,275,0.0,11.562513442500425,0.0,1.0,0.0,0.0,0.0,0.0
16,275,0.0,12.0,0.0,0.0,1.0,1.0,0.0,0.0
17,275,5.821094283784899,3.9829589753424,0.0,0.0,0.0,1.0,1.0,0.0
18,275,2.8588777871589555,5.916811903744588,0.0,0.0,1.0,1.0,0.0,1.0
19,275,8.68715932836693,1.9243957341151432,0.0,0.0,1.0,0.0,0.0,0.0
0,280,0.203762747427971,6.522644073088972,0.0,0.0,0.0,0.0,0.0,1.0
1,280,0.0,10.10049961313508,0.0,1.0,0.0,0.0,0.0,1.0
2,280,0.0,7.359795396691931,1.0,0.0,0.0,0.0,1.0,0.0
3,280,8.379965496363537,5.282426942976022,1.0,0.0,0.0,0.0,1.0,1.0
4,280,0.0,10.651317547698884,0.0,1.0,1.0,0.0,1.0,1.0
5,280,8.854937006127063,6.190383430273883,1.0,0.0,0.0,0.0,1.0,1.0
6,280,4.832728228120397,0.8437771363873573,1.0,1.0,0.0,0.0,1.0,0.0
7,280,8.073230650601909,4.07050709747674,0.0,0.0,1.0,0.0,0.0,0.0
8,280,3.5126592323466275,11.082422200011427,0.0,1.0,1.0,0.0,1.0,0.0
9,280,0.9076785846875528,12.0,0.0,0.0,0.0,0.0,0.0,0.0
10,280,1.3745232286508098,7.780021464127976,0.0,0.0,0.0,0.0,0.0,1.0
11,280,6.642946914048509,0.0,0.0,0.0,1.0,1.0,1.0,0.0
12,280,1.2118305573409278,5.986733538504347,1.0,1.0,0.0,0.0,0.0,1.0
13,280,1.131167134019453,12.0,1.0,0.0,0.0,1.0,0.0,1.0
14,280,12.0,4.290852217696788,0.0,0.0,1.0,0.0,0.0,0.0
15,280,0.0,11.613286544998294,0.0,1.0,0.0,0.0,0.0,0.0
16,280,0.0,12.0,0.0,0.0,1.0,1.0,0.0,0.0
17,280,5.81586319304402,3.980784844840288,0.0,0.0,0.0,1.0,1.0,0.0
18,280,2.8209516200640223,5.999473462541008,0.0,0.0,1.0,1.0,0.0,1.0
19,280,8.647793554807313,1.7852646457972496,0.0,0.0,1.0,0.0,0.0,0.0
0,285,0.1666136430131646,6.550642563921199,0.0,0.0,0.0,0.0,0.0,1.0
1,285,0.0,10.191009509826513,0.0,1.0,0.0,0.0,0.0,1.0
2,285,0.0,7.421164499566545,1.0,0.0,0.0,0.0,1.0,0.0
3,285,8.383221741929956,5.225416511244,1.0,0.0,0.0,0.0,1.0,1.0
4,285,0.0,10.63925497367518,0.0,1.0,1.0,0.0,1.0,1.0
5,285,8.850807316661792,6.165007925031091,1.0,0.0,0.0,0.0,1.0,1.0
6,285,4.817222581304446,0.8547465881228051,1.0,1.0,0.0,0.0,1.0,0.0
7,285,8.027340191591504,4.0781275991300046,0.0,0.0,1.0,0.0,0.0,0.0
8,285,3.417951483303249,11.30110664832193,0.0,1.0,1.0,0.0,1.0,0.0
9,285,0.9209517352495374,12.0,0.0,0.0,0.0,0.0,0.0,0.0
10,285,1.3394788944351366,7.906394786983752,0.0,0.0,0.0,0.0,0.0,1.0
11,285,6.69554265398096,0.0,0.0,0.0,1.0,1.0,1.0,0.0
12,285,1.1495574367447354,5.987631239894185,1.0,1.0,0.0,0.0,0.0,1.0
13,285,1.1510295029794595,12.0,1.0,0.0,0.0,1.0,0.0,1.0
14,285,12.0,4.194264074771708,0.0,0.0,1.0,0.0,0.0,0.0
15,285,0.0,11.662202935499336,0.0,1.0,0.0,0.0,0.0,0.0
16,285,0.0,12.0,0.0,0.0,1.0,1.0,0.0,0.0
17,285,5.834546741932536,3.9886602944418823,0.0,0.0,0.0,1.0,1.0,0.0
18,285,2.780384553141404,6.088480965540274,0.0,0.0,1.0,1.0,0.0,1.0
19,285,8.611296824158982,1.6396178568248765,0.0,0.0,1.0,0.0,0.0,0.0
0,290,0.1339984730152516,6.576484041221936,0.0,0.0,0.0,0.0,0.0,1.0
1,290,0.0,10.28894059898838,0.0,1.0,0.0,0.0,0.0,1.0
2,290,0.0,7.48259870868125,1.0,0.0,0.0,0.0,1.0,0.0
3,290,8.385871193840016,5.16411089211475,1.0,0.0,0.0,0.0,1.0,1.0
4,290,0.0,10.630196541580348,0.0,1.0,1.0,0.0,1.0,1.0
5,290,8.847122191513868,6.141828040514186,1.0,0.0,0.0,0.0,1.0,1.0
6,290,4.792414423713289,0.8715102943538376,1.0,1.0,0.0,0.0,1.0,0.0
7,290,7.964287789500425,4.088763794953807,0.0,0.0,1.0,0.0,0.0,0.0
8,290,3.3154735156505786,11.522886479658943,0.0,1.0,1.0,0.0,1.0,0.0
9,290,0.9324812394738536,12.0,0.0,0.0,0.0,0.0,0.0,0.0
10,290,1.297416001629882,8.06368268883758,0.0,0.0,0.0,0.0,0.0,1.0
11,290,6.738896111646868,0.0,0.0,0.0,1.0,1.0,1.0,0.0
12,290,1.0891998458153158,5.987916118261524,1.0,1.0,0.0,0.0,0.0,1.0
13,290,1.1673007184040685,12.0,1.0,0.0,0.0,1.0,0.0,1.0
14,290,12.0,4.106912694153915,0.0,0.0,1.0,0.0,0.0,0.0
15,290,0.0,11.71315063632141,0.0,1.0,0.0,0.0,0.0,0.0
16,290,0.0,12.0,0.0,0.0,1.0,1.0,0.0,0.0
17,290,5.851857097091862,3.996472527994,0.0,0.0,0.0,1.0,1.0,0.0
18,290,2.7412408559525563,6.177594917675628,0.0,0.0,1.0,1.0,0.0,1.0
19,290,8.575655999639789,1.484249909964234,0.0,0.0,1.0,0.0,0.0,0.0
0,295,0.1198185558777645,6.587906799158769,0.0,0.0,0.0,0.0,0.0,1.0
1,295,0.0,10.393963554016471,0.0,1.0,0.0,0.0,0.0,1.0
2,295,0.0,7.536884715733134,1.0,0.0,0.0,0.0,1.0,0.0
3,295,8.39009665606363,5.115177830563498,1.0,0.0,0.0,0.0,1.0,1.0
4,295,0.0,10.621323431594766,0.0,1.0,1.0,0.0,1.0,1.0
5,295,8.845726288148585,6.133111968020641,1.0,0.0,0.0,0.0,1.0,1.0
6,295,4.785586541493397,0.8757971231938045,1.0,1.0,0.0,0.0,1.0,0.0
7,295,7.920125071826781,4.097487180395484,0.0,0.0,1.0,0.0,0.0,0.0
8,295,3.223451926578229,11.737709739396005,0.0,1.0,1.0,0.0,1.0,0.0
9,295,0.9411714737686856,12.0,0.0,0.0,0.0,0.0,0.0,0.0
10,295,1.2525185080750412,8.216597863667605,0.0,0.0,0.0,0.0,0.0,1.0
11,295,6.763187946583308,0.0,0.0,0.0,1.0,1.0,1.0,0.0
12,295,1.0191909541377604,5.9898181981433165,1.0,1.0,0.0,0.0,0.0,1.0
13,295,1.1861647727214832,12.0,1.0,0.0,0.0,1.0,0.0,1.0
14,295,12.0,4.002992466702841,0.0,0.0,1.0,0.0,0.0,0.0
15,295,0.0,11.767427616284394,0.0,1.0,0.0,0.0,0.0,0.0
16,295,0.0,12.0,0.0,0.0,1.0,1.0,0.0,0.0
17,295,5.88131112251683,4.0094489693902045,0.0,0.0,0.0,1.0,1.0,0.0
18,295,2.703469967174504,6.261820430408635,0.0,0.0,1.0,1.0,0.0,1.0
19,295,8.537335230111314,1.3210429633840584,0.0,0.0,1.0,0.0,0.0,0.0
