0,0,11.995911356732089,9.04337009893728,0.0,0.0,1.0,1.0,1.0,0.0
1,0,3.9696818944016106,5.953789893080437,1.0,0.0,0.0,0.0,1.0,1.0
2,0,11.943519221330025,7.004957094279631,0.0,0.0,1.0,1.0,1.0,0.0
3,0,4.98683845578747,8.057343058992187,1.0,1.0,0.0,0.0,0.0,1.0
4,0,7.040197665483047,8.978536988654463,0.0,0.0,0.0,1.0,1.0,1.0
5,0,5.949884061240888,3.952803972839993,1.0,0.0,1.0,0.0,1.0,0.0
6,0,5.947218789442621,6.9622757471531385,1.0,1.0,0.0,0.0,0.0,1.0
7,0,11.956322896312852,0.0,1.0,1.0,0.0,0.0,0.0,1.0
8,0,2.039864411880566,4.023236436674231,1.0,0.0,0.0,0.0,1.0,1.0
9,0,6.016847754761541,0.0402091994354476,0.0,1.0,0.0,1.0,0.0,1.0
10,0,5.977766822591399,7.059799755070134,1.0,1.0,0.0,0.0,0.0,1.0
11,0,12.0,0.9801059003988408,1.0,0.0,1.0,0.0,1.0,0.0
12,0,3.953093711848509,7.040217801136548,0.0,0.0,1.0,1.0,1.0,0.0
13,0,4.042498424647847,12.0,0.0,1.0,0.0,1.0,0.0,1.0
14,0,6.053037127605926,7.054309059498875,0.0,0.0,1.0,1.0,1.0,0.0
0,5,11.98909004976272,9.1112717364238,0.0,0.0,1.0,1.0,1.0,0.0
1,5,3.934955959217037,5.902168616081216,1.0,0.0,0.0,0.0,1.0,1.0
2,5,11.91337546400993,7.008062190124708,0.0,0.0,1.0,1.0,1.0,0.0
3,5,4.973341300622698,8.119855970158078,1.0,1.0,0.0,0.0,0.0,1.0
4,5,7.08962020570197,8.951638478493262,0.0,0.0,0.0,1.0,1.0,1.0
5,5,5.910530872134436,3.91553297017094,1.0,0.0,1.0,0.0,1.0,0.0
6,5,5.899587590619151,6.927254783194514,1.0,1.0,0.0,0.0,0.0,1.0
7,5,11.900528681189982,0.0,1.0,1.0,0.0,0.0,0.0,1.0
8,5,2.0780797943453724,4.045673871127986,1.0,0.0,0.0,0.0,1.0,1.0
9,5,6.039135151111919,0.0924081046910367,0.0,1.0,0.0,1.0,0.0,1.0
10,5,5.948091220437571,7.135308479048313,1.0,1.0,0.0,0.0,0.0,1.0
11,5,12.0,0.9585040548388278,1.0,0.0,1.0,0.0,1.0,0.0
12,5,3.905014491568439,7.08358106141504,0.0,0.0,1.0,1.0,1.0,0.0
13,5,4.0751400841993695,12.0,0.0,1.0,0.0,1.0,0.0,1.0
14,5,6.109375840864399,7.114629471315414,0.0,0.0,1.0,1.0,1.0,0.0
0,10,11.980420743148,9.179972334413447,0.0,0.0,1.0,1.0,1.0,0.0
1,10,3.8937761013505936,5.840009858501823,1.0,0.0,0.0,0.0,1.0,1.0
2,10,11.893938595502728,7.0101708974416574,0.0,0.0,1.0,1.0,1.0,0.0
3,10,4.962320899655956,8.183563059069083,1.0,1.0,0.0,0.0,0.0,1.0
4,10,7.134402919070804,8.925993385155675,0.0,0.0,0.0,1.0,1.0,1.0
5,10,5.871430911455897,3.876613444684743,1.0,0.0,1.0,0.0,1.0,0.0
6,10,5.861673594904262,6.900329765172042,1.0,1.0,0.0,0.0,0.0,1.0
7,10,11.85385955227196,0.0,1.0,1.0,0.0,0.0,0.0,1.0
8,10,2.1223022871426083,4.071961604070896,1.0,0.0,0.0,0.0,1.0,1.0
9,10,6.062190571220706,0.1455117017041317,0.0,1.0,0.0,1.0,0.0,1.0
10,10,5.915808472327198,7.218897224032481,1.0,1.0,0.0,0.0,0.0,1.0
11,10,12.0,0.945478539414435,1.0,0.0,1.0,0.0,1.0,0.0
12,10,3.867766322800344,7.118010008166245,0.0,0.0,1.0,1.0,1.0,0.0
13,10,4.120574064445721,12.0,0.0,1.0,0.0,1.0,0.0,1.0
14,10,6.179807541531543,7.1886070554912855,0.0,0.0,1.0,1.0,1.0,0.0
0,15,11.97094032533185,9.255925991868336,0.0,0.0,1.0,1.0,1.0,0.0
1,15,3.861114979552897,5.790732562138985,1.0,0.0,0.0,0.0,1.0,1.0
2,15,11.849869473939394,7.014290735690932,0.0,0.0,1.0,1.0,1.0,0.0
3,15,4.9507949957726245,8.2561468466181,1.0,1.0,0.0,0.0,0.0,1.0
4,15,7.193934950467595,8.893138933859143,0.0,0.0,0.0,1.0,1.0,1.0
5,15,5.842196565424932,3.847806857535753,1.0,0.0,1.0,0.0,1.0,0.0
6,15,5.803097741377141,6.859829310890424,1.0,1.0,0.0,0.0,0.0,1.0
7,15,11.786422573900625,0.0,1.0,1.0,0.0,0.0,0.0,1.0
8,15,2.1865226977121077,4.10975205604381,1.0,0.0,0.0,0.0,1.0,1.0
9,15,6.095423811562291,0.2175785036806151,0.0,1.0,0.0,1.0,0.0,1.0
10,15,5.8888783153931845,7.300601770467874,1.0,1.0,0.0,0.0,0.0,1.0
11,15,12.0,0.9286246792952262,1.0,0.0,1.0,0.0,1.0,0.0
12,15,3.8096065757099296,7.17286509514744,0.0,0.0,1.0,1.0,1.0,0.0
13,15,4.17262063776778,12.0,0.0,1.0,0.0,1.0,0.0,1.0
14,15,6.257398998361754,7.2686657750632175,0.0,0.0,1.0,1.0,1.0,0.0
0,20,11.960352884729245,9.338623755833598,0.0,0.0,1.0,1.0,1.0,0.0
1,20,3.823682586010616,5.734183326125423,1.0,0.0,0.0,0.0,1.0,1.0
2,20,11.818834840396011,7.017478385072352,0.0,0.0,1.0,1.0,1.0,0.0
3,20,4.9380817158215695,8.33603392073313,1.0,1.0,0.0,0.0,0.0,1.0
4,20,7.248806807708997,8.860063516399725,0.0,0.0,0.0,1.0,1.0,1.0
5,20,5.811567671633064,3.8174572363059744,1.0,0.0,1.0,0.0,1.0,0.0
6,20,5.738620252141511,6.816918686875189,1.0,1.0,0.0,0.0,0.0,1.0
7,20,11.70485989892749,0.0,1.0,1.0,0.0,0.0,0.0,1.0
8,20,2.2641169776759424,4.1549671552047895,1.0,0.0,0.0,0.0,1.0,1.0
9,20,6.126585235066568,0.2895589542715386,0.0,1.0,0.0,1.0,0.0,1.0
10,20,5.858687162472511,7.394578090203849,1.0,1.0,0.0,0.0,0.0,1.0
11,20,12.0,0.9127535832194592,1.0,0.0,1.0,0.0,1.0,0.0
12,20,3.7495475424277456,7.228520622974253,0.0,0.0,1.0,1.0,1.0,0.0
13,20,4.217029564859423,12.0,0.0,1.0,0.0,1.0,0.0,1.0
14,20,6.329646688658071,7.339903848397506,0.0,0.0,1.0,1.0,1.0,0.0
0,25,11.94877360016655,9.432117464290462,0.0,0.0,1.0,1.0,1.0,0.0
1,25,3.79677478953741,5.693457676233487,1.0,0.0,0.0,0.0,1.0,1.0
2,25,11.80019006328876,7.018766730363214,0.0,0.0,1.0,1.0,1.0,0.0
3,25,4.92708946975063,8.416953819073429,1.0,1.0,0.0,0.0,0.0,1.0
4,25,7.283031736985167,8.839126240996436,0.0,0.0,0.0,1.0,1.0,1.0
5,25,5.799717991445287,3.806420542227468,1.0,0.0,1.0,0.0,1.0,0.0
6,25,5.652407498667179,6.759080780337552,1.0,1.0,0.0,0.0,0.0,1.0
7,25,11.645377172787514,0.0,1.0,1.0,0.0,0.0,0.0,1.0
8,25,2.326106320907125,4.193733495499222,1.0,0.0,0.0,0.0,1.0,1.0
9,25,6.155077664803429,0.3554247832370831,0.0,1.0,0.0,1.0,0.0,1.0
10,25,5.823790323266002,7.497925635152858,1.0,1.0,0.0,0.0,0.0,1.0
11,25,12.0,0.8938020842676918,1.0,0.0,1.0,0.0,1.0,0.0
12,25,3.6881887775031776,7.287468537563704,0.0,0.0,1.0,1.0,1.0,0.0
13,25,4.261307611892646,12.0,0.0,1.0,0.0,1.0,0.0,1.0
14,25,6.383329108261729,7.396493934037186,0.0,0.0,1.0,1.0,1.0,0.0
0,30,11.937909197601996,9.5376845461687,0.0,0.0,1.0,1.0,1.0,0.0
1,30,3.765503486824445,5.646246745278632,1.0,0.0,0.0,0.0,1.0,1.0
2,30,11.791474442098371,7.019382379538075,0.0,0.0,1.0,1.0,1.0,0.0
3,30,4.920522625299433,8.477161838753654,1.0,1.0,0.0,0.0,0.0,1.0
4,30,7.313764273380975,8.819460456703874,0.0,0.0,0.0,1.0,1.0,1.0
5,30,5.792631326432005,3.799869657684922,1.0,0.0,1.0,0.0,1.0,0.0
6,30,5.572991634487418,6.706134855674202,1.0,1.0,0.0,0.0,0.0,1.0
7,30,11.58084915865645,0.0,1.0,1.0,0.0,0.0,0.0,1.0
8,30,2.4108594432767907,4.249162995202391,1.0,0.0,0.0,0.0,1.0,1.0
9,30,6.189892820859225,0.4337778298514707,0.0,1.0,0.0,1.0,0.0,1.0
10,30,5.720237604392541,7.462091767766631,1.0,1.0,0.0,0.0,0.0,1.0
11,30,12.0,0.8832998798863697,1.0,0.0,1.0,0.0,1.0,0.0
12,30,3.642251748115108,7.331289287164569,0.0,0.0,1.0,1.0,1.0,0.0
13,30,4.314767651224722,12.0,0.0,1.0,0.0,1.0,0.0,1.0
14,30,6.40779797652208,7.423511547077432,0.0,0.0,1.0,1.0,1.0,0.0
0,35,11.9280179550256,9.667876420788035,0.0,0.0,1.0,1.0,1.0,0.0
1,35,3.7387213164044506,5.604346774051409,1.0,0.0,0.0,0.0,1.0,1.0
2,35,11.759799939734949,7.021190180647605,0.0,0.0,1.0,1.0,1.0,0.0
3,35,4.91527472737658,8.5314119901367,1.0,1.0,0.0,0.0,0.0,1.0
4,35,7.325193107112509,8.812364826896856,0.0,0.0,0.0,1.0,1.0,1.0
5,35,5.806495609658184,3.8122328860711567,1.0,0.0,1.0,0.0,1.0,0.0
6,35,5.473334213680686,6.639346628568648,1.0,1.0,0.0,0.0,0.0,1.0
7,35,11.51024689136048,0.0,1.0,1.0,0.0,0.0,0.0,1.0
8,35,2.516162286774952,4.316574157628653,1.0,0.0,0.0,0.0,1.0,1.0
9,35,6.221350145678952,0.5015542246275614,0.0,1.0,0.0,1.0,0.0,1.0
10,35,5.625919026539143,7.430375926600937,1.0,1.0,0.0,0.0,0.0,1.0
11,35,12.0,0.8683090516372435,1.0,0.0,1.0,0.0,1.0,0.0
12,35,3.5875909155108685,7.387126806152166,0.0,0.0,1.0,1.0,1.0,0.0
13,35,4.362563776699106,12.0,0.0,1.0,0.0,1.0,0.0,1.0
14,35,6.439728282050651,7.458425538890966,0.0,0.0,1.0,1.0,1.0,0.0
0,40,11.919707732486351,9.793676261872498,0.0,0.0,1.0,1.0,1.0,0.0
1,40,3.7168103594488815,5.569228842324253,1.0,0.0,0.0,0.0,1.0,1.0
2,40,11.76452853089907,7.08398932699514,0.0,0.0,1.0,1.0,1.0,0.0
3,40,4.912392397365331,8.57263736297789,1.0,1.0,0.0,0.0,0.0,1.0
4,40,7.33640667381251,8.805649082034083,0.0,0.0,0.0,1.0,1.0,1.0
5,40,5.819501567503028,3.823723471301819,1.0,0.0,1.0,0.0,1.0,0.0
6,40,5.379067713793507,6.57959702144144,1.0,1.0,0.0,0.0,0.0,1.0
7,40,11.420168962514971,0.0,1.0,1.0,0.0,0.0,0.0,1.0
8,40,2.609424568253922,4.376581420359236,1.0,0.0,0.0,0.0,1.0,1.0
9,40,6.249978153881466,0.5657717383377381,0.0,1.0,0.0,1.0,0.0,1.0
10,40,5.5337101283748265,7.401607128515223,1.0,1.0,0.0,0.0,0.0,1.0
11,40,11.995918540116907,0.8704516984333799,1.0,0.0,1.0,0.0,1.0,0.0
12,40,3.53281341161784,7.442251423017603,0.0,0.0,1.0,1.0,1.0,0.0
13,40,4.412300857864809,12.0,0.0,1.0,0.0,1.0,0.0,1.0
14,40,6.4797525858866125,7.50426660429423,0.0,0.0,1.0,1.0,1.0,0.0
0,45,11.90989195616483,9.93234141113779,0.0,0.0,1.0,1.0,1.0,0.0
1,45,3.697520407730482,5.538764113742323,1.0,0.0,0.0,0.0,1.0,1.0
2,45,11.771882963706544,7.161772396584325,0.0,0.0,1.0,1.0,1.0,0.0
3,45,4.909777658696435,8.613369571668533,1.0,1.0,0.0,0.0,0.0,1.0
4,45,7.349696938419598,8.797397035034622,0.0,0.0,0.0,1.0,1.0,1.0
5,45,5.828816473349356,3.832039494822309,1.0,0.0,1.0,0.0,1.0,0.0
6,45,5.286564537128058,6.51730336083789,1.0,1.0,0.0,0.0,0.0,1.0
7,45,11.307072423751478,0.0,1.0,1.0,0.0,0.0,0.0,1.0
8,45,2.7020372465921114,4.437241653735721,1.0,0.0,0.0,0.0,1.0,1.0
9,45,6.267780892085581,0.6055669617503283,0.0,1.0,0.0,1.0,0.0,1.0
10,45,5.4325080735444375,7.370317131193815,1.0,1.0,0.0,0.0,0.0,1.0
11,45,12.0,0.8641132905291138,1.0,0.0,1.0,0.0,1.0,0.0
12,45,3.4997208907931605,7.47593714490533,0.0,0.0,1.0,1.0,1.0,0.0
13,45,4.460937433923121,12.0,0.0,1.0,0.0,1.0,0.0,1.0
14,45,6.524454838221202,7.559036398468958,0.0,0.0,1.0,1.0,1.0,0.0
0,50,11.901734530420164,10.042891679488482,0.0,0.0,1.0,1.0,1.0,0.0
1,50,3.667915293687804,5.489269306877755,1.0,0.0,0.0,0.0,1.0,1.0
2,50,11.779949595437149,7.249289818523936,0.0,0.0,1.0,1.0,1.0,0.0
3,50,4.906873553260632,8.658331629573578,1.0,1.0,0.0,0.0,0.0,1.0
4,50,7.359202904037215,8.79152189781177,0.0,0.0,0.0,1.0,1.0,1.0
5,50,5.831084736779099,3.834012172942485,1.0,0.0,1.0,0.0,1.0,0.0
6,50,5.179270490002072,6.447014634940582,1.0,1.0,0.0,0.0,0.0,1.0
7,50,11.194927422530055,0.0,1.0,1.0,0.0,0.0,0.0,1.0
8,50,2.775330994940913,4.487938509805801,1.0,0.0,0.0,0.0,1.0,1.0
9,50,6.272971227862456,0.6170457423871867,0.0,1.0,0.0,1.0,0.0,1.0
10,50,5.3144765231022335,7.332605105948384,1.0,1.0,0.0,0.0,0.0,1.0
11,50,11.992712162497543,0.8679259486983648,1.0,0.0,1.0,0.0,1.0,0.0
12,50,3.483829103893453,7.4916102816320755,0.0,0.0,1.0,1.0,1.0,0.0
13,50,4.505241307131872,12.0,0.0,1.0,0.0,1.0,0.0,1.0
14,50,6.568448662689721,7.616146919950673,0.0,0.0,1.0,1.0,1.0,0.0
0,55,11.89004442491707,10.170262594949415,0.0,0.0,1.0,1.0,1.0,0.0
1,55,3.6475726735896177,5.456788255555665,1.0,0.0,0.0,0.0,1.0,1.0
2,55,11.788599754144096,7.327863172281492,0.0,0.0,1.0,1.0,1.0,0.0
3,55,4.903202763671783,8.703629375633382,1.0,1.0,0.0,0.0,0.0,1.0
4,55,7.38357823997242,8.77634966165116,0.0,0.0,0.0,1.0,1.0,1.0
5,55,5.845809635044427,3.846434932475544,1.0,0.0,1.0,0.0,1.0,0.0
6,55,5.079029497242496,6.382660223058383,1.0,1.0,0.0,0.0,0.0,1.0
7,55,11.113692951333038,0.0,1.0,1.0,0.0,0.0,0.0,1.0
8,55,2.850331954879774,4.540976502429188,1.0,0.0,0.0,0.0,1.0,1.0
9,55,6.274546090461195,0.6207717726295352,0.0,1.0,0.0,1.0,0.0,1.0
10,55,5.204582193564597,7.299452458798969,1.0,1.0,0.0,0.0,0.0,1.0
11,55,11.968158513687582,0.8803051418579304,1.0,0.0,1.0,0.0,1.0,0.0
12,55,3.4844962906050365,7.490943104944027,0.0,0.0,1.0,1.0,1.0,0.0
13,55,4.55509785571008,12.0,0.0,1.0,0.0,1.0,0.0,1.0
14,55,6.527494930336551,7.64619561828564,0.0,0.0,1.0,1.0,1.0,0.0
0,60,11.877443308413277,10.292083370926212,0.0,0.0,1.0,1.0,1.0,0.0
1,60,3.6377747902803503,5.440625632750035,1.0,0.0,0.0,0.0,1.0,1.0
2,60,11.79737209238871,7.396951547400651,0.0,0.0,1.0,1.0,1.0,0.0
3,60,4.901052848681676,8.726860829451791,1.0,1.0,0.0,0.0,0.0,1.0
4,60,7.392537294694726,8.770693164050346,0.0,0.0,0.0,1.0,1.0,1.0
5,60,5.858682281318252,3.856544445369455,1.0,0.0,1.0,0.0,1.0,0.0
6,60,4.994702092083474,6.328986673322556,1.0,1.0,0.0,0.0,0.0,1.0
7,60,11.0173473585399,0.0,1.0,1.0,0.0,0.0,0.0,1.0
8,60,2.9227736968782123,4.592904181076754,1.0,0.0,0.0,0.0,1.0,1.0
9,60,6.284540216576576,0.6428033620781249,0.0,1.0,0.0,1.0,0.0,1.0
10,60,5.101429520192472,7.270251917287234,1.0,1.0,0.0,0.0,0.0,1.0
11,60,11.94740929352376,0.8901033279051225,1.0,0.0,1.0,0.0,1.0,0.0
12,60,3.4995005239888943,7.476648619969379,0.0,0.0,1.0,1.0,1.0,0.0
13,60,4.6188249976010045,12.0,0.0,1.0,0.0,1.0,0.0,1.0
14,60,6.472533987570727,7.685510031613982,0.0,0.0,1.0,1.0,1.0,0.0
0,65,11.865102318046937,10.415358789950334,0.0,0.0,1.0,1.0,1.0,0.0
1,65,3.634971169985886,5.4358147870044204,1.0,0.0,0.0,0.0,1.0,1.0
2,65,11.806447522094942,7.467029773690944,0.0,0.0,1.0,1.0,1.0,0.0
3,65,4.90118321163215,8.725172168861189,1.0,1.0,0.0,0.0,0.0,1.0
4,65,7.381694586947036,8.777746137744353,0.0,0.0,0.0,1.0,1.0,1.0
5,65,5.871613041430746,3.86615024691413,1.0,0.0,1.0,0.0,1.0,0.0
6,65,4.906563563208409,6.2703691139011895,1.0,1.0,0.0,0.0,0.0,1.0
7,65,10.930472582628196,0.0,1.0,1.0,0.0,0.0,0.0,1.0
8,65,3.0093364603583845,4.6541048840766575,1.0,0.0,0.0,0.0,1.0,1.0
9,65,6.300038107444159,0.6760106039076408,0.0,1.0,0.0,1.0,0.0,1.0
10,65,5.0120517284853445,7.247358640382895,1.0,1.0,0.0,0.0,0.0,1.0
11,65,11.922983485241202,0.9016592442124288,1.0,0.0,1.0,0.0,1.0,0.0
12,65,3.5057842176091945,7.470303706981916,0.0,0.0,1.0,1.0,1.0,0.0
13,65,4.688930566632036,12.0,0.0,1.0,0.0,1.0,0.0,1.0
14,65,6.426481693458517,7.7208463232651985,0.0,0.0,1.0,1.0,1.0,0.0
0,70,11.850929923029248,10.5303103484679,0.0,0.0,1.0,1.0,1.0,0.0
1,70,3.638853749829992,5.442235941175782,1.0,0.0,0.0,0.0,1.0,1.0
2,70,11.81387174283467,7.553231922806381,0.0,0.0,1.0,1.0,1.0,0.0
3,70,4.899955175612133,8.73845129048598,1.0,1.0,0.0,0.0,0.0,1.0
4,70,7.36844659370915,8.786338024188197,0.0,0.0,0.0,1.0,1.0,1.0
5,70,5.887025518078025,3.877804630650065,1.0,0.0,1.0,0.0,1.0,0.0
6,70,4.808820565896255,6.203642609309848,1.0,1.0,0.0,0.0,0.0,1.0
7,70,10.860791740941243,0.0,1.0,1.0,0.0,0.0,0.0,1.0
8,70,3.1051418139802967,4.723552527388389,1.0,0.0,0.0,0.0,1.0,1.0
9,70,6.318894472533762,0.7149044829195437,0.0,1.0,0.0,1.0,0.0,1.0
10,70,4.900820142107598,7.219858654502911,1.0,1.0,0.0,0.0,0.0,1.0
11,70,11.8876952145871,0.9175668500284474,1.0,0.0,1.0,0.0,1.0,0.0
12,70,3.508355850427707,7.467633162415948,0.0,0.0,1.0,1.0,1.0,0.0
13,70,4.774041057099484,12.0,0.0,1.0,0.0,1.0,0.0,1.0
14,70,6.403203911516471,7.738405179659493,0.0,0.0,1.0,1.0,1.0,0.0
0,75,11.832410658770916,10.668501376555188,0.0,0.0,1.0,1.0,1.0,0.0
1,75,3.647702244537036,5.456976238581421,1.0,0.0,0.0,0.0,1.0,1.0
2,75,11.817211283968662,7.626448301034158,0.0,0.0,1.0,1.0,1.0,0.0
3,75,4.898722840254501,8.750981181171516,1.0,1.0,0.0,0.0,0.0,1.0
4,75,7.347239726468343,8.799322722780346,0.0,0.0,0.0,1.0,1.0,1.0
5,75,5.895298527308282,3.883974056631111,1.0,0.0,1.0,0.0,1.0,0.0
6,75,4.726093189192887,6.146540636825009,1.0,1.0,0.0,0.0,0.0,1.0
7,75,10.791913121683372,0.0,1.0,1.0,0.0,0.0,0.0,1.0
8,75,3.1911282533813643,4.78544412177363,1.0,0.0,0.0,0.0,1.0,1.0
9,75,6.337797687464849,0.7531339859291828,0.0,1.0,0.0,1.0,0.0,1.0
10,75,4.792092359554881,7.194179936230434,1.0,1.0,0.0,0.0,0.0,1.0
11,75,11.865543472626925,0.9276414113682494,1.0,0.0,1.0,0.0,1.0,0.0
12,75,3.4976134402375934,7.479466784422714,0.0,0.0,1.0,1.0,1.0,0.0
13,75,4.84689755766433,12.0,0.0,1.0,0.0,1.0,0.0,1.0
14,75,6.375611124925962,7.759330028137958,0.0,0.0,1.0,1.0,1.0,0.0
0,80,11.807574769927507,10.80421919800714,0.0,0.0,1.0,1.0,1.0,0.0
1,80,3.6596565410396913,5.475677107916553,1.0,0.0,0.0,0.0,1.0,1.0
2,80,11.820455318809394,7.701654094378529,0.0,0.0,1.0,1.0,1.0,0.0
3,80,4.898478804380748,8.753779094297908,1.0,1.0,0.0,0.0,0.0,1.0
4,80,7.326788923918354,8.811746100525141,0.0,0.0,0.0,1.0,1.0,1.0
5,80,5.899540052272232,3.887104220074928,1.0,0.0,1.0,0.0,1.0,0.0
6,80,4.638467084746204,6.087251814749575,1.0,1.0,0.0,0.0,0.0,1.0
7,80,10.718667167009931,0.0,1.0,1.0,0.0,0.0,0.0,1.0
8,80,3.2784153155813307,4.852705194365475,1.0,0.0,0.0,0.0,1.0,1.0
9,80,6.353894675730184,0.7869641607166191,0.0,1.0,0.0,1.0,0.0,1.0
10,80,4.684742001312624,7.169395603069857,1.0,1.0,0.0,0.0,0.0,1.0
11,80,11.835552940566869,0.9415925818831132,1.0,0.0,1.0,0.0,1.0,0.0
12,80,3.500805142261787,7.476065853073751,0.0,0.0,1.0,1.0,1.0,0.0
13,80,4.908143359600143,12.0,0.0,1.0,0.0,1.0,0.0,1.0
14,80,6.347311084462543,7.779397223002001,0.0,0.0,1.0,1.0,1.0,0.0
0,85,11.781708393578876,10.933444113962349,0.0,0.0,1.0,1.0,1.0,0.0
1,85,3.664238990986982,5.482594025881054,1.0,0.0,0.0,0.0,1.0,1.0
2,85,11.82475540777277,7.784730188728428,0.0,0.0,1.0,1.0,1.0,0.0
3,85,4.898878113495991,8.736915826093002,1.0,1.0,0.0,0.0,0.0,1.0
4,85,7.305680921248514,8.824601390147718,0.0,0.0,0.0,1.0,1.0,1.0
5,85,5.906949189910149,3.892342131380969,1.0,0.0,1.0,0.0,1.0,0.0
6,85,4.538405337387509,6.020669305932576,1.0,1.0,0.0,0.0,0.0,1.0
7,85,10.612714542717589,0.0,1.0,1.0,0.0,0.0,0.0,1.0
8,85,3.3820586402184567,4.934553300755607,1.0,0.0,0.0,0.0,1.0,1.0
9,85,6.375654825391575,0.8310387160237912,0.0,1.0,0.0,1.0,0.0,1.0
10,85,4.556680480502835,7.1419829131051324,1.0,1.0,0.0,0.0,0.0,1.0
11,85,11.80386585492568,0.957723988280748,1.0,0.0,1.0,0.0,1.0,0.0
12,85,3.500270824088224,7.476649823296888,0.0,0.0,1.0,1.0,1.0,0.0
13,85,4.969937634903903,12.0,0.0,1.0,0.0,1.0,0.0,1.0
14,85,6.324342628750003,7.795990768126449,0.0,0.0,1.0,1.0,1.0,0.0
0,90,11.75794458922284,11.049807104261006,0.0,0.0,1.0,1.0,1.0,0.0
1,90,3.67223687941266,5.494266104737478,1.0,0.0,0.0,0.0,1.0,1.0
2,90,11.830361283627283,7.897009280138063,0.0,0.0,1.0,1.0,1.0,0.0
3,90,4.900233488312408,8.704930444168983,1.0,1.0,0.0,0.0,0.0,1.0
4,90,7.27848000290875,8.840543801924907,0.0,0.0,0.0,1.0,1.0,1.0
5,90,5.918691922686785,3.901175975630703,1.0,0.0,1.0,0.0,1.0,0.0
6,90,4.437727979676218,5.956028549015461,1.0,1.0,0.0,0.0,0.0,1.0
7,90,10.52626450177365,0.0,1.0,1.0,0.0,0.0,0.0,1.0
8,90,3.4930825826742837,5.0220258845997865,1.0,0.0,0.0,0.0,1.0,1.0
9,90,6.39356784873599,0.8673840320651355,0.0,1.0,0.0,1.0,0.0,1.0
10,90,4.42708532078119,7.114482455117546,1.0,1.0,0.0,0.0,0.0,1.0
11,90,11.76096635957512,0.979403020604098,1.0,0.0,1.0,0.0,1.0,0.0
12,90,3.505502472136803,7.471131727509666,0.0,0.0,1.0,1.0,1.0,0.0
13,90,5.030668841936836,12.0,0.0,1.0,0.0,1.0,0.0,1.0
14,90,6.300306055064805,7.813190434471085,0.0,0.0,1.0,1.0,1.0,0.0
0,95,11.727859767446732,11.194325285331091,0.0,0.0,1.0,1.0,1.0,0.0
1,95,3.672445929549404,5.494580178579918,1.0,0.0,0.0,0.0,1.0,1.0
2,95,11.832474952853884,7.980909932506999,0.0,0.0,1.0,1.0,1.0,0.0
3,95,4.902618057953813,8.665815023556739,1.0,1.0,0.0,0.0,0.0,1.0
4,95,7.261091483107684,8.85009694923465,0.0,0.0,0.0,1.0,1.0,1.0
5,95,5.919661925449468,3.901907392707355,1.0,0.0,1.0,0.0,1.0,0.0
6,95,4.344105472680994,5.895819210574641,1.0,1.0,0.0,0.0,0.0,1.0
7,95,10.435966501662143,0.0,1.0,1.0,0.0,0.0,0.0,1.0
8,95,3.5947868282298185,5.0974821379683375,1.0,0.0,0.0,0.0,1.0,1.0
9,95,6.410892256802313,0.9019290913741352,0.0,1.0,0.0,1.0,0.0,1.0
10,95,4.305570066209096,7.089823403603311,1.0,1.0,0.0,0.0,0.0,1.0
11,95,11.704008497933012,1.0101152799772857,1.0,0.0,1.0,0.0,1.0,0.0
12,95,3.4978554107197413,7.47905921123164,0.0,0.0,1.0,1.0,1.0,0.0
13,95,5.08566335442208,12.0,0.0,1.0,0.0,1.0,0.0,1.0
14,95,6.289906979849731,7.82047951326973,0.0,0.0,1.0,1.0,1.0,0.0
0,100,11.700840462608843,11.33139122984734,0.0,0.0,1.0,1.0,1.0,0.0
1,100,3.673523368285685,5.496404052940823,1.0,0.0,0.0,0.0,1.0,1.0
2,100,11.832070725351064,8.065467510115,0.0,0.0,1.0,1.0,1.0,0.0
3,100,4.904089984645778,8.627967526974077,1.0,1.0,0.0,0.0,0.0,1.0
4,100,7.25819890622086,8.851634275983058,0.0,0.0,0.0,1.0,1.0,1.0
5,100,5.901192961570696,3.8883157984983487,1.0,0.0,1.0,0.0,1.0,0.0
6,100,4.225881858272416,5.822583022412236,1.0,1.0,0.0,0.0,0.0,1.0
7,100,10.345246207546204,0.0,1.0,1.0,0.0,0.0,0.0,1.0
8,100,3.704466441014248,5.175397189515729,1.0,0.0,0.0,0.0,1.0,1.0
9,100,6.429505711178849,0.9379369641628336,0.0,1.0,0.0,1.0,0.0,1.0
10,100,4.209439565015401,7.070505128692977,1.0,1.0,0.0,0.0,0.0,1.0
11,100,11.666584070163614,1.0304849676288124,1.0,0.0,1.0,0.0,1.0,0.0
12,100,3.497105772109942,7.479888095718952,0.0,0.0,1.0,1.0,1.0,0.0
13,100,5.132947242077561,12.0,0.0,1.0,0.0,1.0,0.0,1.0
14,100,6.292201393810348,7.818922626015856,0.0,0.0,1.0,1.0,1.0,0.0
0,105,11.673186004599016,11.466175077525062,0.0,0.0,1.0,1.0,1.0,0.0
1,105,3.681493811804233,5.51031996340866,1.0,0.0,0.0,0.0,1.0,1.0
2,105,11.83246846304301,8.157779022968027,0.0,0.0,1.0,1.0,1.0,0.0
3,105,4.904668612285816,8.595199802036674,1.0,1.0,0.0,0.0,0.0,1.0
4,105,7.257192601419291,8.852171525488021,0.0,0.0,0.0,1.0,1.0,1.0
5,105,5.897471545942846,3.885619027144223,1.0,0.0,1.0,0.0,1.0,0.0
6,105,4.11624762960201,5.749079312370911,1.0,1.0,0.0,0.0,0.0,1.0
7,105,10.252999258894096,0.0,1.0,1.0,0.0,0.0,0.0,1.0
8,105,3.814418172091596,5.260209668718415,1.0,0.0,0.0,0.0,1.0,1.0
9,105,6.441401760456594,0.961044290511527,0.0,1.0,0.0,1.0,0.0,1.0
10,105,4.082346871313735,7.043455890793157,1.0,1.0,0.0,0.0,0.0,1.0
11,105,11.615261634996656,1.0587968226870277,1.0,0.0,1.0,0.0,1.0,0.0
12,105,3.4969594996429314,7.480045559276732,0.0,0.0,1.0,1.0,1.0,0.0
13,105,5.183456186113358,12.0,0.0,1.0,0.0,1.0,0.0,1.0
14,105,6.298869374767083,7.814515039308515,0.0,0.0,1.0,1.0,1.0,0.0
0,110,11.647579435253448,11.604084026464523,0.0,0.0,1.0,1.0,1.0,0.0
1,110,3.693308177037929,5.530292718269898,1.0,0.0,0.0,0.0,1.0,1.0
2,110,11.832324076807987,8.268803350047975,0.0,0.0,1.0,1.0,1.0,0.0
3,110,4.904813849194861,8.562180442483392,1.0,1.0,0.0,0.0,0.0,1.0
4,110,7.2664433998775,8.847029485539467,0.0,0.0,0.0,1.0,1.0,1.0
5,110,5.889606837059789,3.879973124398514,1.0,0.0,1.0,0.0,1.0,0.0
6,110,4.028617070533134,5.68991208933434,1.0,1.0,0.0,0.0,0.0,1.0
7,110,10.1469904507606,0.0,1.0,1.0,0.0,0.0,0.0,1.0
8,110,3.929972334219148,5.347844895967246,1.0,0.0,0.0,0.0,1.0,1.0
9,110,6.4505190094257365,0.9794807144370686,0.0,1.0,0.0,1.0,0.0,1.0
10,110,3.9658937007759407,7.021875151565868,1.0,1.0,0.0,0.0,0.0,1.0
11,110,11.574815142752842,1.0804135420695855,1.0,0.0,1.0,0.0,1.0,0.0
12,110,3.51238350012055,7.463760396365801,0.0,0.0,1.0,1.0,1.0,0.0
13,110,5.252082304214828,12.0,0.0,1.0,0.0,1.0,0.0,1.0
14,110,6.308266854240474,7.808590205484311,0.0,0.0,1.0,1.0,1.0,0.0
0,115,11.62584545426713,11.727051952747232,0.0,0.0,1.0,1.0,1.0,0.0
1,115,3.713278982636939,5.564500227129896,1.0,0.0,0.0,0.0,1.0,1.0
2,115,11.832649899385594,8.367360468173292,0.0,0.0,1.0,1.0,1.0,0.0
3,115,4.905518906047917,8.510025071859104,1.0,1.0,0.0,0.0,0.0,1.0
4,115,7.27753539502588,8.841004235099177,0.0,0.0,0.0,1.0,1.0,1.0
5,115,5.875945042663569,3.869787554525274,1.0,0.0,1.0,0.0,1.0,0.0
6,115,3.941107053357488,5.635493651283291,1.0,1.0,0.0,0.0,0.0,1.0
7,115,10.02613228464404,0.0,1.0,1.0,0.0,0.0,0.0,1.0
8,115,4.042967997827089,5.438104341263063,1.0,0.0,0.0,0.0,1.0,1.0
9,115,6.452014475630963,0.9825918994871456,0.0,1.0,0.0,1.0,0.0,1.0
10,115,3.853211449483904,7.005652171699471,1.0,1.0,0.0,0.0,0.0,1.0
11,115,11.541541901125768,1.0981911833561409,1.0,0.0,1.0,0.0,1.0,0.0
12,115,3.530247529462246,7.445417084057725,0.0,0.0,1.0,1.0,1.0,0.0
13,115,5.317875864244166,12.0,0.0,1.0,0.0,1.0,0.0,1.0
14,115,6.306826285435888,7.809524098610975,0.0,0.0,1.0,1.0,1.0,0.0
0,120,11.602724406517511,11.848642921675683,0.0,0.0,1.0,1.0,1.0,0.0
1,120,3.733720902594667,5.602061055505011,1.0,0.0,0.0,0.0,1.0,1.0
2,120,11.833380744351729,8.472696331156287,0.0,0.0,1.0,1.0,1.0,0.0
3,120,4.906147862935805,8.47375698370142,1.0,1.0,0.0,0.0,0.0,1.0
4,120,7.278124683490124,8.840651766314766,0.0,0.0,0.0,1.0,1.0,1.0
5,120,5.867760667640735,3.863661745204884,1.0,0.0,1.0,0.0,1.0,0.0
6,120,3.846421322486652,5.575994584063149,1.0,1.0,0.0,0.0,0.0,1.0
7,120,9.891650585899097,0.0,1.0,1.0,0.0,0.0,0.0,1.0
8,120,4.132940753215592,5.511324509005669,1.0,0.0,0.0,0.0,1.0,1.0
9,120,6.458195947767352,0.995595089812208,0.0,1.0,0.0,1.0,0.0,1.0
10,120,3.731503650878598,6.989572826493796,1.0,1.0,0.0,0.0,0.0,1.0
11,120,11.50583405810855,1.1172471533388648,1.0,0.0,1.0,0.0,1.0,0.0
12,120,3.5485279333848707,7.426977387644983,0.0,0.0,1.0,1.0,1.0,0.0
13,120,5.392395805731352,12.0,0.0,1.0,0.0,1.0,0.0,1.0
14,120,6.281382995151304,7.826475918303941,0.0,0.0,1.0,1.0,1.0,0.0
0,125,11.584791599916676,11.954943783708542,0.0,0.0,1.0,1.0,1.0,0.0
1,125,3.745915498025195,5.625631195440479,1.0,0.0,0.0,0.0,1.0,1.0
2,125,11.835231401137314,8.574856840838077,0.0,0.0,1.0,1.0,1.0,0.0
3,125,4.906317266287641,8.4170600038367,1.0,1.0,0.0,0.0,0.0,1.0
4,125,7.281271446716386,8.838564550298138,0.0,0.0,0.0,1.0,1.0,1.0
5,125,5.856331630011117,3.855032842296628,1.0,0.0,1.0,0.0,1.0,0.0
6,125,3.765169777133908,5.525768047492048,1.0,1.0,0.0,0.0,0.0,1.0
7,125,9.740167946032496,0.0,1.0,1.0,0.0,0.0,0.0,1.0
8,125,4.219995316557476,5.583689740285976,1.0,0.0,0.0,0.0,1.0,1.0
9,125,6.464675993019682,1.0112255318773786,0.0,1.0,0.0,1.0,0.0,1.0
10,125,3.611386240992987,6.973784641481677,1.0,1.0,0.0,0.0,0.0,1.0
11,125,11.454076955214658,1.1440888440064854,1.0,0.0,1.0,0.0,1.0,0.0
12,125,3.5673727329712217,7.407238169847286,0.0,0.0,1.0,1.0,1.0,0.0
13,125,5.461575462024568,12.0,0.0,1.0,0.0,1.0,0.0,1.0
14,125,6.264101557427221,7.837951855925048,0.0,0.0,1.0,1.0,1.0,0.0
0,130,11.563073269224192,12.0,0.0,0.0,1.0,1.0,1.0,0.0
1,130,3.7626044729847408,5.660105898326031,1.0,0.0,0.0,0.0,1.0,1.0
2,130,11.838017109254608,8.681995108645845,0.0,0.0,1.0,1.0,1.0,0.0
3,130,4.90596945336815,8.36877409667609,1.0,1.0,0.0,0.0,0.0,1.0
4,130,7.2851683469044275,8.835917163226382,0.0,0.0,0.0,1.0,1.0,1.0
5,130,5.831808848432454,3.836951680119881,1.0,0.0,1.0,0.0,1.0,0.0
6,130,3.685769615742042,5.472414271302544,1.0,1.0,0.0,0.0,0.0,1.0
7,130,9.582496993891189,0.0,1.0,1.0,0.0,0.0,0.0,1.0
8,130,4.305074596948924,5.652164241078578,1.0,0.0,0.0,0.0,1.0,1.0
9,130,6.466183692558351,1.0148339632331271,0.0,1.0,0.0,1.0,0.0,1.0
10,130,3.4935402284140302,6.959870630559473,1.0,1.0,0.0,0.0,0.0,1.0
11,130,11.401174215802031,1.172712112116309,1.0,0.0,1.0,0.0,1.0,0.0
12,130,3.5654938466218304,7.409134709705676,0.0,0.0,1.0,1.0,1.0,0.0
13,130,5.520884442951193,12.0,0.0,1.0,0.0,1.0,0.0,1.0
14,130,6.2429638586865925,7.852267649782982,0.0,0.0,1.0,1.0,1.0,0.0
0,135,11.542245963370064,12.0,0.0,0.0,1.0,1.0,1.0,0.0
1,135,3.7917692143676014,5.714868486749825,1.0,0.0,0.0,0.0,1.0,1.0
2,135,11.83854994101996,8.788136215018627,0.0,0.0,1.0,1.0,1.0,0.0
3,135,4.904107052895586,8.313514344162606,1.0,1.0,0.0,0.0,0.0,1.0
4,135,7.270638777917738,8.845444221127263,0.0,0.0,0.0,1.0,1.0,1.0
5,135,5.799390724832,3.8128182398172337,1.0,0.0,1.0,0.0,1.0,0.0
6,135,3.5939820650130936,5.406567972533914,1.0,1.0,0.0,0.0,0.0,1.0
7,135,9.461555168813849,0.0,1.0,1.0,0.0,0.0,0.0,1.0
8,135,4.3946032689031975,5.723388299425401,1.0,0.0,0.0,0.0,1.0,1.0
9,135,6.469062898979836,1.0217707496258703,0.0,1.0,0.0,1.0,0.0,1.0
10,135,3.3760116316128,6.94476448122278,1.0,1.0,0.0,0.0,0.0,1.0
11,135,11.35041235774968,1.1998304681324858,1.0,0.0,1.0,0.0,1.0,0.0
12,135,3.5762847605551515,7.398813845991703,0.0,0.0,1.0,1.0,1.0,0.0
13,135,5.565366017546855,12.0,0.0,1.0,0.0,1.0,0.0,1.0
14,135,6.223018515684507,7.86576232896539,0.0,0.0,1.0,1.0,1.0,0.0
0,140,11.522927257778337,12.0,0.0,0.0,1.0,1.0,1.0,0.0
1,140,3.823902342419384,5.773770639955005,1.0,0.0,0.0,0.0,1.0,1.0
2,140,11.839072745376232,8.855505583622364,0.0,0.0,1.0,1.0,1.0,0.0
3,140,4.902906888212791,8.255196561625539,1.0,1.0,0.0,0.0,0.0,1.0
4,140,7.275966107358871,8.841864152662932,0.0,0.0,0.0,1.0,1.0,1.0
5,140,5.777360682789049,3.796551044174388,1.0,0.0,1.0,0.0,1.0,0.0
6,140,3.4821444737750067,5.323957057285498,1.0,1.0,0.0,0.0,0.0,1.0
7,140,9.34752536372703,0.0,1.0,1.0,0.0,0.0,0.0,1.0
8,140,4.486414168181051,5.797712083727141,1.0,0.0,0.0,0.0,1.0,1.0
9,140,6.467436941166706,1.0177892242916722,0.0,1.0,0.0,1.0,0.0,1.0
10,140,3.2731817118955924,6.932172850369798,1.0,1.0,0.0,0.0,0.0,1.0
11,140,11.304112365151669,1.222673012682398,1.0,0.0,1.0,0.0,1.0,0.0
12,140,3.58970526566675,7.386110802957464,0.0,0.0,1.0,1.0,1.0,0.0
13,140,5.611802897476611,12.0,0.0,1.0,0.0,1.0,0.0,1.0
14,140,6.209749443013722,7.874558082646532,0.0,0.0,1.0,1.0,1.0,0.0
0,145,11.505467065763716,12.0,0.0,0.0,1.0,1.0,1.0,0.0
1,145,3.8547360312807992,5.825944757485669,1.0,0.0,0.0,0.0,1.0,1.0
2,145,11.837562675972926,8.921280787701567,0.0,0.0,1.0,1.0,1.0,0.0
3,145,4.901302656052958,8.173380213306176,1.0,1.0,0.0,0.0,0.0,1.0
4,145,7.292553569299377,8.830442341051135,0.0,0.0,0.0,1.0,1.0,1.0
5,145,5.7472223500282125,3.7749644668396583,1.0,0.0,1.0,0.0,1.0,0.0
6,145,3.372210828180615,5.240737151093038,1.0,1.0,0.0,0.0,0.0,1.0
7,145,9.250024155260176,0.0,1.0,1.0,0.0,0.0,0.0,1.0
8,145,4.59803781943984,5.88243993442919,1.0,0.0,0.0,0.0,1.0,1.0
9,145,6.458103043765014,0.998612902493268,0.0,1.0,0.0,1.0,0.0,1.0
10,145,3.156723756763236,6.918357653941733,1.0,1.0,0.0,0.0,0.0,1.0
11,145,11.26204811576516,1.243268038263743,1.0,0.0,1.0,0.0,1.0,0.0
12,145,3.597941487365688,7.378079715331967,0.0,0.0,1.0,1.0,1.0,0.0
13,145,5.643263471280451,12.0,0.0,1.0,0.0,1.0,0.0,1.0
14,145,6.210676695253771,7.87392470378211,0.0,0.0,1.0,1.0,1.0,0.0
0,150,11.48788200113105,12.0,0.0,0.0,1.0,1.0,1.0,0.0
1,150,3.892186778320832,5.888507580073455,1.0,0.0,0.0,0.0,1.0,1.0
2,150,11.835292378719249,8.991882107897197,0.0,0.0,1.0,1.0,1.0,0.0
3,150,4.904980701462437,8.076840891557373,1.0,1.0,0.0,0.0,0.0,1.0
4,150,7.288449475157094,8.83326713833486,0.0,0.0,0.0,1.0,1.0,1.0
5,150,5.711508749201074,3.747031446243783,1.0,0.0,1.0,0.0,1.0,0.0
6,150,3.268939641187937,5.166853374192521,1.0,1.0,0.0,0.0,0.0,1.0
7,150,9.14016642093119,0.0,1.0,1.0,0.0,0.0,0.0,1.0
8,150,4.686140539173466,5.948297738043744,1.0,0.0,0.0,0.0,1.0,1.0
9,150,6.455031125479022,0.9917431150414248,0.0,1.0,0.0,1.0,0.0,1.0
10,150,3.038077377965297,6.907601065290348,1.0,1.0,0.0,0.0,0.0,1.0
11,150,11.222778660839865,1.2631889072459606,1.0,0.0,1.0,0.0,1.0,0.0
12,150,3.608152563914792,7.367889724819247,0.0,0.0,1.0,1.0,1.0,0.0
13,150,5.682715184966883,12.0,0.0,1.0,0.0,1.0,0.0,1.0
14,150,6.209724303782987,7.874575004898797,0.0,0.0,1.0,1.0,1.0,0.0
0,155,11.474548119479332,12.0,0.0,0.0,1.0,1.0,1.0,0.0
1,155,3.9270293281816735,5.946642838369495,1.0,0.0,0.0,0.0,1.0,1.0
2,155,11.83308890279664,9.068078407048516,0.0,0.0,1.0,1.0,1.0,0.0
3,155,4.910268739926754,7.931292492398593,1.0,1.0,0.0,0.0,0.0,1.0
4,155,7.294840901977221,8.828791141954545,0.0,0.0,0.0,1.0,1.0,1.0
5,155,5.681735547864942,3.724164219012419,1.0,0.0,1.0,0.0,1.0,0.0
6,155,3.1497221156180544,5.085244225451426,1.0,1.0,0.0,0.0,0.0,1.0
7,155,9.023679873456096,0.0,1.0,1.0,0.0,0.0,0.0,1.0
8,155,4.7570426367626375,6.002880772676588,1.0,0.0,0.0,0.0,1.0,1.0
9,155,6.45187793151409,0.9845651069089124,0.0,1.0,0.0,1.0,0.0,1.0
10,155,2.9298961136976374,6.898255310318395,1.0,1.0,0.0,0.0,0.0,1.0
11,155,11.185677929365635,1.280311921866572,1.0,0.0,1.0,0.0,1.0,0.0
12,155,3.611608351530052,7.364445516672612,0.0,0.0,1.0,1.0,1.0,0.0
13,155,5.7143258719199705,12.0,0.0,1.0,0.0,1.0,0.0,1.0
14,155,6.2153520033967125,7.870921895141844,0.0,0.0,1.0,1.0,1.0,0.0
0,160,11.458695798839011,12.0,0.0,0.0,1.0,1.0,1.0,0.0
1,160,3.961389578723138,6.005808271877134,1.0,0.0,0.0,0.0,1.0,1.0
2,160,11.83186232016858,9.131055127122863,0.0,0.0,1.0,1.0,1.0,0.0
3,160,4.914564584727866,7.784062651029172,1.0,1.0,0.0,0.0,0.0,1.0
4,160,7.291970158933094,8.83074006110605,0.0,0.0,0.0,1.0,1.0,1.0
5,160,5.648815400730853,3.698069528852397,1.0,0.0,1.0,0.0,1.0,0.0
6,160,3.03667217459702,5.010468866829978,1.0,1.0,0.0,0.0,0.0,1.0
7,160,8.9219248182303,0.0,1.0,1.0,0.0,0.0,0.0,1.0
8,160,4.831533791865201,6.061173314865383,1.0,0.0,0.0,0.0,1.0,1.0
9,160,6.447692975569919,0.9749208414441636,0.0,1.0,0.0,1.0,0.0,1.0
10,160,2.825572392998645,6.890763768164018,1.0,1.0,0.0,0.0,0.0,1.0
11,160,11.145513559427402,1.3013124427313545,1.0,0.0,1.0,0.0,1.0,0.0
12,160,3.6087452976394334,7.367184922452134,0.0,0.0,1.0,1.0,1.0,0.0
13,160,5.752743901743791,12.0,0.0,1.0,0.0,1.0,0.0,1.0
14,160,6.21606665326737,7.870452575920122,0.0,0.0,1.0,1.0,1.0,0.0
0,165,11.448997733585044,12.0,0.0,0.0,1.0,1.0,1.0,0.0
1,165,4.004568657540492,6.0765945153402505,1.0,0.0,0.0,0.0,1.0,1.0
2,165,11.829334240813832,9.203292309854842,0.0,0.0,1.0,1.0,1.0,0.0
3,165,4.916967768530577,7.630193632432294,1.0,1.0,0.0,0.0,0.0,1.0
4,165,7.299106587900921,8.826061415494129,0.0,0.0,0.0,1.0,1.0,1.0
5,165,5.628889295407704,3.682458950990009,1.0,0.0,1.0,0.0,1.0,0.0
6,165,2.913834367426356,4.932219989376016,1.0,1.0,0.0,0.0,0.0,1.0
7,165,8.80675654375533,0.0,1.0,1.0,0.0,0.0,0.0,1.0
8,165,4.901214052459257,6.118852224403158,1.0,0.0,0.0,0.0,1.0,1.0
9,165,6.44932304183494,0.978821018153663,0.0,1.0,0.0,1.0,0.0,1.0
10,165,2.7197776259416795,6.882872824145805,1.0,1.0,0.0,0.0,0.0,1.0
11,165,11.105744000340271,1.3221439694346335,1.0,0.0,1.0,0.0,1.0,0.0
12,165,3.5923773137637296,7.383173497819519,0.0,0.0,1.0,1.0,1.0,0.0
13,165,5.790370834909172,12.0,0.0,1.0,0.0,1.0,0.0,1.0
14,165,6.217707349569942,7.869364330032591,0.0,0.0,1.0,1.0,1.0,0.0
0,170,11.443877948793286,12.0,0.0,0.0,1.0,1.0,1.0,0.0
1,170,4.049253824567589,6.149467353384844,1.0,0.0,0.0,0.0,1.0,1.0
2,170,11.8266999968887,9.291314680836312,0.0,0.0,1.0,1.0,1.0,0.0
3,170,4.918524318326556,7.467549851868148,1.0,1.0,0.0,0.0,0.0,1.0
4,170,7.290481981179074,8.831828888626292,0.0,0.0,0.0,1.0,1.0,1.0
5,170,5.5959761133270245,3.6579736864586807,1.0,0.0,1.0,0.0,1.0,0.0
6,170,2.8042266241695004,4.867694953486556,1.0,1.0,0.0,0.0,0.0,1.0
7,170,8.700141080148649,0.0,1.0,1.0,0.0,0.0,0.0,1.0
8,170,4.985215348355304,6.184937961731773,1.0,0.0,0.0,0.0,1.0,1.0
9,170,6.450174000833239,0.9808645602613388,0.0,1.0,0.0,1.0,0.0,1.0
10,170,2.6045603537913324,6.875547415696755,1.0,1.0,0.0,0.0,0.0,1.0
11,170,11.07732828440898,1.3374945922759065,1.0,0.0,1.0,0.0,1.0,0.0
12,170,3.5819889567919274,7.393331511407634,0.0,0.0,1.0,1.0,1.0,0.0
13,170,5.820515998254972,12.0,0.0,1.0,0.0,1.0,0.0,1.0
14,170,6.230811040983848,7.860851682595594,0.0,0.0,1.0,1.0,1.0,0.0
0,175,11.437208857990552,12.0,0.0,0.0,1.0,1.0,1.0,0.0
1,175,4.100424638091551,6.23462748790294,1.0,0.0,0.0,0.0,1.0,1.0
2,175,11.82383770269718,9.393552152480352,0.0,0.0,1.0,1.0,1.0,0.0
3,175,4.918535742567278,7.292753113276767,1.0,1.0,0.0,0.0,0.0,1.0
4,175,7.268525994456836,8.84719384854319,0.0,0.0,0.0,1.0,1.0,1.0
5,175,5.555406430790916,3.62896307355742,1.0,0.0,1.0,0.0,1.0,0.0
6,175,2.6946302445831507,4.8041491653606965,1.0,1.0,0.0,0.0,0.0,1.0
7,175,8.617243111072892,0.0,1.0,1.0,0.0,0.0,0.0,1.0
8,175,5.074425780337201,6.254476584342537,1.0,0.0,0.0,0.0,1.0,1.0
9,175,6.455625945323259,0.9942117518522166,0.0,1.0,0.0,1.0,0.0,1.0
10,175,2.4930553666627824,6.86752531800513,1.0,1.0,0.0,0.0,0.0,1.0
11,175,11.053693066992968,1.3491934458159098,1.0,0.0,1.0,0.0,1.0,0.0
12,175,3.5620980259640773,7.412970880006587,0.0,0.0,1.0,1.0,1.0,0.0
13,175,5.847766104160543,12.0,0.0,1.0,0.0,1.0,0.0,1.0
14,175,6.241263970819453,7.854120267884068,0.0,0.0,1.0,1.0,1.0,0.0
0,180,11.427601180010711,12.0,0.0,0.0,1.0,1.0,1.0,0.0
1,180,4.150358870184219,6.32230119234097,1.0,0.0,0.0,0.0,1.0,1.0
2,180,11.824407758229857,9.515432413094072,0.0,0.0,1.0,1.0,1.0,0.0
3,180,4.918713174301248,7.113701366875097,1.0,1.0,0.0,0.0,0.0,1.0
4,180,7.259555503949962,8.853272197817741,0.0,0.0,0.0,1.0,1.0,1.0
5,180,5.528753471687063,3.610383361611524,1.0,0.0,1.0,0.0,1.0,0.0
6,180,2.5818802590322307,4.7375424601213085,1.0,1.0,0.0,0.0,0.0,1.0
7,180,8.52347688796566,0.0,1.0,1.0,0.0,0.0,0.0,1.0
8,180,5.165045147914545,6.326060682694638,1.0,0.0,0.0,0.0,1.0,1.0
9,180,6.468065989227783,1.0247259318424486,0.0,1.0,0.0,1.0,0.0,1.0
10,180,2.3803722013028468,6.860922988215892,1.0,1.0,0.0,0.0,0.0,1.0
11,180,11.014232740967053,1.3684476409005566,1.0,0.0,1.0,0.0,1.0,0.0
12,180,3.542535873640148,7.432508608594238,0.0,0.0,1.0,1.0,1.0,0.0
13,180,5.876350177021561,12.0,0.0,1.0,0.0,1.0,0.0,1.0
14,180,6.261865756177946,7.841168645495832,0.0,0.0,1.0,1.0,1.0,0.0
0,185,11.420343867197436,12.0,0.0,0.0,1.0,1.0,1.0,0.0
1,185,4.207886711851359,6.423141558868225,1.0,0.0,0.0,0.0,1.0,1.0
2,185,11.82583794593998,9.630435290855903,0.0,0.0,1.0,1.0,1.0,0.0
3,185,4.925737091617185,6.933839882041901,1.0,1.0,0.0,0.0,0.0,1.0
4,185,7.246632455999064,8.862403286210649,0.0,0.0,0.0,1.0,1.0,1.0
5,185,5.497598357534098,3.589881127364528,1.0,0.0,1.0,0.0,1.0,0.0
6,185,2.4802515379143557,4.678532927129127,1.0,1.0,0.0,0.0,0.0,1.0
7,185,8.449302786610783,0.0,1.0,1.0,0.0,0.0,0.0,1.0
8,185,5.24545275455772,6.387405271597173,1.0,0.0,0.0,0.0,1.0,1.0
9,185,6.485086074948595,1.0664492447296134,0.0,1.0,0.0,1.0,0.0,1.0
10,185,2.2870911127605487,6.858357975858753,1.0,1.0,0.0,0.0,0.0,1.0
11,185,10.955687325255257,1.3990975985641958,1.0,0.0,1.0,0.0,1.0,0.0
12,185,3.511546885357073,7.462635366145353,0.0,0.0,1.0,1.0,1.0,0.0
13,185,5.90746812052156,12.0,0.0,1.0,0.0,1.0,0.0,1.0
14,185,6.27533873554102,7.832286538777557,0.0,0.0,1.0,1.0,1.0,0.0
0,190,11.41037165178533,12.0,0.0,0.0,1.0,1.0,1.0,0.0
1,190,4.274893748646162,6.54117302888086,1.0,0.0,0.0,0.0,1.0,1.0
2,190,11.83030216499463,9.74215859396526,0.0,0.0,1.0,1.0,1.0,0.0
3,190,4.931125423917881,6.714759517731792,1.0,1.0,0.0,0.0,0.0,1.0
4,190,7.236942197064085,8.869374885706886,0.0,0.0,0.0,1.0,1.0,1.0
5,190,5.457981670505779,3.5637674835641366,1.0,0.0,1.0,0.0,1.0,0.0
6,190,2.397752490234782,4.6312402276768045,1.0,1.0,0.0,0.0,0.0,1.0
7,190,8.375235360169043,0.0,1.0,1.0,0.0,0.0,0.0,1.0
8,190,5.330851900119612,6.453001180653208,1.0,0.0,0.0,0.0,1.0,1.0
9,190,6.499983321251622,1.1040671520512966,0.0,1.0,0.0,1.0,0.0,1.0
10,190,2.214857421849062,6.856118087217534,1.0,1.0,0.0,0.0,0.0,1.0
11,190,10.926187132262468,1.414160332427956,1.0,0.0,1.0,0.0,1.0,0.0
12,190,3.478740258393051,7.4948522408003475,0.0,0.0,1.0,1.0,1.0,0.0
13,190,5.930067163157648,12.0,0.0,1.0,0.0,1.0,0.0,1.0
14,190,6.278425467291688,7.830153956645911,0.0,0.0,1.0,1.0,1.0,0.0
0,195,11.39880745564385,12.0,0.0,0.0,1.0,1.0,1.0,0.0
1,195,4.344779462567289,6.652272186427817,1.0,0.0,0.0,0.0,1.0,1.0
2,195,11.83517610069419,9.853064648147091,0.0,0.0,1.0,1.0,1.0,0.0
3,195,4.937483747791355,6.499148916033394,1.0,1.0,0.0,0.0,0.0,1.0
4,195,7.229984276724696,8.874548826917051,0.0,0.0,0.0,1.0,1.0,1.0
5,195,5.418942871836393,3.537203038445327,1.0,0.0,1.0,0.0,1.0,0.0
6,195,2.321483494673944,4.587844393609768,1.0,1.0,0.0,0.0,0.0,1.0
7,195,8.307534888596436,0.0,1.0,1.0,0.0,0.0,0.0,1.0
8,195,5.427127161609982,6.527513762486537,1.0,0.0,0.0,0.0,1.0,1.0
9,195,6.513752091199589,1.1367773006148307,0.0,1.0,0.0,1.0,0.0,1.0
10,195,2.148062659340688,6.85294516031158,1.0,1.0,0.0,0.0,0.0,1.0
11,195,10.869492466117682,1.4417094253671834,1.0,0.0,1.0,0.0,1.0,0.0
12,195,3.439030216219589,7.53343876272393,0.0,0.0,1.0,1.0,1.0,0.0
13,195,5.949820037645657,12.0,0.0,1.0,0.0,1.0,0.0,1.0
14,195,6.283257378357443,7.826662181637157,0.0,0.0,1.0,1.0,1.0,0.0
0,200,11.387012802687003,12.0,0.0,0.0,1.0,1.0,1.0,0.0
1,200,4.41587585239179,6.761481533709055,1.0,0.0,0.0,0.0,1.0,1.0
2,200,11.842302619545949,9.975950007376408,0.0,0.0,1.0,1.0,1.0,0.0
3,200,4.944415322694762,6.2941136527971935,1.0,1.0,0.0,0.0,0.0,1.0
4,200,7.210231610321983,8.889848069685787,0.0,0.0,0.0,1.0,1.0,1.0
5,200,5.384308408429032,3.514988858730773,1.0,0.0,1.0,0.0,1.0,0.0
6,200,2.253069817236042,4.5484359891753305,1.0,1.0,0.0,0.0,0.0,1.0
7,200,8.335728473503538,0.0,1.0,1.0,0.0,0.0,0.0,1.0
8,200,5.506670102872827,6.589975427159779,1.0,0.0,0.0,0.0,1.0,1.0
9,200,6.527510970692014,1.173284585166215,0.0,1.0,0.0,1.0,0.0,1.0
10,200,2.080265671121788,6.849158381651656,1.0,1.0,0.0,0.0,0.0,1.0
11,200,10.804871155469955,1.4706070107834748,1.0,0.0,1.0,0.0,1.0,0.0
12,200,3.417744615812095,7.554030994185585,0.0,0.0,1.0,1.0,1.0,0.0
13,200,5.969169664267426,12.0,0.0,1.0,0.0,1.0,0.0,1.0
14,200,6.287928625039202,7.823031763954047,0.0,0.0,1.0,1.0,1.0,0.0
0,205,11.374193335578733,12.0,0.0,0.0,1.0,1.0,1.0,0.0
1,205,4.500579315655076,6.885420772076871,1.0,0.0,0.0,0.0,1.0,1.0
2,205,11.848799056554853,10.104898655556491,0.0,0.0,1.0,1.0,1.0,0.0
3,205,4.950948993534187,6.088716186942834,1.0,1.0,0.0,0.0,0.0,1.0
4,205,7.183972034259274,8.909982516348887,0.0,0.0,0.0,1.0,1.0,1.0
5,205,5.3383891871252125,3.4875862323740106,1.0,0.0,1.0,0.0,1.0,0.0
6,205,2.1790546134931623,4.506835379833404,1.0,1.0,0.0,0.0,0.0,1.0
7,205,8.366759258275412,0.0,1.0,1.0,0.0,0.0,0.0,1.0
8,205,5.580490664530558,6.646180730860751,1.0,0.0,0.0,0.0,1.0,1.0
9,205,6.551113016035385,1.233166840947093,0.0,1.0,0.0,1.0,0.0,1.0
10,205,2.0192165197284506,6.845446359431257,1.0,1.0,0.0,0.0,0.0,1.0
11,205,10.740147222063182,1.499192531594795,1.0,0.0,1.0,0.0,1.0,0.0
12,205,3.402951105530685,7.568615843379823,0.0,0.0,1.0,1.0,1.0,0.0
13,205,5.9935462782182185,12.0,0.0,1.0,0.0,1.0,0.0,1.0
14,205,6.299976404975146,7.814019830939982,0.0,0.0,1.0,1.0,1.0,0.0
0,210,11.360508339894096,12.0,0.0,0.0,1.0,1.0,1.0,0.0
1,210,4.569944168757702,6.991208664837024,1.0,0.0,0.0,0.0,1.0,1.0
2,210,11.852790184241824,10.225297355771596,0.0,0.0,1.0,1.0,1.0,0.0
3,210,4.957678905085384,5.862982273631125,1.0,1.0,0.0,0.0,0.0,1.0
4,210,7.159979700981085,8.928257325449238,0.0,0.0,0.0,1.0,1.0,1.0
5,210,5.294226928911856,3.461099215208413,1.0,0.0,1.0,0.0,1.0,0.0
6,210,2.096490320851697,4.459013587788757,1.0,1.0,0.0,0.0,0.0,1.0
7,210,8.399113914618244,0.0,1.0,1.0,0.0,0.0,0.0,1.0
8,210,5.643436066529972,6.69472664649938,1.0,0.0,0.0,0.0,1.0,1.0
9,210,6.570471114837956,1.28372867759527,0.0,1.0,0.0,1.0,0.0,1.0
10,210,1.9410938587343296,6.8393686412699735,1.0,1.0,0.0,0.0,0.0,1.0
11,210,10.653969140522983,1.5353154360066754,1.0,0.0,1.0,0.0,1.0,0.0
12,210,3.3970206025323217,7.574150087791072,0.0,0.0,1.0,1.0,1.0,0.0
13,210,6.007720128948374,12.0,0.0,1.0,0.0,1.0,0.0,1.0
14,210,6.308792322885743,7.806913089584729,0.0,0.0,1.0,1.0,1.0,0.0
0,215,11.347234356646709,12.0,0.0,0.0,1.0,1.0,1.0,0.0
1,215,4.629013441727002,7.088825822526482,1.0,0.0,0.0,0.0,1.0,1.0
2,215,11.85834993875936,10.358632286412586,0.0,0.0,1.0,1.0,1.0,0.0
3,215,4.965274180833248,5.651796954472489,1.0,1.0,0.0,0.0,0.0,1.0
4,215,7.105825558886911,8.968799245600184,0.0,0.0,0.0,1.0,1.0,1.0
5,215,5.24638125100419,3.432290203052046,1.0,0.0,1.0,0.0,1.0,0.0
6,215,1.9876264418628928,4.396380003146646,1.0,1.0,0.0,0.0,0.0,1.0
7,215,8.421820224743543,0.0,1.0,1.0,0.0,0.0,0.0,1.0
8,215,5.734150480985139,6.762475473548756,1.0,0.0,0.0,0.0,1.0,1.0
9,215,6.591178793190647,1.333223031135478,0.0,1.0,0.0,1.0,0.0,1.0
10,215,1.864695498471157,6.832979233246399,1.0,1.0,0.0,0.0,0.0,1.0
11,215,10.556408148173505,1.573666901342642,1.0,0.0,1.0,0.0,1.0,0.0
12,215,3.4095720047989806,7.562434948065091,0.0,0.0,1.0,1.0,1.0,0.0
13,215,6.017189268332447,12.0,0.0,1.0,0.0,1.0,0.0,1.0
14,215,6.320157113711833,7.797854989714873,0.0,0.0,1.0,1.0,1.0,0.0
0,220,11.33727647275657,12.0,0.0,0.0,1.0,1.0,1.0,0.0
1,220,4.691988200011052,7.198437264405452,1.0,0.0,0.0,0.0,1.0,1.0
2,220,11.866898477413896,10.514616782506902,0.0,0.0,1.0,1.0,1.0,0.0
3,220,4.972429907458563,5.4411038537492935,1.0,1.0,0.0,0.0,0.0,1.0
4,220,7.054067123113794,9.006328058836704,0.0,0.0,0.0,1.0,1.0,1.0
5,220,5.198421347202635,3.4037043876145097,1.0,0.0,1.0,0.0,1.0,0.0
6,220,1.874563705693295,4.333750897233891,1.0,1.0,0.0,0.0,0.0,1.0
7,220,8.439896122604944,0.0,1.0,1.0,0.0,0.0,0.0,1.0
8,220,5.815730288945124,6.830305793330235,1.0,0.0,0.0,0.0,1.0,1.0
9,220,6.609923214042733,1.3755485450754912,0.0,1.0,0.0,1.0,0.0,1.0
10,220,1.8184421760372411,6.828510150198207,1.0,1.0,0.0,0.0,0.0,1.0
11,220,10.439026111599569,1.6220544879925034,1.0,0.0,1.0,0.0,1.0,0.0
12,220,3.425765669247596,7.5472227710101984,0.0,0.0,1.0,1.0,1.0,0.0
13,220,6.016451235171021,11.999283369875982,0.0,1.0,0.0,1.0,0.0,1.0
14,220,6.348189614970336,7.775209954627165,0.0,0.0,1.0,1.0,1.0,0.0
0,225,11.323688279228904,12.0,0.0,0.0,1.0,1.0,1.0,0.0
1,225,4.7659236550480575,7.328477747224582,1.0,0.0,0.0,0.0,1.0,1.0
2,225,11.877352232212807,10.664220050468556,0.0,0.0,1.0,1.0,1.0,0.0
3,225,4.984461855836238,5.24117978985721,1.0,1.0,0.0,0.0,0.0,1.0
4,225,7.020771242686812,9.030443328662228,0.0,0.0,0.0,1.0,1.0,1.0
5,225,5.1308727825588925,3.3591707266535726,1.0,0.0,1.0,0.0,1.0,0.0
6,225,1.7756715895154849,4.276187829257751,1.0,1.0,0.0,0.0,0.0,1.0
7,225,8.472036692341977,0.0,1.0,1.0,0.0,0.0,0.0,1.0
8,225,5.889096989629199,6.896587743814131,1.0,0.0,0.0,0.0,1.0,1.0
9,225,6.61889762802086,1.3965584337797623,0.0,1.0,0.0,1.0,0.0,1.0
10,225,1.786671409865628,6.825316106894524,1.0,1.0,0.0,0.0,0.0,1.0
11,225,10.32415279829893,1.6680401787322767,1.0,0.0,1.0,0.0,1.0,0.0
12,225,3.453410398704766,7.520562032451424,0.0,0.0,1.0,1.0,1.0,0.0
13,225,6.018159338143471,12.0,0.0,1.0,0.0,1.0,0.0,1.0
14,225,6.366144512485549,7.760148231598469,0.0,0.0,1.0,1.0,1.0,0.0
0,230,11.30723595025491,12.0,0.0,0.0,1.0,1.0,1.0,0.0
1,230,4.837223758558958,7.451999859578215,1.0,0.0,0.0,0.0,1.0,1.0
2,230,11.881985079222632,10.801865913432728,0.0,0.0,1.0,1.0,1.0,0.0
3,230,4.99030576049932,5.043321562868556,1.0,1.0,0.0,0.0,0.0,1.0
4,230,7.008790652820945,9.039015868453184,0.0,0.0,0.0,1.0,1.0,1.0
5,230,5.055412795338312,3.310098028711203,1.0,0.0,1.0,0.0,1.0,0.0
6,230,1.689716034285126,4.224133853879394,1.0,1.0,0.0,0.0,0.0,1.0
7,230,8.510935239637215,0.0,1.0,1.0,0.0,0.0,0.0,1.0
8,230,5.962773655812381,6.9605932775232535,1.0,0.0,0.0,0.0,1.0,1.0
9,230,6.626038481208307,1.4134413768378031,0.0,1.0,0.0,1.0,0.0,1.0
10,230,1.7521964047122949,6.82125536076134,1.0,1.0,0.0,0.0,0.0,1.0
11,230,10.222504229080895,1.7048875818793812,1.0,0.0,1.0,0.0,1.0,0.0
12,230,3.4720391230612813,7.502666942854391,0.0,0.0,1.0,1.0,1.0,0.0
13,230,6.020347864144943,12.0,0.0,1.0,0.0,1.0,0.0,1.0
14,230,6.391318534724129,7.740605419705311,0.0,0.0,1.0,1.0,1.0,0.0
0,235,11.289307334238089,12.0,0.0,0.0,1.0,1.0,1.0,0.0
1,235,4.894526001454362,7.556658532379092,1.0,0.0,0.0,0.0,1.0,1.0
2,235,11.8855721408187,10.95496824585235,0.0,0.0,1.0,1.0,1.0,0.0
3,235,4.998225361033835,4.845046421247717,1.0,1.0,0.0,0.0,0.0,1.0
4,235,7.0172902255316165,9.033050095167225,0.0,0.0,0.0,1.0,1.0,1.0
5,235,4.974182860215855,3.258638610000941,1.0,0.0,1.0,0.0,1.0,0.0
6,235,1.597311079014478,4.166982422250613,1.0,1.0,0.0,0.0,0.0,1.0
7,235,8.543927063244318,0.0,1.0,1.0,0.0,0.0,0.0,1.0
8,235,6.031017489919585,7.018427170624225,1.0,0.0,0.0,0.0,1.0,1.0
9,235,6.629940479552223,1.4231744102750954,0.0,1.0,0.0,1.0,0.0,1.0
10,235,1.714470903547781,6.817303740314603,1.0,1.0,0.0,0.0,0.0,1.0
11,235,10.128200003884707,1.7412306010778598,1.0,0.0,1.0,0.0,1.0,0.0
12,235,3.4822974858447866,7.492795208898016,0.0,0.0,1.0,1.0,1.0,0.0
13,235,6.0336661596246906,12.0,0.0,1.0,0.0,1.0,0.0,1.0
14,235,6.401908724482478,7.732360505442573,0.0,0.0,1.0,1.0,1.0,0.0
0,240,11.27172078027711,12.0,0.0,0.0,1.0,1.0,1.0,0.0
1,240,4.946307574866046,7.650144241043998,1.0,0.0,0.0,0.0,1.0,1.0
2,240,11.890601117351878,11.107098105975105,0.0,0.0,1.0,1.0,1.0,0.0
3,240,5.004937000010558,4.64895411293215,1.0,1.0,0.0,0.0,0.0,1.0
4,240,7.033744064043576,9.021495393789047,0.0,0.0,0.0,1.0,1.0,1.0
5,240,4.899574445511634,3.2118098151319123,1.0,0.0,1.0,0.0,1.0,0.0
6,240,1.5036738764163486,4.105096470595679,1.0,1.0,0.0,0.0,0.0,1.0
7,240,8.578009225287861,0.0,1.0,1.0,0.0,0.0,0.0,1.0
8,240,6.101898624808369,7.077304644254782,1.0,0.0,0.0,0.0,1.0,1.0
9,240,6.6375893461415405,1.4436662865173662,0.0,1.0,0.0,1.0,0.0,1.0
10,240,1.6802429570563404,6.8133397786383325,1.0,1.0,0.0,0.0,0.0,1.0
11,240,10.027283030576118,1.7803448420229526,1.0,0.0,1.0,0.0,1.0,0.0
12,240,3.5059116928343723,7.470604543399329,0.0,0.0,1.0,1.0,1.0,0.0
13,240,6.0562823989117005,12.0,0.0,1.0,0.0,1.0,0.0,1.0
14,240,6.415186736297238,7.721934578595223,0.0,0.0,1.0,1.0,1.0,0.0
0,245,11.256995447831851,12.0,0.0,0.0,1.0,1.0,1.0,0.0
1,245,5.003178506606468,7.752896272701894,1.0,0.0,0.0,0.0,1.0,1.0
2,245,11.896542020713076,11.25516265432471,0.0,0.0,1.0,1.0,1.0,0.0
3,245,5.008744752439508,4.450166317135229,1.0,1.0,0.0,0.0,0.0,1.0
4,245,7.03537016990447,9.02025095760289,0.0,0.0,0.0,1.0,1.0,1.0
5,245,4.828522104117279,3.1655889919908486,1.0,0.0,1.0,0.0,1.0,0.0
6,245,1.429488598799258,4.057669971825904,1.0,1.0,0.0,0.0,0.0,1.0
7,245,8.609784467377642,0.0,1.0,1.0,0.0,0.0,0.0,1.0
8,245,6.169862903232856,7.13410138466476,1.0,0.0,0.0,0.0,1.0,1.0
9,245,6.633555303843918,1.4331098095446322,0.0,1.0,0.0,1.0,0.0,1.0
10,245,1.6564043307290304,6.810550705811551,1.0,1.0,0.0,0.0,0.0,1.0
11,245,9.928540275376823,1.8197796860830755,1.0,0.0,1.0,0.0,1.0,0.0
12,245,3.5252951252312754,7.45259830854696,0.0,0.0,1.0,1.0,1.0,0.0
13,245,6.078265237912495,12.0,0.0,1.0,0.0,1.0,0.0,1.0
14,245,6.411824150549891,7.72459522075387,0.0,0.0,1.0,1.0,1.0,0.0
0,250,11.242878740055524,12.0,0.0,0.0,1.0,1.0,1.0,0.0
1,250,5.0699789650905815,7.86818989256689,1.0,0.0,0.0,0.0,1.0,1.0
2,250,11.901646370692813,11.403142038599857,0.0,0.0,1.0,1.0,1.0,0.0
3,250,5.011456754163587,4.253996190686625,1.0,1.0,0.0,0.0,0.0,1.0
4,250,7.024368591820978,9.02908030051018,0.0,0.0,0.0,1.0,1.0,1.0
5,250,4.737850245554498,3.105839501768499,1.0,0.0,1.0,0.0,1.0,0.0
6,250,1.341952967994572,3.995576309829796,1.0,1.0,0.0,0.0,0.0,1.0
7,250,8.646394375318305,0.0,1.0,1.0,0.0,0.0,0.0,1.0
8,250,6.216626272328539,7.173296648707851,1.0,0.0,0.0,0.0,1.0,1.0
9,250,6.6297405775419325,1.4231076191824348,0.0,1.0,0.0,1.0,0.0,1.0
10,250,1.6432262815579604,6.808658001116022,1.0,1.0,0.0,0.0,0.0,1.0
11,250,9.80801581219238,1.871360784127101,1.0,0.0,1.0,0.0,1.0,0.0
12,250,3.560282243437193,7.489128657447617,0.0,0.0,1.0,1.0,1.0,0.0
13,250,6.106207886749618,12.0,0.0,1.0,0.0,1.0,0.0,1.0
14,250,6.402121269805091,7.7324155071664,0.0,0.0,1.0,1.0,1.0,0.0
0,255,11.233326643282384,12.0,0.0,0.0,1.0,1.0,1.0,0.0
1,255,5.138131314165997,7.979434067524121,1.0,0.0,0.0,0.0,1.0,1.0
2,255,11.908306250581807,11.548522871058124,0.0,0.0,1.0,1.0,1.0,0.0
3,255,5.017295714394512,4.05962817594586,1.0,1.0,0.0,0.0,0.0,1.0
4,255,6.995338377904946,9.052641497305949,0.0,0.0,0.0,1.0,1.0,1.0
5,255,4.626602645252717,3.0319071969577664,1.0,0.0,1.0,0.0,1.0,0.0
6,255,1.2535550585799506,3.931659464433256,1.0,1.0,0.0,0.0,0.0,1.0
7,255,8.670841247290978,0.0,1.0,1.0,0.0,0.0,0.0,1.0
8,255,6.269909176755155,7.215472715074512,1.0,0.0,0.0,0.0,1.0,1.0
9,255,6.626107177828603,1.4137871121806715,0.0,1.0,0.0,1.0,0.0,1.0
10,255,1.5947119704856776,6.801806387339342,1.0,1.0,0.0,0.0,0.0,1.0
11,255,9.70274528320492,1.915693606201212,1.0,0.0,1.0,0.0,1.0,0.0
12,255,3.5319176766386016,7.516502191631512,0.0,0.0,1.0,1.0,1.0,0.0
13,255,6.145881812002806,12.0,0.0,1.0,0.0,1.0,0.0,1.0
14,255,6.397501648561708,7.735926699766911,0.0,0.0,1.0,1.0,1.0,0.0
0,260,11.22201241368232,12.0,0.0,0.0,1.0,1.0,1.0,0.0
1,260,5.2032407391298365,8.080480171706887,1.0,0.0,0.0,0.0,1.0,1.0
2,260,11.91206463660252,11.68056824870584,0.0,0.0,1.0,1.0,1.0,0.0
3,260,5.022135277749515,3.8632263923735937,1.0,1.0,0.0,0.0,0.0,1.0
4,260,6.971005593781153,9.072838488914506,0.0,0.0,0.0,1.0,1.0,1.0
5,260,4.514743515206798,2.958888488709205,1.0,0.0,1.0,0.0,1.0,0.0
6,260,1.1575614986561922,3.865962005090741,1.0,1.0,0.0,0.0,0.0,1.0
7,260,8.689707048066817,0.0,1.0,1.0,0.0,0.0,0.0,1.0
8,260,6.303111207730892,7.242780992863907,1.0,0.0,0.0,0.0,1.0,1.0
9,260,6.620631426284015,1.3979849578045866,0.0,1.0,0.0,1.0,0.0,1.0
10,260,1.53276764809857,6.794045136825112,1.0,1.0,0.0,0.0,0.0,1.0
11,260,9.603615670082972,1.9577690488363824,1.0,0.0,1.0,0.0,1.0,0.0
12,260,3.508760973341232,7.53753971975912,0.0,0.0,1.0,1.0,1.0,0.0
13,260,6.186282839605441,12.0,0.0,1.0,0.0,1.0,0.0,1.0
14,260,6.396386792159718,7.7367801911170755,0.0,0.0,1.0,1.0,1.0,0.0
0,265,11.208902174125775,12.0,0.0,0.0,1.0,1.0,1.0,0.0
1,265,5.269390814177911,8.177383430015544,1.0,0.0,0.0,0.0,1.0,1.0
2,265,11.914876335506492,11.831249962754953,0.0,0.0,1.0,1.0,1.0,0.0
3,265,5.023658097425773,3.689922119757302,1.0,1.0,0.0,0.0,0.0,1.0
4,265,6.94639544449209,9.09408559999358,0.0,0.0,0.0,1.0,1.0,1.0
5,265,4.4011174853795865,2.8825896833951354,1.0,0.0,1.0,0.0,1.0,0.0
6,265,1.0469510068088794,3.791325342337122,1.0,1.0,0.0,0.0,0.0,1.0
7,265,8.701738523688467,0.0,1.0,1.0,0.0,0.0,0.0,1.0
8,265,6.327427006986475,7.26271659382515,1.0,0.0,0.0,0.0,1.0,1.0
9,265,6.613348136380094,1.3772035286291366,0.0,1.0,0.0,1.0,0.0,1.0
10,265,1.4715099770506346,6.788063866780528,1.0,1.0,0.0,0.0,0.0,1.0
11,265,9.504352151720443,1.999540966723384,1.0,0.0,1.0,0.0,1.0,0.0
12,265,3.4760842368693505,7.568013310663509,0.0,0.0,1.0,1.0,1.0,0.0
13,265,6.234261729417666,12.0,0.0,1.0,0.0,1.0,0.0,1.0
14,265,6.412028010183209,7.72484275309436,0.0,0.0,1.0,1.0,1.0,0.0
0,270,11.194388371217174,12.0,0.0,0.0,1.0,1.0,1.0,0.0
1,270,5.335753873705208,8.278850277047932,1.0,0.0,0.0,0.0,1.0,1.0
2,270,11.915412195316756,11.969896233074156,0.0,0.0,1.0,1.0,1.0,0.0
3,270,5.025634212863468,3.528303171565357,1.0,1.0,0.0,0.0,0.0,1.0
4,270,6.940477070911872,9.099321464354809,0.0,0.0,0.0,1.0,1.0,1.0
5,270,4.27730559122065,2.796435284376196,1.0,0.0,1.0,0.0,1.0,0.0
6,270,0.9562710657990428,3.730546952985519,1.0,1.0,0.0,0.0,0.0,1.0
7,270,8.71235998985183,0.0,1.0,1.0,0.0,0.0,0.0,1.0
8,270,6.358572766803239,7.287412439899325,1.0,0.0,0.0,0.0,1.0,1.0
9,270,6.607276631139945,1.3589608839088427,0.0,1.0,0.0,1.0,0.0,1.0
10,270,1.3838456579930651,6.779855829247087,1.0,1.0,0.0,0.0,0.0,1.0
11,270,9.4123373541365,2.0388325507809557,1.0,0.0,1.0,0.0,1.0,0.0
12,270,3.4321401528143536,7.606810916437868,0.0,0.0,1.0,1.0,1.0,0.0
13,270,6.285105665939663,12.0,0.0,1.0,0.0,1.0,0.0,1.0
14,270,6.448850699420823,7.695617102685255,0.0,0.0,1.0,1.0,1.0,0.0
0,275,11.175206832352393,12.0,0.0,0.0,1.0,1.0,1.0,0.0
1,275,5.409686071781884,8.392116606460089,1.0,0.0,0.0,0.0,1.0,1.0
2,275,11.913609163738284,12.0,0.0,0.0,1.0,1.0,1.0,0.0
3,275,5.031960931408135,3.3757013556063624,1.0,1.0,0.0,0.0,0.0,1.0
4,275,6.924640489077238,9.113293445501135,0.0,0.0,0.0,1.0,1.0,1.0
5,275,4.149939095837,2.704610485122112,1.0,0.0,1.0,0.0,1.0,0.0
6,275,0.8668792317946687,3.673467436754239,1.0,1.0,0.0,0.0,0.0,1.0
7,275,8.724734625327228,0.0,1.0,1.0,0.0,0.0,0.0,1.0
8,275,6.4034530129054685,7.321918806401942,1.0,0.0,0.0,0.0,1.0,1.0
9,275,6.598477645409029,1.3347027473087862,0.0,1.0,0.0,1.0,0.0,1.0
10,275,1.2974275763424166,6.769633349171171,1.0,1.0,0.0,0.0,0.0,1.0
11,275,9.32085382483661,2.0805422730802703,1.0,0.0,1.0,0.0,1.0,0.0
12,275,3.376595587724249,7.654001708066645,0.0,0.0,1.0,1.0,1.0,0.0
13,275,6.35819977398977,12.0,0.0,1.0,0.0,1.0,0.0,1.0
14,275,6.478141729555078,7.670321870469698,0.0,0.0,1.0,1.0,1.0,0.0
0,280,11.153709735883211,12.0,0.0,0.0,1.0,1.0,1.0,0.0
1,280,5.481286530127584,8.500873310296091,1.0,0.0,0.0,0.0,1.0,1.0
2,280,11.91006611993834,12.0,0.0,0.0,1.0,1.0,1.0,0.0
3,280,5.042687470221829,3.2264548304538128,1.0,1.0,0.0,0.0,0.0,1.0
4,280,6.892259027898272,9.1429299978196,0.0,0.0,0.0,1.0,1.0,1.0
5,280,4.021785833069675,2.6034365206184287,1.0,0.0,1.0,0.0,1.0,0.0
6,280,0.788173814089183,3.618207054522352,1.0,1.0,0.0,0.0,0.0,1.0
7,280,8.735706028195183,0.0,1.0,1.0,0.0,0.0,0.0,1.0
8,280,6.451821233494254,7.3589486611479185,1.0,0.0,0.0,0.0,1.0,1.0
9,280,6.585243611760976,1.298941592517803,0.0,1.0,0.0,1.0,0.0,1.0
10,280,1.211527713197265,6.759343192903747,1.0,1.0,0.0,0.0,0.0,1.0
11,280,9.21582050660688,2.1292630494707505,1.0,0.0,1.0,0.0,1.0,0.0
12,280,3.321999865345022,7.69957979277723,0.0,0.0,1.0,1.0,1.0,0.0
13,280,6.41386365097693,12.0,0.0,1.0,0.0,1.0,0.0,1.0
14,280,6.514162021328593,7.638493465135968,0.0,0.0,1.0,1.0,1.0,0.0
0,285,11.238986530193005,12.0,0.0,0.0,1.0,1.0,1.0,0.0
1,285,5.54459329134418,8.596511061999024,1.0,0.0,0.0,0.0,1.0,1.0
2,285,11.907982651210338,12.0,0.0,0.0,1.0,1.0,1.0,0.0
3,285,5.050239058720583,3.0930831302938024,1.0,1.0,0.0,0.0,0.0,1.0
4,285,6.855799791232288,9.17673793869348,0.0,0.0,0.0,1.0,1.0,1.0
5,285,3.9086248991678096,2.508248620750212,1.0,0.0,1.0,0.0,1.0,0.0
6,285,0.7290442063584681,3.576509640211841,1.0,1.0,0.0,0.0,0.0,1.0
7,285,8.753271522748216,0.0,1.0,1.0,0.0,0.0,0.0,1.0
8,285,6.510263096242092,7.405446462899606,1.0,0.0,0.0,0.0,1.0,1.0
9,285,6.568906738860316,1.2578391625239995,0.0,1.0,0.0,1.0,0.0,1.0
10,285,1.1247949315063817,6.749575728088523,1.0,1.0,0.0,0.0,0.0,1.0
11,285,9.097675131997832,2.180298041584716,1.0,0.0,1.0,0.0,1.0,0.0
12,285,3.2694038311554943,7.747305877538356,0.0,0.0,1.0,1.0,1.0,0.0
13,285,6.475529017165638,12.0,0.0,1.0,0.0,1.0,0.0,1.0
14,285,6.546402655516637,7.610688626385015,0.0,0.0,1.0,1.0,1.0,0.0
0,290,11.334291287686916,12.0,0.0,0.0,1.0,1.0,1.0,0.0
1,290,5.616039025600855,8.698273968079931,1.0,0.0,0.0,0.0,1.0,1.0
2,290,11.908650466181916,12.0,0.0,0.0,1.0,1.0,1.0,0.0
3,290,5.0538254744978754,2.960416737140589,1.0,1.0,0.0,0.0,0.0,1.0
4,290,6.831049973519832,9.199547829971428,0.0,0.0,0.0,1.0,1.0,1.0
5,290,3.792442298635757,2.4151271479847223,1.0,0.0,1.0,0.0,1.0,0.0
6,290,0.6808080356114266,3.541325340093589,1.0,1.0,0.0,0.0,0.0,1.0
7,290,8.773918200541662,0.0,1.0,1.0,0.0,0.0,0.0,1.0
8,290,6.587077136053148,7.464107953704356,1.0,0.0,0.0,0.0,1.0,1.0
9,290,6.544349104842175,1.1986113784588048,0.0,1.0,0.0,1.0,0.0,1.0
10,290,1.030084133361039,6.738891567684039,1.0,1.0,0.0,0.0,0.0,1.0
11,290,8.977924720860555,2.2312947586488674,1.0,0.0,1.0,0.0,1.0,0.0
12,290,3.215798004879366,7.790439602726518,0.0,0.0,1.0,1.0,1.0,0.0
13,290,6.5353550061489605,12.0,0.0,1.0,0.0,1.0,0.0,1.0
14,290,6.586057650677603,7.577824054255672,0.0,0.0,1.0,1.0,1.0,0.0
0,295,11.428022301591454,12.0,0.0,0.0,1.0,1.0,1.0,0.0
1,295,5.691187600860383,8.806592493636026,1.0,0.0,0.0,0.0,1.0,1.0
2,295,11.910045162259348,12.0,0.0,0.0,1.0,1.0,1.0,0.0
3,295,5.057178769923024,2.835118065812652,1.0,1.0,0.0,0.0,0.0,1.0
4,295,6.811885151114362,9.21660818355827,0.0,0.0,0.0,1.0,1.0,1.0
5,295,3.672044971090009,2.3262115513645942,1.0,0.0,1.0,0.0,1.0,0.0
6,295,0.6342998604688659,3.507350602395602,1.0,1.0,0.0,0.0,0.0,1.0
7,295,8.797216689748629,0.0,1.0,1.0,0.0,0.0,0.0,1.0
8,295,6.662024981167527,7.522021732492585,1.0,0.0,0.0,0.0,1.0,1.0
9,295,6.526873607861672,1.153298701396552,0.0,1.0,0.0,1.0,0.0,1.0
10,295,0.9347446540794538,6.733036605414327,1.0,1.0,0.0,0.0,0.0,1.0
11,295,8.86536360993856,2.279238849383232,1.0,0.0,1.0,0.0,1.0,0.0
12,295,3.1524960916167752,7.844647290780967,0.0,0.0,1.0,1.0,1.0,0.0
13,295,6.610783009872506,12.0,0.0,1.0,0.0,1.0,0.0,1.0
14,295,6.621223395443266,7.548880226263266,0.0,0.0,1.0,1.0,1.0,0.0
