id,time,x,y
0,0,0.027293511600070413,7.993612600640452
1,0,9.937759136122427,0
2,0,3.0101797409630646,3.0375439174355
3,0,11.962979357875016,0.9819555070542315
4,0,0.025834538906135213,12
5,0,6.989119351816548,2.014004842601834
6,0,8.966874782092335,4.979277489050861
7,0,11.042558648598934,6.968488881410158
8,0,8.011586866090216,7.051738236915254
9,0,9.073320901327312,11.033228672568699
10,0,7.99141745394558,7.021624342791326
11,0,10.051415880280635,3.022401214752546
12,0,3.0091760748834075,11.972974870591084
13,0,0.02560413530097887,11.047447733149156
14,0,11.027812169304624,11.015462074072644
15,0,6.974651610904579,1.980988570764017
16,0,11.01140672072582,7.9709494063167305
17,0,3.9605830375808155,5.010852760436597
18,0,9.028915256890071,9.0166885723056
19,0,2.99307750421626,4.954008824575846
20,0,8.997074512425284,10.06217450967997
21,0,5.982861415148332,11.057091545408754
22,0,8.999179140326918,11.928624949435982
23,0,10.998557780186582,12
24,0,10.010776192182774,1.0662626471120513
25,0,9.992321136473606,7.0538283369535675
26,0,0.9509984243882795,5.976921421357511
27,0,3.0396618703148386,11.983663103408109
28,0,11.00882610897193,1.0394140768352884
29,0,1.0195465049022705,0
0,5,0.043993678081700696,7.989800822488029
1,5,9.854870414530032,0
2,5,3.0562513459903116,3.0252972390642947
3,5,11.913414908368162,0.9572137256101263
4,5,0.05007623289867989,12
5,5,6.96911393743724,2.041273790599983
6,5,8.941163177622556,4.963517333133001
7,5,11.069811052329113,6.949289019876138
8,5,8.019905321888805,7.089392652155298
9,5,9.160748231192239,11.069680436143182
10,5,7.981529749034144,7.046845160414302
11,5,10.106908264209743,3.047061236596359
12,5,3.0146407736537104,11.957455840711626
13,5,0.05238643151242775,11.093262439874367
14,5,11.036950754065154,11.020798657021809
15,5,6.941745026546728,1.9560005443130353
16,5,11.012594524438946,7.968021084264009
17,5,3.902134996407663,5.026882300770244
18,5,9.06925886146405,9.039393608015684
19,5,2.986481176806457,4.910674638414799
20,5,8.996281652997057,10.102476653189065
21,5,5.970954785434596,11.094932602206388
22,5,8.999989945881508,11.861024343737366
23,5,10.99677134048261,12
24,5,10.023301121085405,1.1434027802745406
25,5,9.984386676485082,7.104423692313397
26,5,0.9024035100106229,5.955287180220047
27,5,3.068129612995039,11.971076834807361
28,5,11.017727498699045,1.0809330599198748
29,5,1.0429946260792748,0
0,10,0.05735653694346063,7.987091932057011
1,10,9.7806273172867,0
2,10,3.115279151754756,3.0086813799460144
3,10,11.876734811251437,0.9390491745863472
4,10,0.08063195463881664,12
5,10,6.948833488355491,2.0697035194302384
6,10,8.919679475851414,4.949901570566795
7,10,11.09420047864487,6.932800056047398
8,10,8.030330392782194,7.133386004291323
9,10,9.233897978060735,11.099643690332872
10,10,7.965489267245358,7.085153948126715
11,10,10.169581388753299,3.073017358202054
12,10,3.013665108446664,11.960157054086565
13,10,0.08785017746770395,11.154444363225796
14,10,11.038115371868315,11.021492639902526
15,10,6.910672697973875,1.9325463865155013
16,10,11.014552277954559,7.963307165383725
17,10,3.8298085688038257,5.047164415626721
18,10,9.111746880013758,9.061811842860399
19,10,2.97762981412567,4.859592096137619
20,10,8.995847170899076,10.143794563400167
21,10,5.959706398184048,11.131917839586107
22,10,9.001697110138837,11.791167768578024
23,10,10.995669895138631,12
24,10,10.035070016730499,1.2246405556105817
25,10,9.968878411115519,7.185958547704975
26,10,0.8483788859845636,5.931077135439459
27,10,3.090487863131327,11.960843253684478
28,10,11.024060156734075,1.1149627292753286
29,10,1.063688367258003,0
0,15,0.07748814626119827,7.98334409268875
1,15,9.711434327478223,0
2,15,3.189342512751628,2.9860474482783994
3,15,11.830194442916909,0.9163949999435029
4,15,0.09959552889900267,12
5,15,6.933968025595832,2.0912304261379764
6,15,8.89783047198796,4.935663720638697
7,15,11.110766847238253,6.922059712156247
8,15,8.032703072507672,7.143901249616988
9,15,9.336981707148723,11.143006981891206
10,15,7.945694068692582,7.13200375061681
11,15,10.22396650237239,3.095122195744331
12,15,3.0059861485838604,11.983190300993137
13,15,0.12336350952614857,11.216616875830468
14,15,11.020112076792813,11.01083222880829
15,15,6.8921872985817805,1.9190064330290144
16,15,11.015582781761648,7.9610309490640505
17,15,3.7436710971249965,5.070416960337814
18,15,9.148454476171688,9.080818784998275
19,15,2.9629459290090114,4.78376563400189
20,15,8.995691904355274,10.157326913466196
21,15,5.955462785768048,11.146390272234765
22,15,9.003116618460554,11.716711332140333
23,15,10.994949570328561,12
24,15,10.046079807578025,1.3062788526303077
25,15,9.9516645955243,7.279498359240592
26,15,0.7909245660094654,5.905019537232225
27,15,3.108857156931719,11.951887551386125
28,15,11.032839891065612,1.15956098993501
29,15,1.0772897974030393,0
0,20,0.10828603863292909,7.976880824288336
1,20,9.621942295047408,0
2,20,3.272207684459247,2.961078661180277
3,20,11.788302875015763,0.8950046536619416
4,20,0.13192214178399975,12
5,20,6.922941913440016,2.1070646052458843
6,20,8.893950852883469,4.933115401175707
7,20,11.126346057649085,6.9110887271407355
8,20,8.035613395019071,7.156317755988339
9,20,9.428807695768327,11.185086789908693
10,20,7.932329794803336,7.165863444153405
11,20,10.297460624976207,3.124360751972499
12,20,3.0033872980838106,11.990691677636367
13,20,0.15723420306071573,11.27485715258221
14,20,11.003632839309693,11.001240383063218
15,20,6.861270238355198,1.8962140272287185
16,20,11.01809341606091,7.955546750401121
17,20,3.657332973365039,5.095358400773891
18,20,9.176797236538755,9.09565305069424
19,20,2.945238108518715,4.695179721067691
20,20,8.995876379595659,10.14652315776235
21,20,5.9504747599068635,11.163820408104783
22,20,9.004887557665546,11.647382613252063
23,20,10.994890329735755,12
24,20,10.05607766339713,1.3706812022401613
25,20,9.932401423957405,7.387013942954182
26,20,0.7312900698293018,5.878717651541086
27,20,3.1269643400729703,11.942151043237699
28,20,11.042851772838574,1.206976528875268
29,20,1.08982982219861,0
0,25,0.1258020916559616,7.973434251125286
1,25,9.523347692804732,0
2,25,3.3546569127496224,2.934149839183793
3,25,11.733667640176105,0.8655277867249062
4,25,0.17454847621353117,12
5,25,6.902065756796149,2.138976276294561
6,25,8.887313843536354,4.928840620874312
7,25,11.151586305233955,6.892959735540279
8,25,8.04328718379114,7.188659522810203
9,25,9.503406544192885,11.219631800556963
10,25,7.912789367578861,7.215094481387222
11,25,10.384330428855238,3.1591186230131783
12,25,3.0036866752769957,11.989712486898204
13,25,0.18952039185260622,11.33071629200263
14,25,10.976474231923168,10.986303391496508
15,25,6.812419583940828,1.8595631150920782
16,25,11.023052027148577,7.944889876157212
17,25,3.5975877990667984,5.114634042367274
18,25,9.21518266629881,9.116722532017747
19,25,2.9228443650605302,4.600250017108136
20,25,8.995783216085753,10.131096089174232
21,25,5.939321303096812,11.20504092255999
22,25,9.004771322335626,11.550660832872323
23,25,11.017795451901394,12
24,25,10.065649411985266,1.436243629325271
25,25,9.913483542037504,7.501572206144758
26,25,0.6637511916962324,5.849712850587647
27,25,3.131810280463889,11.939515610156691
28,25,11.054768001368462,1.267973426321476
29,25,1.1120088706221574,0
0,30,0.1726905364499209,7.964268359932448
1,30,9.442122874769296,0
2,30,3.43957632959436,2.9078424615818883
3,30,11.66075567611693,0.8252388811630723
4,30,0.22104243093184733,12
5,30,6.880248126903004,2.171688364457929
6,30,8.879056297339279,4.923545054514776
7,30,11.192420244615239,6.864065830127279
8,30,8.053932408398687,7.235605652719046
9,30,9.567007139201808,11.249219030583273
10,30,7.890527179014344,7.27535336320973
11,30,10.460069890219689,3.188645308442489
12,30,3.004147154087597,11.988169251796643
13,30,0.22183431118564667,11.386257350501614
14,30,10.94221897910061,10.965967020013267
15,30,6.772416961883283,1.8280858547038077
16,30,11.025400675000641,7.93966148316447
17,30,3.5385458726151833,5.1332979437439805
18,30,9.243474577869366,9.131698780276842
19,30,2.9035898317615967,4.520579526948133
20,30,8.995797630461905,10.1300730705534
21,30,5.924814521487277,11.25971606361293
22,30,9.003576000980944,11.44667902964596
23,30,11.026552125727536,12
24,30,10.073490221218927,1.4952152578554654
25,30,9.89623529333821,7.609691105024793
26,30,0.6097354196192607,5.8271712816382495
27,30,3.115281887692664,11.948179536619884
28,30,11.066185660772751,1.3244856462533774
29,30,1.13664639148505,0
0,35,0.23444898147188753,7.951451639417443
1,35,9.370425581488876,0
2,35,3.5387042289580934,2.8778947626807705
3,35,11.57868637022261,0.7818030877685586
4,35,0.25874473628791006,12
5,35,6.863287274846418,2.197154673423694
6,35,8.880703949227305,4.924617811167612
7,35,11.236469464177063,6.834271311087688
8,35,8.058880560530064,7.257110434187335
9,35,9.626291586374947,11.27652839295809
10,35,7.8671348844397375,7.3399596666224785
11,35,10.53449928292153,3.216229320679405
12,35,3.0052118967724377,11.984377786189865
13,35,0.2607446968080648,11.448787061406051
14,35,10.894866694390851,10.937919264890686
15,35,6.743521961255438,1.8046383693911583
16,35,11.030262611355111,7.928487962823796
17,35,3.474600860832872,5.157202420705378
18,35,9.27980495499225,9.151889141799032
19,35,2.885597774519041,4.445241596819735
20,35,8.995786464938417,10.128187424203261
21,35,5.912063920678967,11.308809020407745
22,35,9.002923939514668,11.34357738951712
23,35,11.035680357781382,12
24,35,10.08230781281905,1.5685642012516767
25,35,9.879466703766315,7.72981064258091
26,35,0.5376906119117493,5.8001323617360905
27,35,3.1083622345838875,11.951940353191434
28,35,11.082411331844629,1.4011018254982048
29,35,1.1624837229977547,0
0,40,0.2946893886059686,7.937339144412238
1,40,9.307367230621036,0
2,40,3.6389074095575302,2.848134415549727
3,40,11.518288406349043,0.749649868926685
4,40,0.3018552566982121,12
5,40,6.852865146764561,2.2129676402594476
6,40,8.880736308475061,4.924639529274497
7,40,11.276622344709127,6.808035700232471
8,40,8.065280026542396,7.2841624426568155
9,40,9.695087266198582,11.309103849779863
10,40,7.85016566506291,7.386772962768629
11,40,10.643847005137424,3.2557414723446954
12,40,3.0050297851783148,11.985057409140188
13,40,0.30563052638426963,11.520477341356973
14,40,10.833330963712838,10.900632602957753
15,40,6.711504294533361,1.7791642803008276
16,40,11.034062644572357,7.919348324947041
17,40,3.4100328339666377,5.181904844019288
18,40,9.312492028545796,9.169228818803216
19,40,2.8663014707088403,4.370236102827629
20,40,8.996483582224915,10.15140315021455
21,40,5.898275287937036,11.357981561150075
22,40,9.002533841247,11.278142154907993
23,40,11.07455905703407,12
24,40,10.093222810686186,1.6552794463742169
25,40,9.861496095675966,7.842578389382167
26,40,0.47356387985395426,5.775574639941552
27,40,3.0886627592490696,11.962188874397604
28,40,11.102476993900355,1.4844756788298026
29,40,1.1790599902295125,0
0,45,0.3664964845431248,7.918747439213786
1,45,9.246387512868354,0
2,45,3.7419098945070854,2.815509246754462
3,45,11.45028482119074,0.7149427649417424
4,45,0.33989458434734426,12
5,45,6.853204368121076,2.2124544702908375
6,45,8.856601133189537,4.907092748900327
7,45,11.307068571122219,6.789643459249971
8,45,8.067467264155905,7.293284997677656
9,45,9.762447734419109,11.34075955269868
10,45,7.843172216284174,7.405211016808042
11,45,10.7696414059341,3.297717710097505
12,45,3.0112998859300517,11.960502523675808
13,45,0.3418232230620123,11.578354036798466
14,45,10.764030643518225,10.861308697837616
15,45,6.690009258195557,1.7615577616222657
16,45,11.041564906729992,7.901407609890305
17,45,3.3344560561295142,5.208219350263671
18,45,9.3394087437313,9.183529406728196
19,45,2.845015782216895,4.28630345255638
20,45,8.99715129388745,10.176254024130579
21,45,5.885573454242325,11.401267703317192
22,45,9.001472633709605,11.199394360878447
23,45,11.138959218449186,11.998855988267579
24,45,10.104197695735527,1.750450863207126
25,45,9.847239271708755,7.937517335843685
26,45,0.41577358865052294,5.752794520848265
27,45,3.0762607753088007,11.968805381082682
28,45,11.121243314772135,1.5688082126814966
29,45,1.197150886392436,0
0,50,0.43446743597078263,7.90068985938733
1,50,9.171996291945025,0
2,50,3.8469498183897,2.7851664875558457
3,50,11.404893107058347,0.6926776382901956
4,50,0.3719797190881469,12
5,50,6.856430707012542,2.2076537162363876
6,50,8.805418879253926,4.871889419901107
7,50,11.334977685841611,6.773259521072697
8,50,8.07255419983239,7.315831675348941
9,50,9.8463928810879,11.379189653162255
10,50,7.8413946712251015,7.409621070488999
11,50,10.894622717144278,3.337429073977976
12,50,3.0157975762212716,11.944621405197466
13,50,0.3856539660396858,11.64705753255022
14,50,10.699477370647283,10.825747745948629
15,50,6.671443092558945,1.7456528101219475
16,50,11.052003063325586,7.876245225036814
17,50,3.2252689959204317,5.246345669841916
18,50,9.34548032150797,9.187089069159333
19,50,2.82655955846286,4.214746962982784
20,50,8.997915318775815,10.193952475318
21,50,5.874881947977619,11.434299731393244
22,50,9.000629117439273,11.120079561268925
23,50,11.20901306677634,11.996851717476435
24,50,10.112701432460058,1.8463206104980388
25,50,9.83277528217699,8.04171468654306
26,50,0.33588514650675255,5.721558378608633
27,50,3.0728929152452924,11.970523127879376
28,50,11.135971174330704,1.6352241693146126
29,50,1.218018132090204,0
0,55,0.4810343673390002,7.887736821843394
1,55,9.092203547695771,0
2,55,3.944577439800345,2.7569394829012355
3,55,11.362395002983357,0.6718222506532322
4,55,0.4046341203788228,12
5,55,6.878453803895645,2.1741438298458076
6,55,8.757022803654584,4.840331545459262
7,55,11.372541811057655,6.749676019013894
8,55,8.080035270330436,7.3456323622733875
9,55,9.92450583864602,11.41615004261505
10,55,7.837505288036569,7.419721025591904
11,55,11.011769686501903,3.3736681010729814
12,55,3.019415570376522,11.931231701723336
13,55,0.4381963433730658,11.73006538831467
14,55,10.630089854552995,10.786070499987588
15,55,6.651695278290947,1.728785241164372
16,55,11.068329448973849,7.840860863114492
17,55,3.121408048355585,5.283170494956793
18,55,9.331269288318772,9.179282395297312
19,55,2.8109950100879106,4.161026419694429
20,55,8.999085738528713,10.222861156708678
21,55,5.862096058369359,11.477542313104898
22,55,9.0004101802864,11.029497397803008
23,55,11.276277094786128,11.99720982786372
24,55,10.124608658111326,1.9476618684248195
25,55,9.821459953195749,8.136983585401744
26,55,0.24175775767383453,5.685187879454146
27,55,3.071983368159129,11.970996217995857
28,55,11.146409370926254,1.6838966335587238
29,55,1.2387783542837105,0
0,60,0.5301753392247087,7.873933248671496
1,60,9.012197199298413,0
2,60,4.037130313773426,2.7294140255001147
3,60,11.303562125023953,0.6425945395260814
4,60,0.45289800919071044,12
5,60,6.886767091458826,2.161356979857
6,60,8.71913943778264,4.816914175670588
7,60,11.345672257408328,6.706041524756393
8,60,8.099745409594178,7.413078887418177
9,60,10.007556842632285,11.453742986193427
10,60,7.835913747529552,7.423964697097334
11,60,11.109329049371539,3.4053021563487937
12,60,3.02706452319861,11.902069541769272
13,60,0.48894685392180226,11.809402449543036
14,60,10.553959629654281,10.74256264043352
15,60,6.622795457814296,1.7033444767999102
16,60,11.08962050304893,7.794790811505398
17,60,3.0382187207718347,5.313213917705234
18,60,9.319892021982282,9.172473019319018
19,60,2.7958491400657848,4.104757300784532
20,60,9.00124901462535,10.25256128726794
21,60,5.848716579698258,11.516342600090532
22,60,8.998689862704264,10.921102281097111
23,60,11.352827359879088,12
24,60,10.136931408518631,2.0683828778820397
25,60,9.812415957058825,8.226097307161456
26,60,0.1567013053991573,5.651818826048089
27,60,3.0817391775984544,11.965962274521047
28,60,11.157091979963221,1.7398087942825988
29,60,1.2662221354624732,0
0,65,0.6004020266573178,7.855809778717264
1,65,8.937586343691219,0
2,65,4.130443486487734,2.701893060981435
3,65,11.235769588911177,0.6081364934192877
4,65,0.48841629250033863,12
5,65,6.897227958543795,2.145639595097219
6,65,8.691449573599655,4.8007904032436715
7,65,11.315809348328736,6.656999708331299
8,65,8.117173374359762,7.467392637916016
9,65,10.059516855609349,11.476953676544358
10,65,7.833421269744824,7.431295480506838
11,65,11.206554488724812,3.4376996762114236
12,65,3.031453141748877,11.883861514770173
13,65,0.5202356225546176,11.858409156792924
14,65,10.475481465867459,10.697184114858821
15,65,6.601745015137155,1.684459055043909
16,65,11.100588406269699,7.770109656145737
17,65,2.9818913876913196,5.334442987091953
18,65,9.31292296060789,9.168431802145601
19,65,2.778577702281083,4.042123881250887
20,65,9.004662504165648,10.297888696544902
21,65,5.830935512245519,11.568927733025061
22,65,8.998019369142506,10.825065599122258
23,65,11.422679208299817,12
24,65,10.149964669310275,2.1888998862357933
25,65,9.801140714114918,8.320840134665918
26,65,0.06541976338485428,5.6160177452276345
27,65,3.091505871661347,11.961073338931447
28,65,11.170505818872881,1.808397514585507
29,65,1.2873356556898052,0
0,70,0.6913234192047586,7.832119013895717
1,70,8.857879472349369,0
2,70,4.247432121424086,2.664643528681049
3,70,11.168301837285147,0.575070360500053
4,70,0.5247426877737453,12
5,70,6.915470926515232,2.117339523414087
6,70,8.659922531866188,4.7830042539011535
7,70,11.284049568072653,6.604558886415038
8,70,8.126820237728138,7.497022566784613
9,70,10.098061922912953,11.4933525140208
10,70,7.825097335276665,7.454652194270878
11,70,11.310537851600413,3.4737694859454757
12,70,3.0365960937896532,11.861071347751999
13,70,0.5697853808222687,11.93078343507435
14,70,10.387304151510593,10.6477812518232
15,70,6.580225528518901,1.6646688497480946
16,70,11.1103953592159,7.747176969855582
17,70,3.0192289473622544,5.430619376222786
18,70,9.27844438315406,9.148278061323579
19,70,2.767033748211235,4.001799886985203
20,70,9.010270094351325,10.356265043493291
21,70,5.813229641736671,11.620008726754458
22,70,8.998326051920296,10.734807460967643
23,70,11.500468698996034,12
24,70,10.163414525642008,2.3154286532553243
25,70,9.789558253267284,8.411569948742718
26,70,0,5.58342579804268
27,70,3.1097933419547936,11.951803462469078
28,70,11.181670151220015,1.8720259482827561
29,70,1.3083615160425428,0
0,75,0.7960639824299082,7.807672032783543
1,75,8.774269701348688,0
2,75,4.362960938827495,2.62414018344321
3,75,11.107714454960115,0.5445806853119546
4,75,0.5649740908359946,12
5,75,6.9299626845420645,2.0952853486436767
6,75,8.633901692164072,4.769592040291479
7,75,11.247523957533613,6.5421528961517925
8,75,8.132277777721345,7.515337343117131
9,75,10.137734169567988,11.509402278869635
10,75,7.814475706320037,7.484712311181075
11,75,11.430714415030097,3.5145790121762057
12,75,3.044757403008303,11.825382275149927
13,75,0.6244697502831391,12
14,75,10.29757028592257,10.598790362631556
15,75,6.569071826685601,1.6543261740608697
16,75,11.128145224127973,7.708234880683395
17,75,3.0521298509320447,5.518474700174261
18,75,9.243950004051655,9.128691272831245
19,75,2.7491599703644143,3.9463687356905695
20,75,9.018919066783873,10.435244296928591
21,75,5.790104099821317,11.679576290944343
22,75,8.997624999435796,10.674301976306678
23,75,11.581061405855232,12
24,75,10.175291457436801,2.4263549741525923
25,75,9.781511865292902,8.483974358286904
26,75,0,5.556683630970032
27,75,3.13700726646537,11.937990826283325
28,75,11.191873639693386,1.9312378054127592
29,75,1.3261063810939002,0
0,80,0.9063957331393374,7.780736691182991
1,80,8.716085332857938,0
2,80,4.457001192537072,2.59234465691949
3,80,11.054701211049318,0.5189837624407777
4,80,0.6125489184542908,12
5,80,6.9404306163941785,2.0798095697065557
6,80,8.602421308894284,4.752552683001164
7,80,11.215032642512046,6.483952183970151
8,80,8.132955728241088,7.517543089315073
9,80,10.171083684084133,11.521647155985582
10,80,7.801534892119454,7.520325143899011
11,80,11.552045300848638,3.553344237387879
12,80,3.048347632115039,11.809356400055995
13,80,0.6875747814146932,12
14,80,10.169185984719608,10.527334800508092
15,80,6.544136187779026,1.6304612022921894
16,80,11.135076613825603,7.694237541170303
17,80,3.0867309736261452,5.605863971429556
18,80,9.207512256712814,9.10836763238393
19,80,2.73138891058602,3.8921493305805
20,80,9.025690339925896,10.5045199360131
21,80,5.771337830551954,11.726233653236891
22,80,8.996671576628783,10.622721420881454
23,80,11.677842847396466,11.99995064766643
24,80,10.188786905085736,2.549349996616767
25,80,9.769926154236716,8.570635846262448
26,80,0,5.535632043916692
27,80,3.159897190159323,11.926397320978433
28,80,11.20452605444445,1.9965727047989439
29,80,1.3407115898201754,0
0,85,1.0251829125365284,7.750572041243545
1,85,8.64606476402294,0
2,85,4.566379830525534,2.5578389983152396
3,85,11.018085653423404,0.5015235226422813
4,85,0.6819160120903744,12
5,85,6.951477262119439,2.0631999865613437
6,85,8.565835477205539,4.7324866919244135
7,85,11.187981224133184,6.431175427230988
8,85,8.13028454034887,7.508588019134007
9,85,10.212420320091544,11.536808788097504
10,85,7.782108708865309,7.5711232757242835
11,85,11.686270940587965,3.5963231194297984
12,85,3.0491706891295753,11.805073835980794
13,85,0.7588622928704114,12
14,85,10.04448387624419,10.455120845869002
15,85,6.5050726180934175,1.5925701300207504
16,85,11.12714325483672,7.710785011556689
17,85,3.1287266872406594,5.704264444683336
18,85,9.17142783259317,9.08942928842066
19,85,2.705483745010395,3.8230721547330213
20,85,9.030140317050474,10.54767826550246
21,85,5.75394886733517,11.770314347405789
22,85,8.992872671424024,10.55272233975698
23,85,11.775640434221462,11.998698256859093
24,85,10.204207091944363,2.6905588063592996
25,85,9.756608559430592,8.687306594970737
26,85,0,5.509004555940082
27,85,3.169967061929402,11.921094267992052
28,85,11.225690479748643,2.1018993776876154
29,85,1.345738173446847,0
0,90,1.1385372622261591,7.722536885182615
1,90,8.57926487847028,0
2,90,4.682126527877936,2.5228262803799044
3,90,11.001740819792749,0.4933265790363347
4,90,0.7546924574242673,12
5,90,6.969125193806675,2.03699835848144
6,90,8.539568268517678,4.718151889711588
7,90,11.165317870086557,6.3858592714852005
8,90,8.127828545178616,7.499941020524273
9,90,10.252701451139757,11.550685099042092
10,90,7.761407503061731,7.623269376653654
11,90,11.813518442746451,3.6364400471566234
12,90,3.0474474849785635,11.814346482955436
13,90,0.8419449652982561,12
14,90,9.92792301067536,10.387229618386677
15,90,6.462699494159152,1.5515592944071888
16,90,11.116391842731954,7.734409627177325
17,90,3.1639539857299352,5.787439946001125
18,90,9.122660735524516,9.062319199557711
19,90,2.6834897801573505,3.762625220166069
20,90,9.035252889225294,10.609757969052547
21,90,5.729551630919015,11.829329858804662
22,90,8.989978424978215,10.482997290416254
23,90,11.885572054665952,11.996396672811558
24,90,10.217801415244123,2.839292720825813
25,90,9.740313837783422,8.80637360242769
26,90,0,5.486274439254627
27,90,3.1841878434041413,11.913247994352938
28,90,11.249646956671961,2.219352653949366
29,90,1.3482754440800655,0
0,95,1.2428877819007846,7.693626740391499
1,95,8.522661354813716,0
2,95,4.790169058839608,2.4886144132971815
3,95,10.991276117276435,0.5147163263631386
4,95,0.82964588977469,12
5,95,6.990535116014668,2.0052795282947637
6,95,8.535030479252121,4.715627182292179
7,95,11.14366308678172,6.344197155896913
8,95,8.132074497557253,7.514240016184583
9,95,10.295861052701158,11.56442924067118
10,95,7.746647535304848,7.660307711701089
11,95,11.959255900186117,3.6834767098397108
12,95,3.041575840742527,11.84461136853343
13,95,0.9233437401217501,12
14,95,9.810688756839701,10.318576696360807
15,95,6.438885891478531,1.5270041192751729
16,95,11.103230467198953,7.763706117431872
17,95,3.197021721031709,5.8663931125528
18,95,9.065951223360447,9.032637251508048
19,95,2.659987888275856,3.701984039158117
20,95,9.039121649989463,10.672463297489006
21,95,5.697753851031667,11.910110188660756
22,95,8.987933744231812,10.423768050507306
23,95,11.986361183251951,11.993218051068931
24,95,10.232121491172501,3.0044868014978734
25,95,9.72028774324172,8.94165250756924
26,95,0,5.465233095185312
27,95,3.1991796638938728,11.905263610809692
28,95,11.271562701529923,2.331961311562385
29,95,1.3497692499442178,0
0,100,1.3292848841848603,7.66898347350264
1,100,8.452192909152673,0
2,100,4.90064122876374,2.4561475025161177
3,100,10.981773409262376,0.5343888017438152
4,100,0.9088577449531936,12
5,100,7.008839087621332,1.9769757241480883
6,100,8.52261560820622,4.709125554584115
7,100,11.11994855416719,6.297279983042908
8,100,8.137556534174266,7.532425370474961
9,100,10.340797129788998,11.579023464729367
10,100,7.727715167657494,7.708453314804937
11,100,12,3.7280322353522424
12,100,3.040226098859082,11.852163147746545
13,100,0.9933277082555957,12
14,100,9.697561189508786,10.256255087046519
15,100,6.417743175106195,1.5051609388920983
16,100,11.086784015930816,7.798310331255532
17,100,3.233190613404662,5.948054941331448
18,100,9.011188889466132,9.003185111892932
19,100,2.6324998561959476,3.631308501870159
20,100,9.043558312744784,10.753291690941412
21,100,5.657248626080858,12
22,100,8.985402972543854,10.345433140586954
23,100,12,11.989740588487138
24,100,10.242905148901876,3.165638375071603
25,100,9.697166708784383,9.088800772840987
26,100,0,5.4435090327883975
27,100,3.2292397543020344,11.888824192221543
28,100,11.29149820546583,2.4427618665082926
29,100,1.3518176901372925,0
0,105,1.4198090401795844,7.64339868268735
1,105,8.35884267178778,0
2,105,4.990753140626597,2.430515896575277
3,105,10.980472955075832,0.5372279386405964
4,105,0.9927103078665498,12
5,105,7.0187736417865,1.9618295326675637
6,105,8.501441666444238,4.697989443835282
7,105,11.091682977131635,6.241611936281843
8,105,8.145235822218801,7.558041085399199
9,105,10.39456887960587,11.59631011182427
10,105,7.706463939502387,7.760165914524898
11,105,12,3.77601042705804
12,105,3.0394497067758515,11.856498988561581
13,105,1.0542122265486666,12
14,105,9.581603267080755,10.19279308261257
15,105,6.404334590979663,1.4897116822537773
16,105,11.077579962316122,7.817240387224882
17,105,3.1716676773397094,5.973122753506121
18,105,8.954536387808078,8.970861439752575
19,105,2.598361520413752,3.5393346023985806
20,105,9.046600851323015,10.811582552057803
21,105,5.614296928859542,12
22,105,8.981391585614395,10.24312527886
23,105,12,11.986522748732787
24,105,10.254907907553754,3.3056647580048466
25,105,9.673327703110004,9.238898886999932
26,105,0,5.42199895732202
27,105,3.2519574849599513,11.876148730990147
28,105,11.309355726095948,2.5398320308748104
29,105,1.3493384311984342,0.007369465350164354
0,110,1.5056162860564828,7.618840672886316
1,110,8.262402655089158,0
2,110,5.088975067236245,2.4011103499420066
3,110,10.978170696321396,0.542128292558429
4,110,1.0758570318966931,12
5,110,7.027013167907289,1.9493789064037115
6,110,8.492219599452088,4.6931117767060595
7,110,11.04702078895975,6.150752938137462
8,110,8.152105213304477,7.581548082400752
9,110,10.459310895591397,11.616787596808775
10,110,7.682459489495141,7.817727863890564
11,110,12,3.8211632680122367
12,110,3.040706990860692,11.850280356752956
13,110,1.1217004238306283,12
14,110,9.481417326143262,10.140865674754888
15,110,6.396166291841712,1.4804593569719262
16,110,11.073901673017618,7.824161012739069
17,110,3.0984720601888056,6.003393214542541
18,110,8.887183288428844,8.93488895840673
19,110,2.572582192345682,3.4691165217529663
20,110,9.051126599709415,10.87311584081049
21,110,5.719185096662837,12
22,110,8.977609989696441,10.154208854350955
23,110,12,11.985492474347932
24,110,10.267013724683457,3.4379918638924534
25,110,9.642301440582926,9.400298440976178
26,110,0,5.39451904304662
27,110,3.2722257052859165,11.864289558447783
28,110,11.326175189577645,2.647896443399306
29,110,1.3452197161685038,0.01959562445158985
0,115,1.6093545116631232,7.5857538077450934
1,115,8.171523018582418,0
2,115,5.201254862610567,2.368726778718849
3,115,10.965652558055455,0.5660899462675542
4,115,1.1593649345323875,12
5,115,7.042068957399832,1.9276567014345067
6,115,8.477931282495204,4.685895905366024
7,115,10.998746888080342,6.047871940882717
8,115,8.156453440853134,7.598643169396249
9,115,10.514687072709426,11.63462904964445
10,115,7.6536224961343065,7.888369942356291
11,115,12,3.865783146276701
12,115,3.040974649651095,11.848949418160181
13,115,1.2070125346458735,12
14,115,9.40197943070364,10.102399010224264
15,115,6.375235987440952,1.4554873540539437
16,115,11.076856974748399,7.818641487978899
17,115,3.0233902230684078,6.035803181426561
18,115,8.80912272994457,8.894771098575463
19,115,2.5445084860722735,3.3875317439658854
20,115,9.053738805323183,10.94280532635899
21,115,5.8403891339684275,12
22,115,8.974732049547848,10.075397207588923
23,115,12,11.983800279064642
24,115,10.279145943585666,3.5579016148146745
25,115,9.60992673455595,9.56074191789156
26,115,0,5.373130765617875
27,115,3.2887731578086576,11.85511235121396
28,115,11.341587078206791,2.7597177011364056
29,115,1.3440149105468364,0.023128853301855448
0,120,1.7135093766863194,7.550351730725615
1,120,8.066574595919443,0
2,120,5.33065381035323,2.335264834328995
3,120,10.962168829502941,0.5729793592960788
4,120,1.3261593741325481,11.90934477306572
5,120,7.058216981909451,1.9055348217699082
6,120,8.442284997471427,4.668107279078078
7,120,10.948774010006863,5.929081178712493
8,120,8.161449141252545,7.6161438568963895
9,120,10.575570739299078,11.655627130342442
10,120,7.622743903728155,7.96831501278335
11,120,12,3.9069629015959517
12,120,3.0404634155829084,11.85163103941104
13,120,1.2885558899629808,12
14,120,9.32869717956029,10.067836351033991
15,120,6.355349965766843,1.4303834215751468
16,120,11.08251115242314,7.808357050721297
17,120,2.9396941478124035,6.071130826980317
18,120,8.718886944092732,8.846900777864985
19,120,2.5111509294754137,3.286084941595319
20,120,9.056292362241763,11.009304006645275
21,120,5.962016554365344,12
22,120,8.972993991903575,10.010777612370852
23,120,12,11.983229480035162
24,120,10.292864401121667,3.6780076663719905
25,120,9.575345203604662,9.73397049055354
26,120,0,5.362045353865573
27,120,3.3047949462063992,11.845859754170576
28,120,11.352811231999665,2.8635069902804573
29,120,1.337605992881242,0.04168553409613509
0,125,1.8318242034486873,7.511768027502425
1,125,7.960623729250834,0
2,125,5.471875857699951,2.296887634895426
3,125,10.96378332398047,0.5697846255360087
4,125,1.5046270747528703,11.813907659524888
5,125,7.0818489910597435,1.8733814587906983
6,125,8.394257064383556,4.645085990486218
7,125,10.911003365114395,5.827218530509478
8,125,8.161886609857689,7.617714374533256
9,125,10.647366152685464,11.679455351613552
10,125,7.60155437006683,8.023505265415956
11,125,12,3.9422512805261247
12,125,3.0398594859300108,11.854897963952741
13,125,1.3758303525573312,12
14,125,9.233952066949879,10.02566910500685
15,125,6.3292225381978495,1.3982581179510434
16,125,11.091199525310124,7.792813232849709
17,125,2.863358443656979,6.104112257869354
18,125,8.617131279044365,8.791605542860383
19,125,2.4813731700459374,3.190249039194227
20,125,9.0574838517185,11.070286860587354
21,125,6.0876788287837895,12
22,125,8.97167679642255,9.932583107505456
23,125,12,11.982760117125899
24,125,10.419755250727986,3.658508480645434
25,125,9.541433018444069,9.882538111283166
26,125,0,5.3511230271128
27,125,3.2939579527803917,11.8282333658568
28,125,11.364800871468542,2.9705794366051506
29,125,1.3293726176393696,0.06502048161285046
0,130,1.9347781623656135,7.477216429061435
1,130,7.8602993092821505,0
2,130,5.582200043336582,2.2659695650506633
3,130,10.960773140649394,0.5756805084722848
4,130,1.6942555793319007,11.716618584558343
5,130,7.108179551191725,1.8377329172018557
6,130,8.329374166728913,4.6146238125444015
7,130,10.867809623047311,5.715140788233925
8,130,8.165212593058406,7.629174600391426
9,130,10.72059683078098,11.705535339351474
10,130,7.578855498038316,8.081069979404738
11,130,12,3.784731987339809
12,130,3.0397905361388395,11.855274987047444
13,130,1.4633230978890823,12
14,130,9.134459191720337,9.980746107226535
15,130,6.297531423590203,1.360060458117815
16,130,11.095498000773851,7.78516463582741
17,130,2.800489081353193,6.130264909882144
18,130,8.5223464247248,8.743637151839854
19,130,2.45618112843849,3.113735144332161
20,130,9.058863419736408,11.11037833979739
21,130,6.200254760814248,12
22,130,8.970628214202142,9.858234619611517
23,130,12,11.97993286810484
24,130,10.535808679327452,3.64382958370164
25,130,9.508964906568417,10.015173870553177
26,130,0,5.343946255112139
27,130,3.292650325458615,11.826184564457732
28,130,11.375888138128126,3.075875958038252
29,130,1.3149360657392475,0.10623904962818859
0,135,2.0278468492121986,7.444394102625329
1,135,7.75225214302013,0
2,135,5.693958934271611,2.2357874072833783
3,135,10.957181655549338,0.5827442491573211
4,135,1.8560263952029787,11.633644617122313
5,135,7.1472252320940886,1.7838448039047141
6,135,8.276963874552813,4.589192451445118
7,135,10.82880760914945,5.613568964826504
8,135,8.170513332578384,7.6464242281135775
9,135,10.78720671734404,11.728671220136343
10,135,7.556730198772721,8.13945098774221
11,135,12,3.618780077825562
12,135,3.041904175151853,11.843255975632106
13,135,1.3419908689860496,12
14,135,9.02862172250125,9.932665213741295
15,135,6.28473618456892,1.344794547172661
16,135,11.10501715389389,7.769534887679454
17,135,2.7680513679927707,6.143991876327654
18,135,8.44117027745403,8.701208648677342
19,135,2.43393795507162,3.0454616124054246
20,135,9.060212261481198,11.155924932178607
21,135,6.318838516496604,12
22,135,8.9688691899965,9.80153818348518
23,135,12,11.980688334747667
24,135,10.627566132239306,3.631859551137992
25,135,9.473369852016669,10.154752926314893
26,135,0,5.341517437872684
27,135,3.2898260406102384,11.821994491324224
28,135,11.38456842767243,3.1638625981925594
29,135,1.2999841575333049,0.14759032169526987
0,140,2.137542386768253,7.406305255791982
1,140,7.6282337167093335,0
2,140,5.813305436434709,2.2043174776907013
3,140,10.954006179347397,0.589080145654665
4,140,2.0284878687645733,11.54055247047021
5,140,7.189701366487705,1.7223698634565654
6,140,8.224803822894128,4.563724255671854
7,140,10.784563851340216,5.501225595661577
8,140,8.170656643680791,7.646875314767737
9,140,10.8679539266645,11.760781180658874
10,140,7.529309132562571,8.218540869692049
11,140,12,3.44689130743604
12,140,3.0410739872154218,11.847943566500957
13,140,1.2360191869497272,12
14,140,8.943064165982282,9.896046298862046
15,140,6.272004015581983,1.3299943788999087
16,140,11.130897004650835,7.724976417452799
17,140,2.7356596446564416,6.158845680929443
18,140,8.346821351300736,8.65309237292113
19,140,2.4122444071993456,2.97586625157559
20,140,9.062583073765646,11.217692178747168
21,140,6.421968676767061,12
22,140,8.966893028450633,9.747066255434536
23,140,12,11.98149096890825
24,140,10.7219414358409,3.62205443465789
25,140,9.435901240320506,10.304481846360334
26,140,0,5.341154010962001
27,140,3.2942829050724876,11.82882096969813
28,140,11.396075982265986,3.2822613951905857
29,140,1.280608918833002,0.20142695245689574
0,145,2.2591184872658583,7.359703902683488
1,145,7.487902287325769,0
2,145,5.961756528763123,2.1624780570686744
3,145,10.948787179742435,0.5998475803465756
4,145,2.2141685505550996,11.440696963452963
5,145,7.241009310372671,1.6489456390129333
6,145,8.166415685832272,4.5381979118589415
7,145,10.743063450830396,5.403310151940979
8,145,8.170725344628082,7.647098323562644
9,145,10.945267584040437,11.793689024417779
10,145,7.50997334541047,8.276568268336481
11,145,12,3.304410484040835
12,145,3.039199307281952,11.86028528037963
13,145,1.1323459034240626,12
14,145,8.857999038455295,9.857877209699353
15,145,6.256181101060963,1.3113221273039857
16,145,11.156685561218227,7.680923652292724
17,145,2.6933359659176657,6.178839129000046
18,145,8.266154281364159,8.611019507464505
19,145,2.3834955964881046,2.88433547647482
20,145,9.065019835598456,11.274341023941622
21,145,6.530104366423782,12
22,145,8.96361714503948,9.705860234143994
23,145,12,11.983676237169734
24,145,10.83668635499285,3.6093543658867344
25,145,9.397551185998827,10.454433126187833
26,145,0.005726199240892132,5.343105577663643
27,145,3.309337874884789,11.852732600144018
28,145,11.40607406276704,3.3773777456009917
29,145,1.2660958141706076,0.24258659865897567
0,150,2.3885354880485425,7.305816453800882
1,150,7.3411238775558125,0
2,150,6.101432535341299,2.1227252296235903
3,150,10.941608274206999,0.613543578060834
4,150,2.389619788163782,11.343844056969505
5,150,7.306203294748014,1.561372573547732
6,150,8.115461217800492,4.515396371592466
7,150,10.70121196178047,5.3053296002950585
8,150,8.1741631128254,7.658329966778277
9,150,11.040715276637254,11.833027913682711
10,150,7.493700301309954,8.327443192154174
11,150,12,3.163679442850774
12,150,3.03626027626659,11.883567872634599
13,150,1.0472676723782084,12
14,150,8.787033391362183,9.824288530469326
15,150,6.255952301009628,1.3110484969030374
16,150,11.177197907496899,7.64725572482694
17,150,2.652384127689599,6.197667088239972
18,150,8.173318144750183,8.564080275375355
19,150,2.359156762105398,2.810646522038031
20,150,9.067043675114109,11.318111967290472
21,150,6.6305516862799685,12
22,150,8.959777849790633,9.65289980240556
23,150,12,11.987556517236783
24,150,10.96072334344849,3.598069731090463
25,150,9.358777182133226,10.607645276393237
26,150,0.03325027524164276,5.352056467947898
27,150,3.3360542754020304,11.89460184980118
28,150,11.415248964303961,3.4672456977212707
29,150,1.248406976691677,0.29154834552886977
0,155,2.5155645011685026,7.25329689024735
1,155,7.189701567476855,0
2,155,6.239803659035212,2.083962028630765
3,155,10.93827918846087,0.6195722115210165
4,155,2.5716466807813094,11.247468541565182
5,155,7.384960518244745,1.453474274288685
6,155,8.043361602041433,4.48106942168238
7,155,10.662493369032628,5.207788997952316
8,155,8.172919936524295,7.653734302593722
9,155,11.133491657518073,11.87014227268012
10,155,7.474982524927492,8.384169034017857
11,155,12,3.043791585445103
12,155,3.0329628113142806,11.911004505268242
13,155,0.9829705697396761,12
14,155,8.712674486733095,9.786099872061756
15,155,6.268283152983496,1.3250655154384363
16,155,11.206134868841016,7.59777085617407
17,155,2.602397261561662,6.219641440023334
18,155,8.079568419528538,8.513433328806668
19,155,2.3428429612429156,2.754596013457394
20,155,9.069931439723884,11.364389814642255
21,155,6.744190373568884,12
22,155,8.958227304905362,9.624914537264043
23,155,12,11.989925134652637
24,155,11.094596697114262,3.590524106745394
25,155,9.327886137380123,10.741861633034002
26,155,0.04417240769392834,5.35566164667589
27,155,3.3775487346151776,11.959880252437205
28,155,11.422416324227738,3.560980112509293
29,155,1.2228657021565204,0.3559655693084093
0,160,2.637482679331887,7.203007491128147
1,160,7.026900494733972,0
2,160,6.381804741482759,2.047576744814888
3,160,10.930280241047958,0.6350341062827954
4,160,2.766833007713819,11.13596026336472
5,160,7.4627793442998245,1.345600883901561
6,160,7.971147427998543,4.444944864837631
7,160,10.62799041099375,5.115389028008544
8,160,8.164963014216532,7.622562564963968
9,160,11.211340571596962,11.900774871579275
10,160,7.450051453303059,8.461326773756149
11,160,12,2.9198065967691536
12,160,3.0309549854181737,11.927354023134363
13,160,0.9091706100926663,12
14,160,8.635518689043364,9.748416586317674
15,160,6.275125884770062,1.332702818530503
16,160,11.239940498639715,7.616966433312172
17,160,2.540680304191283,6.245923072048279
18,160,7.963525674589907,8.451588780320371
19,160,2.3309706563807446,2.7162985316865504
20,160,9.073391550695494,11.406923365537876
21,160,6.865412547884434,12
22,160,8.956411302064467,9.585059194704707
23,160,12,11.99181524337174
24,160,11.235955276814538,3.5802756263413182
25,160,9.299010117300126,10.8578610916853
26,160,0.05694309857848219,5.359832211593794
27,160,3.418135356347652,12
28,160,11.429267557670785,3.6621816787865367
29,160,1.2029341564338547,0.4016172448421704
0,165,2.756792784407836,7.154968814849891
1,165,6.892054111122374,0
2,165,6.5001982946359815,2.016322828243803
3,165,10.924680196341122,0.6457630361449953
4,165,2.993722637023705,11.014728970709218
5,165,7.521471760914068,1.2645854218623953
6,165,7.900268881978998,4.410812833702752
7,165,10.599798754374621,5.039251738667822
8,165,8.153915212971269,7.57379847800799
9,165,11.262131091107621,11.920563458928099
10,165,7.351629924974681,8.431364649575421
11,165,12,2.7870431877785555
12,165,3.029589039576722,11.93920802174186
13,165,0.8191252247901345,12
14,165,8.554416428337772,9.70994666699879
15,165,6.2909396100547585,1.35087556190462
16,165,11.260079971559408,7.628306208935182
17,165,2.4753700926332214,6.272904710167593
18,165,7.851731809354242,8.396108725379174
19,165,2.3124741277001095,2.6510182752660163
20,165,9.07808525522443,11.472796070066153
21,165,7.003555753434495,12
22,165,8.953498009816633,9.529223255935053
23,165,12,11.995274129435378
24,165,11.410747561515093,3.566058832525756
25,165,9.270785670385445,10.97042087354787
26,165,0.06494887766605405,5.362013350399973
27,165,3.462003663214631,12
28,165,11.43726388150361,3.7950778007416446
29,165,1.1911846467611427,0.42769308508130394
0,170,2.8816395962782178,7.107414441527052
1,170,6.7601983818661004,0
2,170,6.609895637369993,1.9863585067324911
3,170,10.909257473047765,0.675919140399913
4,170,3.216961346836662,10.888558680499566
5,170,7.5866723719796205,1.176381558346585
6,170,7.812508915575655,4.365744870368066
7,170,10.563537083698762,4.942730978476608
8,170,8.142593698887048,7.526274839619951
9,170,11.32048967371984,11.942566410810873
10,170,7.275659094015115,8.40726718748811
11,170,12,2.655437693170308
12,170,3.0286695535499075,11.946919287194877
13,170,0.7198769620550232,12
14,170,8.476488912945745,9.674050770825453
15,170,6.314900755688039,1.3786771776583684
16,170,11.274675943816225,7.636344217001308
17,170,2.4039605249803877,6.303772786715587
18,170,7.734728668755684,8.339201603951048
19,170,2.296471865382394,2.5924933855418097
20,170,9.082570797240837,11.543238625868714
21,170,7.142258163144372,12
22,170,8.950486828151055,9.481897544083035
23,170,12,11.99797538383217
24,170,11.57972926044883,3.5522685313340814
25,170,9.248450257537245,11.072772235878322
26,170,0.07390448544448823,5.364108583837469
27,170,3.5185684930352705,12
28,170,11.446525663930249,3.921119016408734
29,170,1.1721925931279258,0.46742636473629806
0,175,3.007336695371182,7.061624159098132
1,175,6.653184080986189,0
2,175,6.721642886485973,1.956029894929705
3,175,10.89310915928875,0.7081628645330338
4,175,3.4601159660935523,10.74715441056913
5,175,7.657478951757183,1.0769869679228758
6,175,7.718892884333572,4.316851808347368
7,175,10.52827712425599,4.847927088386418
8,175,8.135181717161027,7.491651050444403
9,175,11.383250116201328,11.965284635897142
10,175,7.198795831534301,8.383908197279212
11,175,12,2.5479403739645625
12,175,3.0292056243737355,11.942744618947431
13,175,0.6219860535718182,12
14,175,8.39222144766764,9.637517008711662
15,175,6.359936714706791,1.427413781321763
16,175,11.281816456217896,7.640288733505547
17,175,2.3556939857316146,6.324410830197819
18,175,7.591495089867934,8.267562958503483
19,175,2.2802009575601803,2.5323856926653305
20,175,9.086956730024733,11.60423513604866
21,175,7.291916419569156,12
22,175,8.94892926356956,9.448528129382693
23,175,12,12
24,175,11.743154061228376,3.5361081041684304
25,175,9.216589580667035,11.203202031586766
26,175,0.10168708392821141,5.3701825269932355
27,175,3.576164487341508,12
28,175,11.452832615090587,4.049656359834385
29,175,1.1536590914974738,0.5053697497308376
0,180,3.122395568537772,7.020771975823036
1,180,6.524060048480777,0
2,180,6.847131283769902,1.9180810350767918
3,180,10.878812623598574,0.7353684140893294
4,180,3.697584662106841,10.600065853753936
5,180,7.726339344019795,0.9762585742535407
6,180,7.627592740741074,4.26841920870724
7,180,10.505493231274738,4.780835425811219
8,180,8.127613038204732,7.453310462054066
9,180,11.444321572706743,11.986187921513574
10,180,7.112835639185827,8.355610468700634
11,180,12,2.4352620013038266
12,180,3.0307551024962196,11.930926076095567
13,180,0.5178445547782636,12
14,180,8.311980368069882,9.602221027033925
15,180,6.399099890288694,1.4679064705722205
16,180,11.316502273365142,7.6600688890118445
17,180,2.3162073530110865,6.341881256231501
18,180,7.448974368371925,8.195903316285142
19,180,2.263508236596736,2.4693504423693446
20,180,9.090558440092328,11.665940057527752
21,180,7.437429099114435,12
22,180,8.94773749341371,9.43118669529806
23,180,12,12
24,180,11.895492678747095,3.523515145649269
25,180,9.176848387348867,11.357247408686597
26,180,0.11243427313019458,5.3213566810988
27,180,3.630330776155403,12
28,180,11.461689055805612,4.17911151811749
29,180,1.1426664232074177,0.5283783367128687
0,185,3.2553171839073847,6.975913713528748
1,185,6.424916941790528,0
2,185,7.006162520017453,1.8722539615766298
3,185,10.843885496542676,0.7164428101862317
4,185,3.956210304218368,10.445131179747825
5,185,7.790790511755386,0.8782838354403966
6,185,7.526396021580303,4.2129392300646415
7,185,10.489505749933894,4.73512455685353
8,185,8.1166368414263,7.396082787603822
9,185,11.507813624413837,12
10,185,7.014013707712168,8.323441623816235
11,185,12,2.3199018415541164
12,185,3.032098472344273,11.920916058071695
13,185,0.4179901607024892,12
14,185,8.251460503434737,9.572663707480796
15,185,6.438392911427611,1.5088018448509397
16,185,11.35544780073465,7.680819047551484
17,185,2.2628919353607913,6.364393930969163
18,185,7.30920459825949,8.127562045788487
19,185,2.2519901239342413,2.4273440240311857
20,185,9.09302847893924,11.721455341732986
21,185,7.588733784234082,12
22,185,8.947632748187823,9.42977652998459
23,185,12,12
24,185,12,3.508937355599376
25,185,9.135771948497124,11.505905389356277
26,185,0.121493489594524,5.27577276454773
27,185,3.6935330309747556,12
28,185,11.472820236814483,4.328707718104677
29,185,1.1280720414401209,0.5601314153988806
0,190,3.3912590253803225,6.930993279866878
1,190,6.339471295327666,0.00017435748834090099
2,190,7.167637773901775,1.8264091325189913
3,190,10.80683244794576,0.6958820355501366
4,190,4.215154965929251,10.28306424396541
5,190,7.864069615121993,0.7713967518291205
6,190,7.439502108559657,4.1616518419120085
7,190,10.46803963946255,4.67194909744051
8,190,8.066117153866449,7.405532568044793
9,190,11.564544027349307,12
10,190,6.929201531070733,8.292689565752154
11,190,12,2.2096422262511544
12,190,3.0317482330444263,11.923611465343178
13,190,0.3082123619226697,12
14,190,8.161880189435996,9.529912220530065
15,190,6.505133341026131,1.5786359961239127
16,190,11.401145958148847,7.707067365800955
17,190,2.2118613230017803,6.385923181050567
18,190,7.152609705497884,8.050564519648955
19,190,2.238829041143029,2.3821682281198693
20,190,9.095470633967283,11.783430986475617
21,190,7.743612158926516,12
22,190,8.946993703258078,9.422899046979511
23,190,12,12
24,190,12,3.4918677548136325
25,190,9.10009650540911,11.64906506614714
26,190,0.12849575708600677,5.242605774952887
27,190,3.7549033850541917,12
28,190,11.4815240305147,4.4825708215955755
29,190,1.107013572378757,0.6043472769009766
0,195,3.538627525985919,6.8861861804034055
1,195,6.229066648354048,0
2,195,7.319607593923773,1.7860955317842073
3,195,10.771839169179774,0.6761881704707079
4,195,4.467941311891784,10.117840718671037
5,195,7.9368196400067745,0.6599298339647398
6,195,7.347962021369359,4.112501108629241
7,195,10.441539499352603,4.599636439435887
8,195,8.023261205144577,7.414799822025403
9,195,11.630995500634182,12
10,195,6.8587509449585955,8.270696757137323
11,195,12,2.103113721326183
12,195,3.0280324939840124,11.94855730813843
13,195,0.2124595491041411,12
14,195,8.089272252314805,9.499392109793625
15,195,6.568424425417998,1.6450874864191853
16,195,11.414411653586814,7.713978064778459
17,195,2.163858026757828,6.405763790602906
18,195,6.985997732685981,7.962309306851059
19,195,2.2218209772418582,2.318916288115995
20,195,9.099200686286103,11.861699987587853
21,195,7.913862204152612,12
22,195,8.945155105783936,9.4002130942119
23,195,12,12
24,195,12,3.475015468202997
25,195,9.062896608587304,11.799546980879771
26,195,0.13883757191787086,5.190329813367392
27,195,3.810884261871892,12
28,195,11.488721266901422,4.617996413592652
29,195,1.0769345789891018,0.6704696089586294
0,200,3.699271674430568,6.8347176406495755
1,200,6.1365016789329445,0.002541269815080302
2,200,7.495261213847929,1.7349182563963599
3,200,10.736679691757855,0.6557019845558227
4,200,4.724917500784292,9.946413851811844
5,200,8.00057309379968,0.5514308329030416
6,200,7.247870112828462,4.0545203552954385
7,200,10.417653419475482,4.531915199557121
8,200,7.9837820730958,7.423337121726947
9,200,11.70862646714166,12
10,200,6.776463691841745,8.24545775305151
11,200,12,1.9987313122021935
12,200,3.023046030391002,11.981094379350601
13,200,0.11954661940060937,12
14,200,8.008788576893519,9.466155200607346
15,200,6.611909171982707,1.6917049749899025
16,200,11.41824593555115,7.7159185771495755
17,200,2.1137574129673022,6.425811684292001
18,200,6.812902554706886,7.871852400653534
19,200,2.2067693402928197,2.2623737673810513
20,200,9.103233709346929,11.936188147240415
21,200,8.087212157470946,12
22,200,8.942622802956766,9.370973929663291
23,200,12,12
24,200,12,3.4581916665200656
25,200,9.029466811163424,11.935205267059665
26,200,0.15609562445243205,5.113043661664778
27,200,3.8654043369681528,12
28,200,11.497778936347135,4.754070787388291
29,200,1.0472509549830995,0.7361257056437431
0,205,3.8699806615070673,6.779744383079349
1,205,6.040470017586904,0.005189377491174345
2,205,7.67951406465204,1.6856087183420796
3,205,10.70074808102176,0.6346472949435842
4,205,4.972273049146325,9.782855424363863
5,205,8.06523436018148,0.4440718288779938
6,205,7.139791637328669,3.9916922911956845
7,205,10.391421755588514,4.4607036686514965
8,205,7.950049324580859,7.429715768798172
9,205,11.788303262444332,12
10,205,6.682928607725363,8.217804386230233
11,205,12,1.8997179626543261
12,205,3.020755226484532,11.995013836457797
13,205,0.0301351932521762,12
14,205,7.923007566297907,9.431328689354126
15,205,6.64963272417917,1.7312351039246423
16,205,11.401869439029705,7.70796077952501
17,205,2.063920503552794,6.445474259520987
18,205,6.639838837486099,7.783137498902935
19,205,2.1858551353320643,2.187930598762059
20,205,9.108542932734403,12
21,205,8.241963908047243,12
22,205,8.94134281066432,9.355062381595648
23,205,12,12
24,205,12,3.6252840942920064
25,205,8.997205715895811,12
26,205,0.16906369108847502,5.056798948752432
27,205,3.914910986967987,12
28,205,11.50531376461791,4.890973517187773
29,205,1.0221800595220303,0.7956836058607574
0,210,4.012426080646249,6.735629080144195
1,210,5.951222848035182,0.006212103229784761
2,210,7.837650938520916,1.6429986212493424
3,210,10.679974833713642,0.6236847211897141
4,210,5.2206437928521705,9.619393028140518
5,210,8.128435378720042,0.331553598854086
6,210,7.0375844443306095,3.930836760393121
7,210,10.36772708856216,4.397895585967454
8,210,7.924424089479657,7.43447610403892
9,210,11.848635517932863,12
10,210,6.578176379301775,8.189481720901547
11,210,12,1.8018071309829946
12,210,3.0184655413293067,12
13,210,0,12
14,210,7.831828814405347,9.396675777827488
15,210,6.702717130642225,1.7871378179877329
16,210,11.38093166854779,7.69821199579605
17,210,1.9762124035623354,6.4793803766088915
18,210,6.4707607198297,7.695396596496862
19,210,2.169511075132249,2.1338767360871786
20,210,9.116652910555482,12
21,210,8.384187141848795,12
22,210,8.939882606410006,9.339216148264935
23,210,12,12
24,210,12,3.7718407887344956
25,210,8.970185896544633,12
26,210,0.18395377602436488,4.993187131018523
27,210,3.970248674458922,12
28,210,11.512526398027443,5.02570003360609
29,210,0.9950137638921891,0.8542791983156189
0,215,4.13535162171776,6.698209967044329
1,215,5.95017704432743,0
2,215,8.014633556603744,1.59767009516495
3,215,10.627039917676115,0.5965416904198667
4,215,5.487956763142959,9.439839455209487
5,215,8.187221541360994,0.224815404353416
6,215,6.917364551500148,3.8624233247342996
7,215,10.330332857574444,4.30701230504484
8,215,7.921672138394211,7.435043876061981
9,215,11.892428758049514,12
10,215,6.480759942682323,8.16293954713284
11,215,12,1.6866911512843927
12,215,3.0180619713169055,12
13,215,0,12
14,215,7.728333190561158,9.3590550786437
15,215,6.742357302916524,1.8291349610524794
16,215,11.352922065895454,7.684610703560371
17,215,1.8872829739256234,6.513034486622206
18,215,6.29112392337994,7.596628857091796
19,215,2.147401004962545,2.069260605504108
20,215,9.118349574813443,12
21,215,8.528115163467826,12
22,215,8.938255388032413,9.320364416113053
23,215,12,12
24,215,12,3.9192086868112423
25,215,8.939412613024745,12
26,215,0.1992955581791738,4.9234362395802025
27,215,4.022854435394063,12
28,215,11.518835525277538,5.1578981143777405
29,215,0.9694105627018116,0.9106131354888355
0,220,4.250455678883941,6.664194240264755
1,220,5.949622962669784,0
2,220,8.194875178746136,1.5516998352461318
3,220,10.57888054177539,0.5727971413360168
4,220,5.742466671244262,9.267596130596438
5,220,8.2434049065047,0.11955871788749839
6,220,6.777293243860643,3.786821077947856
7,220,10.286222119352155,4.202237380472147
8,220,7.900737473006079,7.438876029091826
9,220,11.927950023417441,12
10,220,6.386453213606659,8.135884965015432
11,220,12,1.5439198351651306
12,220,3.0186019136596256,11.997154203137125
13,220,0,12
14,220,7.605588445945552,9.315389830827606
15,220,6.774584539132779,1.8648281553464248
16,220,11.331246783822099,7.674149647553032
17,220,1.8027294983304631,6.547470866724638
18,220,6.1114155685131,7.492739425796616
19,220,2.1196602095530697,1.995922822317889
20,220,9.118838184396544,12
21,220,8.680787991590421,12
22,220,8.935034647202103,9.27654424094342
23,220,12,12
24,220,12,4.072056932546374
25,220,8.907357267920997,12
26,220,0.21325692188462791,4.872481791734788
27,220,4.078936365412429,12
28,220,11.523118867991228,5.288521353172343
29,220,0.9485397593503637,0.9517956811450958
0,225,4.360418149916406,6.629751586219499
1,225,5.951429410364988,0
2,225,8.338110797521587,1.5115064422559579
3,225,10.545876643353362,0.5569619271910333
4,225,5.988156025332296,9.102127473603773
5,225,8.306982918844422,0
6,225,6.624408039777706,3.699839951636378
7,225,10.245437847809168,4.104779261005817
8,225,7.900417839393393,7.438936195582451
9,225,11.960384832570034,12
10,225,6.296019137368306,8.109765415267317
11,225,12,1.3973544761493844
12,225,3.0157874808660177,12
13,225,0,12
14,225,7.45489652948525,9.26645980780031
15,225,6.79825480318263,1.8895358363671226
16,225,11.30176608967711,7.659813914823325
17,225,1.7155935833726543,6.583419509229856
18,225,5.905532421842631,7.367957183313146
19,225,2.093239818148736,1.9302881899117244
20,225,9.122315331171272,12
21,225,8.834786287420993,12
22,225,8.932242233501348,9.238041710572638
23,225,12,12
24,225,12,4.23242370047248
25,225,8.8709001405218,12
26,225,0.22479269695476758,4.834243885523587
27,225,4.131391999768391,12
28,225,11.522435873134885,5.419459536672331
29,225,0.9312388086812216,0.9882159130393692
0,230,4.463759986701552,6.597881797973107
1,230,5.951914166449759,0
2,230,8.454332589472097,1.4813840201210409
3,230,10.51803272224102,0.5440783961831755
4,230,6.238716584869777,8.938397665166352
5,230,8.367175535651162,0
6,230,6.463560851600819,3.6077626574854538
7,230,10.210420051961076,4.01869385436023
8,230,7.890270676411634,7.4409905653650075
9,230,11.99452106773422,12
10,230,6.204878518939619,8.085985628454713
11,230,12,1.2708624202833505
12,230,3.010292149391984,12
13,230,0,12
14,230,7.297759156378133,9.218949136090327
15,230,6.771474854560091,1.9162697863759373
16,230,11.274536004655918,7.64755063366026
17,230,1.6326974874451647,6.616057776565156
18,230,5.708432703677854,7.241668575606055
19,230,2.0606611918089897,1.849381260274958
20,230,9.125368978158418,12
21,230,8.98742992541177,12
22,230,8.929761687971933,9.211183630232686
23,230,12,12
24,230,12,4.394713704984841
25,230,8.836321493007413,12
26,230,0.23694602191702885,4.796846526068594
27,230,4.047011505444695,12
28,230,11.518005071193858,5.55990415086404
29,230,0.9067628644512814,1.040217914885568
0,235,4.573629482887848,6.56508885357732
1,235,5.952463989860814,0
2,235,8.564413579416255,1.4526634606945499
3,235,10.483984842454879,0.5287800970182712
4,235,6.498542887103942,8.770943345062753
5,235,8.420028215975789,0
6,235,6.308966412868846,3.5294246170960406
7,235,10.175793479625462,3.9385110483224364
8,235,7.87333487538613,7.444152536134658
9,235,12,12
10,235,6.105634824028449,8.058924727962806
11,235,12,1.1680097570916086
12,235,3.0044538055061607,12
13,235,0,12
14,235,7.149720086122536,9.180490327655367
15,235,6.746956931916903,1.9403614909487346
16,235,11.253590680785654,7.637901199408813
17,235,1.539865646815458,6.652661417024963
18,235,5.5114393065454115,7.117477630543727
19,235,2.025815155733302,1.7645275578019552
20,235,9.133924991415022,12
21,235,9.117713067354671,12
22,235,8.925112449869003,9.166600350348656
23,235,12,12
24,235,12,4.5412841036739
25,235,8.80763871549979,12
26,235,0.25335382674699625,4.750370987146277
27,235,3.944704578093049,12
28,235,11.513685239959264,5.695745352698489
29,235,0.8911514436013405,1.073567911615294
0,240,4.669902977415518,6.539080971417795
1,240,5.9519983844643,0
2,240,8.653873082141535,1.4311307044800312
3,240,10.454084949301725,0.5139295373975478
4,240,6.766188146848666,8.597569333386573
5,240,8.471588555296636,0
6,240,6.1318021283396735,3.4385571530972525
7,240,10.145874932438451,3.866536191389016
8,240,7.87454680829279,7.443891640732563
9,240,12,12
10,240,6.010835230607047,8.034143264423392
11,240,12,1.04411341841867
12,240,2.9997321150178924,12
13,240,0,12
14,240,7.006294979635702,9.144347339317557
15,240,6.713980568686321,1.974354432554639
16,240,11.23675933768365,7.629594771545915
17,240,1.4426572298586724,6.691359011212088
18,240,5.3175956651560545,6.9905462228233395
19,240,1.9938153249746224,1.687617877432697
20,240,9.141015395872657,12
21,240,9.261071552400528,12
22,240,8.92015337121008,9.118612090579463
23,240,12,12
24,240,12,4.70318028935441
25,240,8.7832458221417,12
26,240,0.2750149871355307,4.690629774387942
27,240,3.8372864139269955,12
28,240,11.50830001485597,5.859535545740476
29,240,0.8673278532239553,1.126701074978048
0,245,4.777383958727732,6.512465246754814
1,245,5.951608089964816,0
2,245,8.730342309745847,1.4132206322002545
3,245,10.42408304954521,0.49948513545785744
4,245,7.04067232964902,8.423700675144143
5,245,8.522106985934668,0
6,245,5.971071333392748,3.351675426152553
7,245,10.112966442332704,3.786548439206574
8,245,7.877772108664645,7.443206685838461
9,245,11.977702424620885,12
10,245,5.937476538705829,8.013674489030242
11,245,12,0.8963843290942761
12,245,2.9921732927229914,12
13,245,0,12
14,245,6.864016755301252,9.110707830562696
15,245,6.682738356509449,2.0073293638963308
16,245,11.210765336175934,7.617585644024124
17,245,1.3354513381483233,6.735356034124966
18,245,5.135723497627304,6.873938127364815
19,245,1.9556986496772237,1.5984557981924754
20,245,9.148329759048789,12
21,245,9.4007237618314,12
22,245,8.916166671886577,9.08320746135434
23,245,12,12
24,245,12,4.868968507011939
25,245,8.755356171044635,12
26,245,0.2987307412181019,4.629423107729741
27,245,3.7367110304980105,12
28,245,11.502695145629293,6.025085313005858
29,245,0.8443680719177136,1.176376476661333
0,250,4.875283392627283,6.484155807322951
1,250,5.9518434603051515,0
2,250,8.833442763486588,1.3874565090241755
3,250,10.375612483255933,0.4756383597777017
4,250,7.318326595351442,8.241827021660962
5,250,8.568167017065889,0
6,250,5.821542298498162,3.269870560810287
7,250,10.087413316599234,3.7268310116389376
8,250,7.85790030212238,7.447106041886484
9,250,11.960165051306618,12
10,250,5.861637198312405,7.993451655606356
11,250,12,0.7710690090555417
12,250,2.9810598055112516,12
13,250,0,12
14,250,6.697686718611007,9.075064599763179
15,250,6.6660503565697375,2.0253865614211546
16,250,11.174858371836459,7.601895821280264
17,250,1.2386379168385162,6.776007250210991
18,250,4.94573756545479,6.7554095893162796
19,250,1.9245862082931402,1.5269277830549253
20,250,9.15532838083708,12
21,250,9.533023214759554,12
22,250,8.912265610862756,9.043155754951448
23,250,12,12
24,250,12,5.052322097205139
25,250,8.721005586537013,12
26,250,0.31448596565396947,4.586953542134136
27,250,3.6253150981479174,12
28,250,11.498317097364495,6.169498530465502
29,250,0.8184463857901024,1.2363261087369173
0,255,4.966110760678407,6.457175726790931
1,255,5.9520255112123825,0
2,255,8.931469778085145,1.3680228670836798
3,255,10.322318226471763,0.4501256863290461
4,255,7.607263253019595,8.056441746580797
5,255,8.61532557175693,0
6,255,5.686130729174271,3.1982909374883697
7,255,10.051796188961337,3.6389230906838637
8,255,7.8408356353569655,7.450374227954352
9,255,11.948259594381415,12
10,255,5.779316717318402,7.974772069570307
11,255,12,0.6368972809741618
12,255,2.9738780569057894,12
13,255,0,12
14,255,6.5463177960048435,9.038720285355001
15,255,6.662857561497488,2.0289593191655912
16,255,11.130738424973142,7.581864880633675
17,255,1.1672383912019142,6.805362837691336
18,255,4.767124967461468,6.642300299666198
19,255,1.8998608090760287,1.4667192594748286
20,255,9.161980814533864,12
21,255,9.638469023625424,12
22,255,8.90790656928307,8.990317983107984
23,255,12,12
24,255,12,5.2412007400242535
25,255,8.685987249846463,12
26,255,0.33329920442273675,4.535735707605825
27,255,3.536889264424221,12
28,255,11.498321089269101,6.294148204347195
29,255,0.7865936172008158,1.3076556863072457
0,260,5.053168174990434,6.431782190050659
1,260,5.952124422514431,0
2,260,9.042118852483265,1.3501543633454403
3,260,10.265198977742582,0.4220423590419678
4,260,7.918163662790137,7.870458629999854
5,260,8.660792672908732,0
6,260,5.56093824314304,3.1337794603188405
7,260,10.011620230260574,3.546236553436711
8,260,7.828788650529843,7.452652536318604
9,260,11.94450387531536,12
10,260,5.687361100689932,7.950400142875836
11,260,12,0.5223756303494436
12,260,2.969070608342929,12
13,260,0,12
14,260,6.38178768403726,9.000313953025401
15,260,6.680416261630759,2.008888098898839
16,260,11.102147210904054,7.569105321363583
17,260,1.105270977412764,6.832635705457344
18,260,4.606760543871128,6.545910106709351
19,260,1.8711484471752042,1.3987072341511224
20,260,9.169875243950075,12
21,260,9.779601672991557,12
22,260,8.90116978966177,8.92237216202439
23,260,12,12
24,260,12,5.428490417608231
25,260,8.644177100397144,12
26,260,0.3530505076124877,4.479357514390787
27,260,3.447572536156627,12
28,260,11.499223449078277,6.408978033585943
29,260,0.7579026010601151,1.3727731265779515
0,265,5.1490091738110815,6.401745769250304
1,265,5.952462744934867,0
2,265,9.139772513328914,1.3320125368382207
3,265,10.204009057936187,0.3926466711768188
4,265,8.212839842732814,7.6814481915966395
5,265,8.718436838180905,0
6,265,5.439978236202732,3.0729770576219195
7,265,9.97737792687077,3.4641867563827202
8,265,7.828345214326972,7.452720588231919
9,265,11.942568670058101,12
10,265,5.589247611517738,7.9230212178007
11,265,12,0.40211135616158067
12,265,2.965437838172285,12
13,265,0,12
14,265,6.2223287735036275,8.963961179350932
15,265,6.704015457217722,1.9816999324071132
16,265,11.05459199447727,7.548788217632457
17,265,1.0517446877226824,6.856381790593155
18,265,4.448241929366749,6.448533377251365
19,265,1.8299782083620304,1.3066263659479214
20,265,9.176986932228063,12
21,265,9.922016173841723,12
22,265,8.895625132531944,8.874131173535343
23,265,11.998570677321581,11.999815240167006
24,265,12,5.611818450055659
25,265,8.601520664491613,12
26,265,0.37026244784095735,4.425669775217805
27,265,3.3607813911417823,12
28,265,11.500143233180367,6.529038345033822
29,265,0.7306813566270615,1.4369789719010821
0,270,5.235375927603072,6.3717097257959
1,270,5.9521662269263045,0
2,270,9.251495351237264,1.311098660062151
3,270,10.142521738615992,0.3617161217431212
4,270,8.49239949386979,7.493030090236231
5,270,8.78080674048178,0
6,270,5.312450083638868,3.0071541977824454
7,270,9.946063642363304,3.3886610062184332
8,270,7.843803967568265,7.450485480839603
9,270,11.94049447773488,12
10,270,5.499334931835772,7.896630721312374
11,270,12,0.26240583867287903
12,270,2.9604130782082656,12
13,270,0,12
14,270,6.066678634744637,8.929384003459047
15,270,6.723149447312613,1.9593499054187078
16,270,11.010441743257784,7.529418045727132
17,270,0.9933061541045934,6.883144055168104
18,270,4.28000942414244,6.342171315071365
19,270,1.783761061456425,1.2009221677889261
20,270,9.183292707253377,12
21,270,10.099409760646738,12
22,270,8.89308250619006,8.85263779116067
23,270,11.991629386726592,11.998932228333604
24,270,12,5.7733903670298305
25,270,8.56265263899159,12
26,270,0.3875875476620537,4.37375814335781
27,270,3.2862311477118418,12
28,270,11.499939413479698,6.637489744752702
29,270,0.7060649210822915,1.495219974480678
0,275,5.318077547003457,6.343171320230038
1,275,5.951676639156329,0
2,275,9.357634683799143,1.2910221548464496
3,275,10.087084309208953,0.3355827160634208
4,275,8.683667056636029,7.774739089040811
5,275,8.846394035500094,0
6,275,5.182836658652961,2.9382609577475773
7,275,9.915055745346821,3.312333002021958
8,275,7.891261907321669,7.4444301210595505
9,275,11.94006593255953,12
10,275,5.409133766389339,7.869084486819605
11,275,12,0.11849175478549678
12,275,2.9548241815966922,12
13,275,0,12
14,275,5.9190004676564705,8.895207544053468
15,275,6.739821047042789,1.9394683225955545
16,275,10.95601969671542,7.5059219002566335
17,275,0.9243052655001591,6.915034654975726
18,275,4.099953701557997,6.217431715302351
19,275,1.7400893193893336,1.1049391168664116
20,275,9.191391486431328,12
21,275,10.280575092638612,12
22,275,8.88973575161499,8.824551917336908
23,275,11.980671146696135,11.99779665931187
24,275,12,5.936627458390154
25,275,8.519034511234475,12
26,275,0.3984336192768233,4.340972907267312
27,275,3.1975175741902206,12
28,275,11.498545454209827,6.746720491568709
29,275,0.6889785061542651,1.5317256558328711
0,280,5.410763433505547,6.3052298149312715
1,280,5.951795442302329,0
2,280,9.436192127150724,1.2761531610853714
3,280,10.021452004278622,0.30549882583846144
4,280,8.866536872589126,8.049347835024424
5,280,8.912410678126612,0
6,280,5.063946307024804,2.875324077248415
7,280,9.88592341879703,3.2390594760058846
8,280,7.925287157008086,7.439398546462865
9,280,11.939251855841261,12
10,280,5.33068568527366,7.843835121348861
11,280,12,0
12,280,2.9490692120821342,12
13,280,0,12
14,280,5.764397017240251,8.856120984736545
15,280,6.748706112062347,1.928491962104699
16,280,10.908105716119906,7.484948925650603
17,280,0.867746754269292,6.94280579669051
18,280,3.932892587111552,6.102919495768042
19,280,1.6999255149721317,1.0122459111322475
20,280,9.200632633038547,12
21,280,10.458464231301047,12
22,280,8.888020839544652,8.812561991216871
23,280,11.985866095372629,11.998426373970641
24,280,12,6.096440166637737
25,280,8.468360823079962,12
26,280,0.40772266171540406,4.3130209041293694
27,280,3.108246596090074,12
28,280,11.495009810255848,6.8368727582690285
29,280,0.6710020297169137,1.571356225555581
0,285,5.478821788245511,6.27918866724321
1,285,5.951749428805373,0
2,285,9.5071737461105,1.262898852166179
3,285,9.962171239631035,0.27961336574442897
4,285,9.052068828776882,8.31405147997661
5,285,8.983686839237098,0
6,285,4.928176568795616,2.80688161815651
7,285,9.854582482347146,3.159009717233586
8,285,7.970940039627734,7.431103697980456
9,285,11.943818741350341,11.985144401488368
10,285,5.241616097864732,7.816759761208304
11,285,12,0
12,285,2.9446907517804464,12
13,285,0,12
14,285,5.609302484073341,8.818641248837883
15,285,6.75344835053306,1.9223748529286317
16,285,10.84033244716046,7.455944433410916
17,285,0.8124085363406931,6.970410985948018
18,285,3.7527271443420993,5.9765707448029035
19,285,1.6671036171535463,0.9408740857994888
20,285,9.21014208604307,12
21,285,10.619998407756082,12
22,285,8.89358858542089,8.84494444653964
23,285,11.99092482963018,11.999071527145558
24,285,12,6.254241106992974
25,285,8.415664960875345,12
26,285,0.41614522208345794,4.287934592829716
27,285,3.0335671740804595,12
28,285,11.490966472892712,6.901407663683168
29,285,0.6573353380268321,1.5992795201147334
0,290,5.527774714525509,6.261271918047522
1,290,5.950347931579428,0
2,290,9.57935611699678,1.2494874116478976
3,290,9.918671717827237,0.26050607882181837
4,290,9.246141574230586,8.585385091313652
5,290,9.043988228641364,0
6,290,4.819717031371288,2.7537346664896853
7,290,9.81376205767014,3.060666791044035
8,290,8.020078493084304,7.421533276591723
9,290,11.942871822219963,11.98825382027233
10,290,5.176245387915262,7.795115803196583
11,290,12,0
12,290,2.9419292063587497,12
13,290,0,12
14,290,5.436389932848486,8.781534925124289
15,290,6.749108845745099,1.9280240383335143
16,290,10.779464587007523,7.430190394742161
17,290,0.7892180655707942,6.921990807991048
18,290,3.5819677635273237,5.85849838739889
19,290,1.633084600286116,0.860400393647659
20,290,9.219885333455727,12
21,290,10.787506164450802,12
22,290,8.900408878296082,8.89038348876397
23,290,11.970971009771274,11.996425855217767
24,290,12,6.403253066151945
25,290,8.365381317180434,12
26,290,0.42100750548771254,4.275147832282897
27,290,2.9632208752532203,12
28,290,11.48689552839542,6.976500060194337
29,290,0.6340454713773975,1.6435017918312242
0,295,5.606319601095608,6.231840042531843
1,295,5.9489379225683034,0
2,295,9.6548884601762,1.2339680114299292
3,295,9.872476308285194,0.23903442220031232
4,295,9.439057937901183,8.856927428474094
5,295,9.105610344260194,0
6,295,4.722965744687741,2.704428656344258
7,295,9.773713919660949,2.954999147915458
8,295,8.079055650715405,7.4113986959928635
9,295,11.934526180693194,12
10,295,5.113124426936643,7.775867538186974
11,295,12,0
12,295,2.9389577503714555,12
13,295,0,12
14,295,5.247541833799969,8.739370126331632
15,295,6.737536119137357,1.942127443431455
16,295,10.805374068456388,7.366770255928341
17,295,0.7653431673762912,6.870209287656053
18,295,3.417342244546766,5.740370048110517
19,295,1.6059058997275382,0.7960512578285777
20,295,9.230819216707028,12
21,295,10.938759346879527,12
22,295,8.909100399208464,8.948805774650543
23,295,11.941159403228232,11.992426471573697
24,295,12,6.56886406829118
25,295,8.32359978503462,12
26,295,0.4298923839158357,4.251051269406746
27,295,2.8993625474856843,12
28,295,11.479538035508062,7.083485011370058
29,295,0.6068832851957018,1.6950814927040279
